100644 blob bb38ba9896ff91532ba9965ef3c1ce4526f7afb4    1347	batch4-backend/affected.log
100644 blob 7999c4133e4a1c9514b6416b7aa2f65932877f62     162	batch4-backend/affected.result
100644 blob 552c4a0a47904d9cc97f94e80fbd375188dfbb4c   24698	batch4-backend/dependency-restore.log
100644 blob 09e80503af8815361216ba69ea846593bb402513     110	batch4-backend/dependency-restore.result
100644 blob e69de29bb2d1d6434b8b29ae775ad8c2e48c5391       0	batch4-backend/full-backend.log
100644 blob 1956f08f3a7b33b2a62a3dc5ddeca11047e64d1e      67	batch4-backend/full-backend.result
100644 blob e69de29bb2d1d6434b8b29ae775ad8c2e48c5391       0	batch4-backend/postgres-affected.log
100644 blob edae70d7d13f1bcf8612ad80ba3297ab57eb1858     323	batch4-backend/postgres-affected.result
100644 blob 8f387e261264a9ac5c921bf7bc2b91531e3edb27    2531	batch4-backend/postgres-start.log
100644 blob 28363520a9e3e21675be92aeda99169735147c71     178	batch4-backend/postgres-start.result
100644 blob b49d77ba44b24fe6d69f6bbe75139b3b5dc23075    9033	batch4-backend/venv/bin/Activate.ps1
100644 blob bca0360fafefef6b8a60e7d57ac37f3b7d81e125    2142	batch4-backend/venv/bin/activate
100644 blob 29baf17be5863b953a8b74e6f8cbd86cc772b841     973	batch4-backend/venv/bin/activate.csh
100644 blob ae64582e56f3a3e7fc2a85af804481f179f8780b    2248	batch4-backend/venv/bin/activate.fish
100755 blob 3e8572c26684bfb38a8e572d32f11c887e1af934     285	batch4-backend/venv/bin/alembic
100755 blob 3b82a3f8bde440e20de368bf846d11cd09344858     287	batch4-backend/venv/bin/cffi-gen-src
100755 blob 24e664e719fe9f6716c90ffa87d56cc74c9d1b09     288	batch4-backend/venv/bin/doesitcache
100755 blob 3ecfbeec49073703e1a697acbb3a7f5c592b3bd5     284	batch4-backend/venv/bin/dotenv
100755 blob f791c17709f865bbb85ff4616a6375e768929435     282	batch4-backend/venv/bin/fastapi
100755 blob 35f0167a54539a12ea8363b3ad6528910873d093     276	batch4-backend/venv/bin/httpx
100755 blob 28505d82767785556361066b01c216bc0f37ca69     279	batch4-backend/venv/bin/idna
100755 blob ebaf9dc3904675ce183fb0160e3698bdb6ab6106     285	batch4-backend/venv/bin/mako-render
100755 blob 49c1210d5c7e5b9d8a73d8b663e52a872695cea3     305	batch4-backend/venv/bin/normalizer
100755 blob 58a44a0ece9673597f30e432a4a310d9f4eccc39     293	batch4-backend/venv/bin/pip
100755 blob 58a44a0ece9673597f30e432a4a310d9f4eccc39     293	batch4-backend/venv/bin/pip3
100755 blob 58a44a0ece9673597f30e432a4a310d9f4eccc39     293	batch4-backend/venv/bin/pip3.12
100755 blob 13d315f4a69b526db0d7220c5b6406c3165ff7fb     293	batch4-backend/venv/bin/py.test
100755 blob 7991def63d6f70284c38e494d7f2c4945db6d1d4     287	batch4-backend/venv/bin/pygmentize
100755 blob 13d315f4a69b526db0d7220c5b6406c3165ff7fb     293	batch4-backend/venv/bin/pytest
120000 blob acd4152a9d7098c3a6a40e29685aaf850c9f8eb7      15	batch4-backend/venv/bin/python
120000 blob d8654aa0e2f2f3c1760e0fcbcbb52c1c5941fba7       6	batch4-backend/venv/bin/python3
120000 blob d8654aa0e2f2f3c1760e0fcbcbb52c1c5941fba7       6	batch4-backend/venv/bin/python3.12
100755 blob edf58a63d02fa74b84a338863988973c1bac729e 23998752	batch4-backend/venv/bin/ruff
100755 blob da3a0962892e7863a112fe550a928e815866d8ba     283	batch4-backend/venv/bin/uvicorn
100755 blob ef7c801c3b0508286c27acf8d7486412a5b1bf4c     283	batch4-backend/venv/bin/watchfiles
100755 blob 8dcb680bfe434803071fa7d67e7f5c962949c7a8     285	batch4-backend/venv/bin/websockets
100644 blob d02a16e43426fb1c1bb286f1cda463cb9b1185ad    4755	batch4-backend/venv/include/site/python3.12/greenlet/greenlet.h
100755 blob c10f359530772fd84ff48dd87c2b99bb30319269  348856	batch4-backend/venv/lib/python3.12/site-packages/_cffi_backend.cpython-312-x86_64-linux-gnu.so
100644 blob 8eb8ec9605c73aeba33b5a2031d59a84d6841225     391	batch4-backend/venv/lib/python3.12/site-packages/_pytest/__init__.py
100644 blob 59426ef949ed9276b5708f9f44e6893f2333f2e1    3776	batch4-backend/venv/lib/python3.12/site-packages/_pytest/_argcomplete.py
100644 blob 7f67a2e3e0a6f34e04444d9410f517d59d21c422     521	batch4-backend/venv/lib/python3.12/site-packages/_pytest/_code/__init__.py
100644 blob f1241f14136f7b1c5bfceaf9e6972fa3e239ef44   55913	batch4-backend/venv/lib/python3.12/site-packages/_pytest/_code/code.py
100644 blob a8f7201a40f755a3181d2686b6089d7cee79e26c    7773	batch4-backend/venv/lib/python3.12/site-packages/_pytest/_code/source.py
100644 blob b0155b18b605326ba0a3104deaefde938b7d651a     190	batch4-backend/venv/lib/python3.12/site-packages/_pytest/_io/__init__.py
100644 blob 28f069092061928a1c06aaba94b6e8ba4f03075f   19622	batch4-backend/venv/lib/python3.12/site-packages/_pytest/_io/pprint.py
100644 blob cee70e332f9802a5963bfed8149ac997e5b30de2    4082	batch4-backend/venv/lib/python3.12/site-packages/_pytest/_io/saferepr.py
100644 blob fd808f8b3b728ad7f89afd05b045a36ea31dc8cb    8849	batch4-backend/venv/lib/python3.12/site-packages/_pytest/_io/terminalwriter.py
100644 blob 23886ff1581a16aa97e5c375e62261622e24c169    1289	batch4-backend/venv/lib/python3.12/site-packages/_pytest/_io/wcwidth.py
100644 blob e69de29bb2d1d6434b8b29ae775ad8c2e48c5391       0	batch4-backend/venv/lib/python3.12/site-packages/_pytest/_py/__init__.py
100644 blob dace23764ffb4da9744cf23b668c9e7011674c67    3475	batch4-backend/venv/lib/python3.12/site-packages/_pytest/_py/error.py
100644 blob e353c1a9b5217c9a54f3e661f40845107f18ef74   49220	batch4-backend/venv/lib/python3.12/site-packages/_pytest/_py/path.py
100644 blob 1eaa448c79dae775e7486742bdf373c3b3d1f51a     704	batch4-backend/venv/lib/python3.12/site-packages/_pytest/_version.py
100644 blob 22f3ca8e258cc48effeb34154821f8b1e5cf151b    7120	batch4-backend/venv/lib/python3.12/site-packages/_pytest/assertion/__init__.py
100644 blob c4782c7c5a8a5c9c18bb5225263e819a02657db4   48636	batch4-backend/venv/lib/python3.12/site-packages/_pytest/assertion/rewrite.py
100644 blob 4854a62ba6b73c76dc1fa16300f6c85d920b4938    5437	batch4-backend/venv/lib/python3.12/site-packages/_pytest/assertion/truncate.py
100644 blob c545e6cd20c6e2c47c0b183b5e1dbe44c286a6f2   20713	batch4-backend/venv/lib/python3.12/site-packages/_pytest/assertion/util.py
100644 blob dea60109b51930ea9c255af8ee64b5997080bb76   22375	batch4-backend/venv/lib/python3.12/site-packages/_pytest/cacheprovider.py
100644 blob 6d98676be5f20166929164e39fd0eeb17a24db20   36829	batch4-backend/venv/lib/python3.12/site-packages/_pytest/capture.py
100644 blob bef8c317bb94722a1571efe168aa3ed176cee49e   10662	batch4-backend/venv/lib/python3.12/site-packages/_pytest/compat.py
100644 blob 468018fadc0ad45523905041b627fb066afb4a06   72712	batch4-backend/venv/lib/python3.12/site-packages/_pytest/config/__init__.py
100644 blob 8d4ed8233255c23879d73717a057055d07493893   19102	batch4-backend/venv/lib/python3.12/site-packages/_pytest/config/argparsing.py
100644 blob 21eab4c7e47aa2af1690887716055943c0f99fdc    2947	batch4-backend/venv/lib/python3.12/site-packages/_pytest/config/compat.py
100644 blob 90108eca9047baa1b7122ff00d77be942940a6a6     288	batch4-backend/venv/lib/python3.12/site-packages/_pytest/config/exceptions.py
100644 blob 15bfbb0613e82c9b62df65f19e56256b563e88c8    8404	batch4-backend/venv/lib/python3.12/site-packages/_pytest/config/findpaths.py
100644 blob de1b2688f765a2982dbe10d86bffd9762f2f6512   13947	batch4-backend/venv/lib/python3.12/site-packages/_pytest/debugging.py
100644 blob a605c24e58f44175a53b0ac7aec349d57d665ead    3147	batch4-backend/venv/lib/python3.12/site-packages/_pytest/deprecated.py
100644 blob 0dbef6056d7e5bbe2c843ec55f6082a69c4b2873   26259	batch4-backend/venv/lib/python3.12/site-packages/_pytest/doctest.py
100644 blob 79efc1d1704e556603c19869d3728ffbca48c0a3    3683	batch4-backend/venv/lib/python3.12/site-packages/_pytest/faulthandler.py
100644 blob 421237e35a0bd5b4b9184b13e388e74216f6b96c   77746	batch4-backend/venv/lib/python3.12/site-packages/_pytest/fixtures.py
100644 blob 959ff071d86be285aecf76a1c49c1e5de27c5cd2    1300	batch4-backend/venv/lib/python3.12/site-packages/_pytest/freeze_support.py
100644 blob b5ac0e6a50ca3dd72743366c6e694f7eada20918    9386	batch4-backend/venv/lib/python3.12/site-packages/_pytest/helpconfig.py
100644 blob 12653ea11fed64a9d83a8e0a71bd1d2435a8788d   42849	batch4-backend/venv/lib/python3.12/site-packages/_pytest/hookspec.py
100644 blob dc35e3aac15768cf9b7aa48a272d50c054bf561c   25441	batch4-backend/venv/lib/python3.12/site-packages/_pytest/junitxml.py
100644 blob 59e8ef6e7427ed2f548c1da72c9acceb82ef31fa   16588	batch4-backend/venv/lib/python3.12/site-packages/_pytest/legacypath.py
100644 blob e4fed579d2161da981e1ad2f502577a7a1fe596e   35234	batch4-backend/venv/lib/python3.12/site-packages/_pytest/logging.py
100644 blob dac084b553a5c5cff8e5a88d0451965710c4c541   37689	batch4-backend/venv/lib/python3.12/site-packages/_pytest/main.py
100644 blob 068c7410a46548e3a62761a4ac9fe70898215ceb    9885	batch4-backend/venv/lib/python3.12/site-packages/_pytest/mark/__init__.py
100644 blob 743a46bcc1713e7bb01ca5ed7776c5bcbf61b451   10154	batch4-backend/venv/lib/python3.12/site-packages/_pytest/mark/expression.py
100644 blob f9261076ad03f80fdfbf50bc23f9194db7dfa23d   22972	batch4-backend/venv/lib/python3.12/site-packages/_pytest/mark/structures.py
100644 blob 1285e5715514fae7a89f0067664c56ac5ea606bc   14625	batch4-backend/venv/lib/python3.12/site-packages/_pytest/monkeypatch.py
100644 blob 6690f6ab1f814671d3342e5f14d85fbc39d7b083   26540	batch4-backend/venv/lib/python3.12/site-packages/_pytest/nodes.py
100644 blob 68ba05433658373bfbf544505296970d51a7189a   10502	batch4-backend/venv/lib/python3.12/site-packages/_pytest/outcomes.py
100644 blob c7b39d96f029c31d00a6a85125a77f4314fc97a5    4155	batch4-backend/venv/lib/python3.12/site-packages/_pytest/pastebin.py
100644 blob b69e85404e7edd7e01a4557f317d943b6f9737ea   37622	batch4-backend/venv/lib/python3.12/site-packages/_pytest/pathlib.py
100644 blob e69de29bb2d1d6434b8b29ae775ad8c2e48c5391       0	batch4-backend/venv/lib/python3.12/site-packages/_pytest/py.typed
100644 blob 59d2b0befe98389849f7d89314a52fc0e2bda67d   61960	batch4-backend/venv/lib/python3.12/site-packages/_pytest/pytester.py
100644 blob 915cc8a10ff4781da48a44d88bf591788b8ab673    2253	batch4-backend/venv/lib/python3.12/site-packages/_pytest/pytester_assertions.py
100644 blob 8e4fb0415320ff20fe63bc710934e92f075b90a2   66627	batch4-backend/venv/lib/python3.12/site-packages/_pytest/python.py
100644 blob 74346c349769fe0cbf725f881240b7170d2f9b9a   31323	batch4-backend/venv/lib/python3.12/site-packages/_pytest/python_api.py
100644 blob 78fae6ddcde74e3187a95a958eb397857f21e64a   60196	batch4-backend/venv/lib/python3.12/site-packages/_pytest/raises.py
100644 blob 440e3efac8acea4cc42f6e9dfb43aa0df2b422c6   13245	batch4-backend/venv/lib/python3.12/site-packages/_pytest/recwarn.py
100644 blob 480ffae1f9cfd68559294ee982cb62d5fa281245   21406	batch4-backend/venv/lib/python3.12/site-packages/_pytest/reports.py
100644 blob 26e4e838b77c38df214a0c1485e6659c2d12d5bb   19543	batch4-backend/venv/lib/python3.12/site-packages/_pytest/runner.py
100644 blob 2b007e878936a2c7c8b40d7470ea6ac457c5251b    2738	batch4-backend/venv/lib/python3.12/site-packages/_pytest/scope.py
100644 blob 7e6b46bcdb4ab6e646653df9f847b11b5f50e943    3167	batch4-backend/venv/lib/python3.12/site-packages/_pytest/setuponly.py
100644 blob 4e124cce2434e02d928c8ceb8cc8eaf63e271404    1184	batch4-backend/venv/lib/python3.12/site-packages/_pytest/setupplan.py
100644 blob ec118f2c92fae8431d5313bdbc35cb9e1b11a05c   10623	batch4-backend/venv/lib/python3.12/site-packages/_pytest/skipping.py
100644 blob 6a9ff884e04880129db61e4b521be72e18c31919    3090	batch4-backend/venv/lib/python3.12/site-packages/_pytest/stash.py
100644 blob 8901540eb59760822b1346861f8f8098fabe83a4    7689	batch4-backend/venv/lib/python3.12/site-packages/_pytest/stepwise.py
100644 blob a95f79ba6b66bda5197069af3754fddea6b6bf4b   60419	batch4-backend/venv/lib/python3.12/site-packages/_pytest/terminal.py
100644 blob eb57783be261ebf30f1c03a04cab471f5ec6f063    4953	batch4-backend/venv/lib/python3.12/site-packages/_pytest/threadexception.py
100644 blob 221eeffc4fd00fe8b386de51ddf8e549d22d88cc    3065	batch4-backend/venv/lib/python3.12/site-packages/_pytest/timing.py
100644 blob dcd5784f88f631e4e4d413a36c0ec389bff0c440   11263	batch4-backend/venv/lib/python3.12/site-packages/_pytest/tmpdir.py
100644 blob 5d0b19855c734ed8885c1ceb7bec20b34ac66b52     778	batch4-backend/venv/lib/python3.12/site-packages/_pytest/tracemalloc.py
100644 blob ef6ef64a0623ababf21a375c3efbe0204f13733a   19249	batch4-backend/venv/lib/python3.12/site-packages/_pytest/unittest.py
100644 blob 0faca36aa00e5fe793fb4ff4d1c630eeff540770    5179	batch4-backend/venv/lib/python3.12/site-packages/_pytest/unraisableexception.py
100644 blob 5e78debb682b1324fac6ac8b8304e6dfc8b9f743    4239	batch4-backend/venv/lib/python3.12/site-packages/_pytest/warning_types.py
100644 blob 806681a5020177c7dc47d735f65e2145472f6b07    5237	batch4-backend/venv/lib/python3.12/site-packages/_pytest/warnings.py
100644 blob 7baa8c4b68127d5cdf0be9a799429e61347c2694    1402	batch4-backend/venv/lib/python3.12/site-packages/_yaml/__init__.py
100644 blob a1b589e38a32041e49332e5e81c2d363dc418d68       4	batch4-backend/venv/lib/python3.12/site-packages/aiosqlite-0.22.1.dist-info/INSTALLER
100644 blob d5356baa3b6fe8d7ef59cec7546184fdbb4f7a7f    4311	batch4-backend/venv/lib/python3.12/site-packages/aiosqlite-0.22.1.dist-info/METADATA
100644 blob bc3589d9ad75d4e331dffd413ad507c7b0573cce    1896	batch4-backend/venv/lib/python3.12/site-packages/aiosqlite-0.22.1.dist-info/RECORD
100644 blob e69de29bb2d1d6434b8b29ae775ad8c2e48c5391       0	batch4-backend/venv/lib/python3.12/site-packages/aiosqlite-0.22.1.dist-info/REQUESTED
100644 blob d8b9936dad9ab2513fa6979f411560d3b6b57e37      82	batch4-backend/venv/lib/python3.12/site-packages/aiosqlite-0.22.1.dist-info/WHEEL
100644 blob bbb5ba0168e9e88b4f85237f52b09c9d63e19107    1071	batch4-backend/venv/lib/python3.12/site-packages/aiosqlite-0.22.1.dist-info/licenses/LICENSE
100644 blob 6e4ccb290b6842f06bcdaf0efd20d03d25ac21f8     888	batch4-backend/venv/lib/python3.12/site-packages/aiosqlite/__init__.py
100644 blob 4adc274c6fb979986085191187b4491b744b4d9b     157	batch4-backend/venv/lib/python3.12/site-packages/aiosqlite/__version__.py
100644 blob 5afbaef534099b7d1dad8d79e4edd79e89e1b080    1448	batch4-backend/venv/lib/python3.12/site-packages/aiosqlite/context.py
100644 blob fc2b79bbc52460af305251d2985f50e9bcadf180   15095	batch4-backend/venv/lib/python3.12/site-packages/aiosqlite/core.py
100644 blob 69328745d08b60d92950612b89d3864c3d52afa9    3476	batch4-backend/venv/lib/python3.12/site-packages/aiosqlite/cursor.py
100644 blob e69de29bb2d1d6434b8b29ae775ad8c2e48c5391       0	batch4-backend/venv/lib/python3.12/site-packages/aiosqlite/py.typed
100644 blob 8fc25e7684ad73d6b2e97c8af4d0ba3ffb51839f      90	batch4-backend/venv/lib/python3.12/site-packages/aiosqlite/tests/__init__.py
100644 blob 6c37ff11e0f550a7241d23bfa9649efca814d25c     162	batch4-backend/venv/lib/python3.12/site-packages/aiosqlite/tests/__main__.py
100644 blob 06f32dc118cfc5cdec2ad9a10c4e7cf78614215e     722	batch4-backend/venv/lib/python3.12/site-packages/aiosqlite/tests/helpers.py
100644 blob 5cd13dba42d9ecb21deb602c01bbfeffbe83c07f    7249	batch4-backend/venv/lib/python3.12/site-packages/aiosqlite/tests/perf.py
100644 blob 046f9b7803d6db3485599725ea79f985ecac37c4   19851	batch4-backend/venv/lib/python3.12/site-packages/aiosqlite/tests/smoke.py
100644 blob a1b589e38a32041e49332e5e81c2d363dc418d68       4	batch4-backend/venv/lib/python3.12/site-packages/alembic-1.20.0.dist-info/INSTALLER
100644 blob 34680a7ce8d04234c79c384a37341db8dcff24d3    7316	batch4-backend/venv/lib/python3.12/site-packages/alembic-1.20.0.dist-info/METADATA
100644 blob 9d67d1fbbce0295829c6544b66591c5fe228edc0   13808	batch4-backend/venv/lib/python3.12/site-packages/alembic-1.20.0.dist-info/RECORD
100644 blob e69de29bb2d1d6434b8b29ae775ad8c2e48c5391       0	batch4-backend/venv/lib/python3.12/site-packages/alembic-1.20.0.dist-info/REQUESTED
100644 blob 13013d7b49be5a84c3ee5931b06285b9553cf5d0      91	batch4-backend/venv/lib/python3.12/site-packages/alembic-1.20.0.dist-info/WHEEL
100644 blob 5945268170930d99b886c9a90beeaa0e025aae3b      48	batch4-backend/venv/lib/python3.12/site-packages/alembic-1.20.0.dist-info/entry_points.txt
100644 blob b03e235f9a94f5893b5d33eb8756eee57a26853f    1059	batch4-backend/venv/lib/python3.12/site-packages/alembic-1.20.0.dist-info/licenses/LICENSE
100644 blob b5bd98d32e203d1fc0a298ee24c7b3d3a20e1ad6       8	batch4-backend/venv/lib/python3.12/site-packages/alembic-1.20.0.dist-info/top_level.txt
100644 blob 7e98c11b731006ff70c40b62e0d700f3d7e2a7e8      92	batch4-backend/venv/lib/python3.12/site-packages/alembic/__init__.py
100644 blob af1b8e8702f4986b4e17ca129dab18f338803da4      78	batch4-backend/venv/lib/python3.12/site-packages/alembic/__main__.py
100644 blob 445ddb25125aa63994052dd4ecea1362dc91656d     543	batch4-backend/venv/lib/python3.12/site-packages/alembic/autogenerate/__init__.py
100644 blob 40b940a764ba8cfac497065c64cd584fe6a0ca16   22614	batch4-backend/venv/lib/python3.12/site-packages/alembic/autogenerate/api.py
100644 blob 8e889b9fdb31fa840350a627d472f14619b91538    2217	batch4-backend/venv/lib/python3.12/site-packages/alembic/autogenerate/compare/__init__.py
100644 blob 8db56606ddf7c4c7b0c47e061f6d94e4ad506209    3157	batch4-backend/venv/lib/python3.12/site-packages/alembic/autogenerate/compare/comments.py
100644 blob eeb032a163bd95f78c3865555ad09be95f5d031e   27993	batch4-backend/venv/lib/python3.12/site-packages/alembic/autogenerate/compare/constraints.py
100644 blob aef15abdd04e1da44f5e8504fb9358404c8981cb    1641	batch4-backend/venv/lib/python3.12/site-packages/alembic/autogenerate/compare/schema.py
100644 blob f5d6d0d97d33bd0dbaf331df0795451a6ef72a54   10678	batch4-backend/venv/lib/python3.12/site-packages/alembic/autogenerate/compare/server_defaults.py
100644 blob 88d96cc708b4c054db9918b0be6b3333577fc85b   10504	batch4-backend/venv/lib/python3.12/site-packages/alembic/autogenerate/compare/tables.py
100644 blob 73826c56868cae477f586cc21e99fdd9042c1048    3910	batch4-backend/venv/lib/python3.12/site-packages/alembic/autogenerate/compare/types.py
100644 blob fef4c9c3655d6307f084867c3ed00f9bea24fd2f    7196	batch4-backend/venv/lib/python3.12/site-packages/alembic/autogenerate/compare/util.py
100644 blob 84e21bfa7f9d3fcc1dd943df618c0cfc6aebf046   38880	batch4-backend/venv/lib/python3.12/site-packages/alembic/autogenerate/render.py
100644 blob e69db6320b164c3e79fb1aea135443c3089330d7    7676	batch4-backend/venv/lib/python3.12/site-packages/alembic/autogenerate/rewriter.py
100644 blob a73f1a630aeef0ae4d37dd6cdb8dff49db4870df   25359	batch4-backend/venv/lib/python3.12/site-packages/alembic/command.py
100644 blob 9f32f5a229f29acb80062198f857a07d7a7a2cfa   34788	batch4-backend/venv/lib/python3.12/site-packages/alembic/config.py
100644 blob 758fca8756c8bac18ea91888b6de484a11618018     195	batch4-backend/venv/lib/python3.12/site-packages/alembic/context.py
100644 blob 0374b2a4bf632a53e377e6657a6bc702e13b9293   32585	batch4-backend/venv/lib/python3.12/site-packages/alembic/context.pyi
100644 blob f2f72b3dd8d3748b36cb7acfcda7abf8468b6926     152	batch4-backend/venv/lib/python3.12/site-packages/alembic/ddl/__init__.py
100644 blob 9b9a020793ea3cb77c2a30aa3e72c07970d98804   10176	batch4-backend/venv/lib/python3.12/site-packages/alembic/ddl/_autogen.py
100644 blob 723083e2832f53662a390641db65e733efa8350f   12111	batch4-backend/venv/lib/python3.12/site-packages/alembic/ddl/base.py
100644 blob be5dbb5aff338b3321807af88062fb3772a443b2   31352	batch4-backend/venv/lib/python3.12/site-packages/alembic/ddl/impl.py
100644 blob a396b40a5cd4fc16cd6ba787f779e052fc0957e7   17121	batch4-backend/venv/lib/python3.12/site-packages/alembic/ddl/mssql.py
100644 blob 19ef3e828f5fca56539b726289e0a2949fa3d1f3   21188	batch4-backend/venv/lib/python3.12/site-packages/alembic/ddl/mysql.py
100644 blob c93fa4b5d3799a9938d679c6862f101e2ada0d01    6212	batch4-backend/venv/lib/python3.12/site-packages/alembic/ddl/oracle.py
100644 blob 46b17fa21d152b7ab2ad48ab78128de60f7da938   29982	batch4-backend/venv/lib/python3.12/site-packages/alembic/ddl/postgresql.py
100644 blob c1bf062ed666396520b4614be61b8079ca64cc12    7925	batch4-backend/venv/lib/python3.12/site-packages/alembic/ddl/sqlite.py
100644 blob adfc93eb0c2fdf4e8104faab95bdb4bdd210fbaa      43	batch4-backend/venv/lib/python3.12/site-packages/alembic/environment.py
100644 blob b3a1e8c08977ee51af70ba3c5a87a9851c974c19     318	batch4-backend/venv/lib/python3.12/site-packages/alembic/ext/__init__.py
100644 blob af028305cf165d2c4134525ac0a1665fd236807c    6465	batch4-backend/venv/lib/python3.12/site-packages/alembic/ext/checkconstraint_byname.py
100644 blob 02626e2cf6d4cbe7f57dc95fce2399ea93df0dbc      41	batch4-backend/venv/lib/python3.12/site-packages/alembic/migration.py
100644 blob f3f5fac0cf5c1e56d44f42051b6d829f7026c86d     167	batch4-backend/venv/lib/python3.12/site-packages/alembic/op.py
100644 blob c4ef92f27a43850681d8fea41831c0468779b18b   52937	batch4-backend/venv/lib/python3.12/site-packages/alembic/op.pyi
100644 blob fabe0e20fb3e7dc492b896b48eefeb0b1f89c167     317	batch4-backend/venv/lib/python3.12/site-packages/alembic/operations/__init__.py
100644 blob 41e186c602af70840b4de4b00c0f7ea60223d399   77791	batch4-backend/venv/lib/python3.12/site-packages/alembic/operations/base.py
100644 blob b54c54a7cf571674fc9e601d96fc001782001fc7   29518	batch4-backend/venv/lib/python3.12/site-packages/alembic/operations/batch.py
100644 blob 0b5511c6c583bd032131fbf8e5db25b2b8c82fab   98319	batch4-backend/venv/lib/python3.12/site-packages/alembic/operations/ops.py
100644 blob e24a4b4842fa50a78a0968e5e69d17edbc4ca5a5    8975	batch4-backend/venv/lib/python3.12/site-packages/alembic/operations/schemaobj.py
100644 blob c4eef3d77fe33ac6bc59ba7fa3d06f19ce93ab72    8340	batch4-backend/venv/lib/python3.12/site-packages/alembic/operations/toimpl.py
100644 blob e69de29bb2d1d6434b8b29ae775ad8c2e48c5391       0	batch4-backend/venv/lib/python3.12/site-packages/alembic/py.typed
100644 blob e69de29bb2d1d6434b8b29ae775ad8c2e48c5391       0	batch4-backend/venv/lib/python3.12/site-packages/alembic/runtime/__init__.py
100644 blob 39df47a963a27580a9f74911197a0f2922c3a341   42511	batch4-backend/venv/lib/python3.12/site-packages/alembic/runtime/environment.py
100644 blob 305a4441eba4f503cf9500643a86e5f76f4b1287   48090	batch4-backend/venv/lib/python3.12/site-packages/alembic/runtime/migration.py
100644 blob d536c850ed272813be940b3cc5b1e6017a182506    6648	batch4-backend/venv/lib/python3.12/site-packages/alembic/runtime/plugins.py
100644 blob d78f3f1dc54c13a52b64e8d668c2baf708eb20bc     100	batch4-backend/venv/lib/python3.12/site-packages/alembic/script/__init__.py
100644 blob cc136d8bc467b0bd1ad33a249812eec6e025acbe   36992	batch4-backend/venv/lib/python3.12/site-packages/alembic/script/base.py
100644 blob 649cf508dfbad0592b8f5308cc3040ea3ee5a4b5   61943	batch4-backend/venv/lib/python3.12/site-packages/alembic/script/revision.py
100644 blob 3dd49d9108bd9b7b11737fdc2a307be08456d008    5369	batch4-backend/venv/lib/python3.12/site-packages/alembic/script/write_hooks.py
100644 blob e0d0858f266ec27b243e8b92301fc7002e1f2745      58	batch4-backend/venv/lib/python3.12/site-packages/alembic/templates/async/README
100644 blob 02ccb0f6de8d6654b151721a0fe4f9441d194318    5010	batch4-backend/venv/lib/python3.12/site-packages/alembic/templates/async/alembic.ini.mako
100644 blob 9f2d51940080a1a7c954a8916dab86f00d5a4aa5    2389	batch4-backend/venv/lib/python3.12/site-packages/alembic/templates/async/env.py
100644 blob 11016301e749297acb67822efc7974ee53c905c6     704	batch4-backend/venv/lib/python3.12/site-packages/alembic/templates/async/script.py.mako
100644 blob 98e4f9c44effe479ed38c66ba922e7bcc672916f      38	batch4-backend/venv/lib/python3.12/site-packages/alembic/templates/generic/README
100644 blob 0127b2af8da1d11127062dc22de75206211c081f    5010	batch4-backend/venv/lib/python3.12/site-packages/alembic/templates/generic/alembic.ini.mako
100644 blob 36112a3c68590d6a8e07fea0ce70a5afb38c951a    2103	batch4-backend/venv/lib/python3.12/site-packages/alembic/templates/generic/env.py
100644 blob 11016301e749297acb67822efc7974ee53c905c6     704	batch4-backend/venv/lib/python3.12/site-packages/alembic/templates/generic/script.py.mako
100644 blob f046ec91427e2f4edd53dcb5409b21955c8fd0af     606	batch4-backend/venv/lib/python3.12/site-packages/alembic/templates/multidb/README
100644 blob 76846465bead038ac27e7460c8dd9079f4850a1f    5336	batch4-backend/venv/lib/python3.12/site-packages/alembic/templates/multidb/alembic.ini.mako
100644 blob e937b64eeed2fd980c214ab87505d75041b581ad    4230	batch4-backend/venv/lib/python3.12/site-packages/alembic/templates/multidb/env.py
100644 blob 8e667d84c8a46494a83c38d950e57e96abffd7b7    1235	batch4-backend/venv/lib/python3.12/site-packages/alembic/templates/multidb/script.py.mako
100644 blob fdacc05f68ff5abb9bd31a924ccaa48ba8d23de9      60	batch4-backend/venv/lib/python3.12/site-packages/alembic/templates/pyproject/README
100644 blob 3d10f0e46cb36643685750db6dd5084fcbb33c32     782	batch4-backend/venv/lib/python3.12/site-packages/alembic/templates/pyproject/alembic.ini.mako
100644 blob 36112a3c68590d6a8e07fea0ce70a5afb38c951a    2103	batch4-backend/venv/lib/python3.12/site-packages/alembic/templates/pyproject/env.py
100644 blob 7edd43b0c9aad1e751220c1bd2beacd31873d5d6    3000	batch4-backend/venv/lib/python3.12/site-packages/alembic/templates/pyproject/pyproject.toml.mako
100644 blob 11016301e749297acb67822efc7974ee53c905c6     704	batch4-backend/venv/lib/python3.12/site-packages/alembic/templates/pyproject/script.py.mako
100644 blob dfd718d3b9ba72cdc7b5f14fc5802e2bd4fa0dfa      45	batch4-backend/venv/lib/python3.12/site-packages/alembic/templates/pyproject_async/README
100644 blob 3d10f0e46cb36643685750db6dd5084fcbb33c32     782	batch4-backend/venv/lib/python3.12/site-packages/alembic/templates/pyproject_async/alembic.ini.mako
100644 blob 9f2d51940080a1a7c954a8916dab86f00d5a4aa5    2389	batch4-backend/venv/lib/python3.12/site-packages/alembic/templates/pyproject_async/env.py
100644 blob 7edd43b0c9aad1e751220c1bd2beacd31873d5d6    3000	batch4-backend/venv/lib/python3.12/site-packages/alembic/templates/pyproject_async/pyproject.toml.mako
100644 blob 11016301e749297acb67822efc7974ee53c905c6     704	batch4-backend/venv/lib/python3.12/site-packages/alembic/templates/pyproject_async/script.py.mako
100644 blob 3ab58e30f6c922717d127dbf9b6827e415a74fd9    1178	batch4-backend/venv/lib/python3.12/site-packages/alembic/testing/__init__.py
100644 blob 76b65e0eb0b662574af8ec235a9ebed0df583e60    5193	batch4-backend/venv/lib/python3.12/site-packages/alembic/testing/assertions.py
100644 blob a76d92520017c98963ccda37c923e0a192c47610   11591	batch4-backend/venv/lib/python3.12/site-packages/alembic/testing/env.py
100644 blob 931e4e2620e571170ab3534c8fb7e81fa6a42870   11677	batch4-backend/venv/lib/python3.12/site-packages/alembic/testing/fixtures.py
100644 blob e69de29bb2d1d6434b8b29ae775ad8c2e48c5391       0	batch4-backend/venv/lib/python3.12/site-packages/alembic/testing/plugin/__init__.py
100644 blob d4a2c5521847f6d34003b49b2826ae49b1d84c29      50	batch4-backend/venv/lib/python3.12/site-packages/alembic/testing/plugin/bootstrap.py
100644 blob ff7d6f7012b1b967b9391bc9e7f53083e8fe5bd5    4707	batch4-backend/venv/lib/python3.12/site-packages/alembic/testing/requirements.py
100644 blob 204cc4ddc15b1457cdbacb2c238a625e19c49100    4838	batch4-backend/venv/lib/python3.12/site-packages/alembic/testing/schemacompare.py
100644 blob 3da498d289ed11e1eb140384db8d601bfcd524aa     288	batch4-backend/venv/lib/python3.12/site-packages/alembic/testing/suite/__init__.py
100644 blob 8915c2dd0d66c738cfd3de009d64dd07de85362f   14153	batch4-backend/venv/lib/python3.12/site-packages/alembic/testing/suite/_autogen_fixtures.py
100644 blob 7ef074f57893180048c6193455b0dd1d507c0603    6283	batch4-backend/venv/lib/python3.12/site-packages/alembic/testing/suite/test_autogen_comments.py
100644 blob 586691b2654af4fa2cb11bd4e8fd9061410166cb    4554	batch4-backend/venv/lib/python3.12/site-packages/alembic/testing/suite/test_autogen_computed.py
100644 blob 75bcd37aeec53d4afb2447a0f7aaf8ab5ef4c160    8394	batch4-backend/venv/lib/python3.12/site-packages/alembic/testing/suite/test_autogen_diffs.py
100644 blob d69736e64d0f18f1e7359ba9dc56b1111de9d23f   32930	batch4-backend/venv/lib/python3.12/site-packages/alembic/testing/suite/test_autogen_fks.py
100644 blob 3dee9fc9903f74fd06adfaa837f22af51ec6dcd1    5824	batch4-backend/venv/lib/python3.12/site-packages/alembic/testing/suite/test_autogen_identity.py
100644 blob 38c80f358a6929b8edccb344cbf3bac675c7ddd5   11260	batch4-backend/venv/lib/python3.12/site-packages/alembic/testing/suite/test_environment.py
100644 blob a63b3f2f9f2a7bfd879e5b06a05f0c6a64277b8f    1343	batch4-backend/venv/lib/python3.12/site-packages/alembic/testing/suite/test_op.py
100644 blob dd8c4c4b2ba53bad1ed7a4912c959afd577a6362    3003	batch4-backend/venv/lib/python3.12/site-packages/alembic/testing/util.py
100644 blob 7d3f535791c3790a1eadbb12fb84f687d24a9d02    1322	batch4-backend/venv/lib/python3.12/site-packages/alembic/testing/warnings.py
100644 blob c8280ad55e2f7bc8741ff6f15d5d8fb89d26ca81    1781	batch4-backend/venv/lib/python3.12/site-packages/alembic/util/__init__.py
100644 blob f7338f5cc2dcb4a56347d0d874fb427261c45a09    3828	batch4-backend/venv/lib/python3.12/site-packages/alembic/util/compat.py
100644 blob f28e9de40ee3ce38acb9f676e1d603514e3060bc    2467	batch4-backend/venv/lib/python3.12/site-packages/alembic/util/editor.py
100644 blob 695b3d50326d86e6ddffe04e64643b951d5e15d9     944	batch4-backend/venv/lib/python3.12/site-packages/alembic/util/exc.py
100644 blob 76a8a4ef2a9fbbf8df6486f0ade1c362d14ce98e   13053	batch4-backend/venv/lib/python3.12/site-packages/alembic/util/langhelpers.py
100644 blob 366f464194bcc2cbee5a36389064a240312d40d6    3235	batch4-backend/venv/lib/python3.12/site-packages/alembic/util/messaging.py
100644 blob 60e8915e6451eee438167a4ad6d45f4c5b11dbb0    4603	batch4-backend/venv/lib/python3.12/site-packages/alembic/util/pyfiles.py
100644 blob d1549d4d900efaec9e10017a2c195212c6209cfe   19346	batch4-backend/venv/lib/python3.12/site-packages/alembic/util/sqla_compat.py
100644 blob a1b589e38a32041e49332e5e81c2d363dc418d68       4	batch4-backend/venv/lib/python3.12/site-packages/annotated_doc-0.0.5.dist-info/INSTALLER
100644 blob d162dc81d27f56c4b7add382e32082f311ba1f09    6516	batch4-backend/venv/lib/python3.12/site-packages/annotated_doc-0.0.5.dist-info/METADATA
100644 blob 4626ba4ffa32aefde7bf334ffac96092ce8110e1     962	batch4-backend/venv/lib/python3.12/site-packages/annotated_doc-0.0.5.dist-info/RECORD
100644 blob e69de29bb2d1d6434b8b29ae775ad8c2e48c5391       0	batch4-backend/venv/lib/python3.12/site-packages/annotated_doc-0.0.5.dist-info/REQUESTED
100644 blob e651d8efb5fb543a06227b0ebfab1007f9e19326      90	batch4-backend/venv/lib/python3.12/site-packages/annotated_doc-0.0.5.dist-info/WHEEL
100644 blob c3ad4726d437022e5c606a4206ffb6007347a008      34	batch4-backend/venv/lib/python3.12/site-packages/annotated_doc-0.0.5.dist-info/entry_points.txt
100644 blob 7a254464cc78ccea32b3ded00513c44c4e4da412    1086	batch4-backend/venv/lib/python3.12/site-packages/annotated_doc-0.0.5.dist-info/licenses/LICENSE
100644 blob d6f729253cbdcfad8b1aa27513d4de07e443cf05      52	batch4-backend/venv/lib/python3.12/site-packages/annotated_doc/__init__.py
100644 blob 7063c59e4500a1d02bfc9b41887f9e95f8163507    1075	batch4-backend/venv/lib/python3.12/site-packages/annotated_doc/main.py
100644 blob e69de29bb2d1d6434b8b29ae775ad8c2e48c5391       0	batch4-backend/venv/lib/python3.12/site-packages/annotated_doc/py.typed
100644 blob a1b589e38a32041e49332e5e81c2d363dc418d68       4	batch4-backend/venv/lib/python3.12/site-packages/annotated_types-0.8.0.dist-info/INSTALLER
100644 blob eb5a08847f8a91e58ad8325a7059715e9be44ed6   15009	batch4-backend/venv/lib/python3.12/site-packages/annotated_types-0.8.0.dist-info/METADATA
100644 blob 462cea3cbcd11b39b78d2faf997bd2724304f4c9     898	batch4-backend/venv/lib/python3.12/site-packages/annotated_types-0.8.0.dist-info/RECORD
100644 blob e69de29bb2d1d6434b8b29ae775ad8c2e48c5391       0	batch4-backend/venv/lib/python3.12/site-packages/annotated_types-0.8.0.dist-info/REQUESTED
100644 blob 7401812e19af977cc5088f3b8fb1ef6bc0441c0a      87	batch4-backend/venv/lib/python3.12/site-packages/annotated_types-0.8.0.dist-info/WHEEL
100644 blob d99323a9965f146d5b0888c4ca1bf0727e12b04f    1083	batch4-backend/venv/lib/python3.12/site-packages/annotated_types-0.8.0.dist-info/licenses/LICENSE
100644 blob dcb35c54a56b0729f90278c22b402c73127be4d8   13273	batch4-backend/venv/lib/python3.12/site-packages/annotated_types/__init__.py
100644 blob e69de29bb2d1d6434b8b29ae775ad8c2e48c5391       0	batch4-backend/venv/lib/python3.12/site-packages/annotated_types/py.typed
100644 blob fba3c257354ef7064e148f956de3733e709402f6    6310	batch4-backend/venv/lib/python3.12/site-packages/annotated_types/test_cases.py
100644 blob a1b589e38a32041e49332e5e81c2d363dc418d68       4	batch4-backend/venv/lib/python3.12/site-packages/anyio-4.15.1.dist-info/INSTALLER
100644 blob 13734ecac7501953843b99eef680987bad705350    4733	batch4-backend/venv/lib/python3.12/site-packages/anyio-4.15.1.dist-info/METADATA
100644 blob ecddbeefab62368795d2ef2136f43c4142116134    6883	batch4-backend/venv/lib/python3.12/site-packages/anyio-4.15.1.dist-info/RECORD
100644 blob e69de29bb2d1d6434b8b29ae775ad8c2e48c5391       0	batch4-backend/venv/lib/python3.12/site-packages/anyio-4.15.1.dist-info/REQUESTED
100644 blob 13013d7b49be5a84c3ee5931b06285b9553cf5d0      91	batch4-backend/venv/lib/python3.12/site-packages/anyio-4.15.1.dist-info/WHEEL
100644 blob 44dd9bdc3039122cc98014c1439ca254313fd014      39	batch4-backend/venv/lib/python3.12/site-packages/anyio-4.15.1.dist-info/entry_points.txt
100644 blob 104eebf5a3002fccdaceef3a4cb936173c1c2035    1081	batch4-backend/venv/lib/python3.12/site-packages/anyio-4.15.1.dist-info/licenses/LICENSE
100644 blob c77c069ecc9b7f8b1f97dbcfec905725db0253a8       6	batch4-backend/venv/lib/python3.12/site-packages/anyio-4.15.1.dist-info/top_level.txt
100644 blob 30a3a16151bef66d432cb8e06ad858c3ada002fd    7602	batch4-backend/venv/lib/python3.12/site-packages/anyio/__init__.py
100644 blob e69de29bb2d1d6434b8b29ae775ad8c2e48c5391       0	batch4-backend/venv/lib/python3.12/site-packages/anyio/_backends/__init__.py
100644 blob 7eba257c962819dbf8192b51185a4f5faa4746fd  107767	batch4-backend/venv/lib/python3.12/site-packages/anyio/_backends/_asyncio.py
100644 blob 2e67786e81a6f41976ad2467f818a205ba5637e9   45715	batch4-backend/venv/lib/python3.12/site-packages/anyio/_backends/_trio.py
100644 blob e69de29bb2d1d6434b8b29ae775ad8c2e48c5391       0	batch4-backend/venv/lib/python3.12/site-packages/anyio/_core/__init__.py
100644 blob 9f35bae568e33e6a9e1219761c83cc8350fa0532    5626	batch4-backend/venv/lib/python3.12/site-packages/anyio/_core/_asyncio_selector_thread.py
100644 blob f66229a57d7b0d5f793bdfe568a751770939c924    4522	batch4-backend/venv/lib/python3.12/site-packages/anyio/_core/_concurrency_utils.py
100644 blob 302f32b0c78a7071605b195c55054cfdb0b55f37    7215	batch4-backend/venv/lib/python3.12/site-packages/anyio/_core/_contextmanagers.py
100644 blob a3e2ab1cc172f2fbd94f244ab110cb16aa7eb8eb    6658	batch4-backend/venv/lib/python3.12/site-packages/anyio/_core/_eventloop.py
100644 blob 7d9165f53ab239182f9158f8eeec7ea27b417c92    5618	batch4-backend/venv/lib/python3.12/site-packages/anyio/_core/_exceptions.py
100644 blob 498eef41d19fde3991f05472e0bc385c520f49ec   34163	batch4-backend/venv/lib/python3.12/site-packages/anyio/_core/_fileio.py
100644 blob 7730c53c7f9bf55742396fa26fa7dd054cdfcb18    6177	batch4-backend/venv/lib/python3.12/site-packages/anyio/_core/_futures.py
100644 blob 6ca35d94a930661c4c976c204cfb6b31cc15be37     450	batch4-backend/venv/lib/python3.12/site-packages/anyio/_core/_resources.py
100644 blob e24c79e10d4b76775679f7dd0dbe3f5860150451    1016	batch4-backend/venv/lib/python3.12/site-packages/anyio/_core/_signals.py
100644 blob 14ee6e41e79f5a839b7bcf97dd3ca5e3ae656f49   35289	batch4-backend/venv/lib/python3.12/site-packages/anyio/_core/_sockets.py
100644 blob 2b9c7df200f9520357503c754bcdea1c047bdda3    1806	batch4-backend/venv/lib/python3.12/site-packages/anyio/_core/_streams.py
100644 blob 53184a2e6cd238fcc56e9eb5b3374b25eeaf7741    7938	batch4-backend/venv/lib/python3.12/site-packages/anyio/_core/_subprocesses.py
100644 blob cb988c60db56f412ae0e051e08d68380e8b6a413   21658	batch4-backend/venv/lib/python3.12/site-packages/anyio/_core/_synchronization.py
100644 blob 044eda6dc90ab446b5b6e1dc1626cb6dd510e7db   15391	batch4-backend/venv/lib/python3.12/site-packages/anyio/_core/_tasks.py
100644 blob 96030867befb177e754f596efcc3e9ee1f234442   19726	batch4-backend/venv/lib/python3.12/site-packages/anyio/_core/_tempfile.py
100644 blob fa2c3913709d4143d1967fc2857bb67be361f6db    2340	batch4-backend/venv/lib/python3.12/site-packages/anyio/_core/_testing.py
100644 blob 59d3da9d8787d65295cffc3a1f43275f27d71772    2607	batch4-backend/venv/lib/python3.12/site-packages/anyio/_core/_typedattr.py
100644 blob dc0a4faba7009d3fb542842cce1c0eec1c568440    6082	batch4-backend/venv/lib/python3.12/site-packages/anyio/_lazyimport.py
100644 blob ba738f87f2fc778f5bb4c87fa1251a42afd22529    3050	batch4-backend/venv/lib/python3.12/site-packages/anyio/abc/__init__.py
100644 blob a3cbed2febe41bbff583c80bc1442daee3862e8b   11127	batch4-backend/venv/lib/python3.12/site-packages/anyio/abc/_eventloop.py
100644 blob 9373f71a3fc4ccfb2002d03328cf62f78802375a     900	batch4-backend/venv/lib/python3.12/site-packages/anyio/abc/_resources.py
100644 blob d6a1139dfd9d31776c581b25db1309d9bfbb080e   13162	batch4-backend/venv/lib/python3.12/site-packages/anyio/abc/_sockets.py
100644 blob daf335dc3235ff8e4d5253610cd5e68de17c3f6d    7620	batch4-backend/venv/lib/python3.12/site-packages/anyio/abc/_streams.py
100644 blob 555f15f10d2b8375a791a620eafd87795d8e9107    2123	batch4-backend/venv/lib/python3.12/site-packages/anyio/abc/_subprocesses.py
100644 blob 0a019e2ed3bd6bc36c97f87f3a8b9eee2ba0f657    7070	batch4-backend/venv/lib/python3.12/site-packages/anyio/abc/_tasks.py
100644 blob b18d8357e7a71d228877584e98b1286d273928f4    2145	batch4-backend/venv/lib/python3.12/site-packages/anyio/abc/_testing.py
100644 blob f163d818b030f752350558e805988bf8c558b262   19415	batch4-backend/venv/lib/python3.12/site-packages/anyio/from_thread.py
100644 blob b0bdfb4585efc4e4799388547668fba86fb5c687   11797	batch4-backend/venv/lib/python3.12/site-packages/anyio/functools.py
100644 blob 2a10cfd3ba01b22f424d18accaf9758233a67cca   16255	batch4-backend/venv/lib/python3.12/site-packages/anyio/itertools.py
100644 blob 361b2eb84d3600e8c64afe9b010825fd2b8c5288    6280	batch4-backend/venv/lib/python3.12/site-packages/anyio/lowlevel.py
100644 blob e69de29bb2d1d6434b8b29ae775ad8c2e48c5391       0	batch4-backend/venv/lib/python3.12/site-packages/anyio/py.typed
100644 blob d6238cd110ab793ccccb9671fc7eccc33c5415e5   14516	batch4-backend/venv/lib/python3.12/site-packages/anyio/pytest_plugin.py
100644 blob e69de29bb2d1d6434b8b29ae775ad8c2e48c5391       0	batch4-backend/venv/lib/python3.12/site-packages/anyio/streams/__init__.py
100644 blob a3b07f73ac44d5876c239fd0317846564ef06f91    6746	batch4-backend/venv/lib/python3.12/site-packages/anyio/streams/buffered.py
100644 blob b9d7ca4f3341a7ad7e44553e4e15134f223cb750    4524	batch4-backend/venv/lib/python3.12/site-packages/anyio/streams/file.py
100644 blob 329a75e44b7af979042c54e65529c7148e67cd8d   10793	batch4-backend/venv/lib/python3.12/site-packages/anyio/streams/memory.py
100644 blob 9a7534563b1aa9613516cd468daf6e68b4fa8a71    4845	batch4-backend/venv/lib/python3.12/site-packages/anyio/streams/stapled.py
100644 blob 296cd250459f3848bb333301fff1ac32973f219a    5765	batch4-backend/venv/lib/python3.12/site-packages/anyio/streams/text.py
100644 blob b9ddf1d333143767b737bbd5915bebe1309481b2   15818	batch4-backend/venv/lib/python3.12/site-packages/anyio/streams/tls.py
100644 blob 54ef4a8b8c58db9ea05e4188cf6d7899c8ff8c72    7100	batch4-backend/venv/lib/python3.12/site-packages/anyio/to_interpreter.py
100644 blob 584128ec3b2d4bbd0a9634fc7f2f39caf1fe968d    9850	batch4-backend/venv/lib/python3.12/site-packages/anyio/to_process.py
100644 blob 5cdb7253e3c0a4f99ad2f893d31cc32f8fbda298    2750	batch4-backend/venv/lib/python3.12/site-packages/anyio/to_thread.py
100644 blob a1b589e38a32041e49332e5e81c2d363dc418d68       4	batch4-backend/venv/lib/python3.12/site-packages/asyncpg-0.31.0.dist-info/INSTALLER
100644 blob fd04670a19fd749a366c004594a3258b40127ab2    4412	batch4-backend/venv/lib/python3.12/site-packages/asyncpg-0.31.0.dist-info/METADATA
100644 blob c68fb65a30c1c366f96ca8b88f1019601e81354d    9132	batch4-backend/venv/lib/python3.12/site-packages/asyncpg-0.31.0.dist-info/RECORD
100644 blob e69de29bb2d1d6434b8b29ae775ad8c2e48c5391       0	batch4-backend/venv/lib/python3.12/site-packages/asyncpg-0.31.0.dist-info/REQUESTED
100644 blob d3bb8ca34441955086c902160632acd0302490d5     113	batch4-backend/venv/lib/python3.12/site-packages/asyncpg-0.31.0.dist-info/WHEEL
100644 blob d931386122bbcedb3bd8a39345d034ff836ed467   11466	batch4-backend/venv/lib/python3.12/site-packages/asyncpg-0.31.0.dist-info/licenses/LICENSE
100644 blob 5789eddf11e03bfa1da5f69f7b8a71b1f4c87eb7       8	batch4-backend/venv/lib/python3.12/site-packages/asyncpg-0.31.0.dist-info/top_level.txt
100644 blob e8811a9d6a9906728bdf9bfa8893b5d5a4ea8140     647	batch4-backend/venv/lib/python3.12/site-packages/asyncpg/__init__.py
100644 blob a211d0a982f3ea3b1e90d8e6f684ccc05e2020f3    2540	batch4-backend/venv/lib/python3.12/site-packages/asyncpg/_asyncio_compat.py
100644 blob 95775e118be1a064c4a21dedfc001f8d74a04bc5   16499	batch4-backend/venv/lib/python3.12/site-packages/asyncpg/_testbase/__init__.py
100644 blob 887456462fffd0dd028dd54335c9964ac319683c    9804	batch4-backend/venv/lib/python3.12/site-packages/asyncpg/_testbase/fuzzer.py
100644 blob 55a4fbf12ca775b1a1b0d49f4ddbc3c50ab570d3     641	batch4-backend/venv/lib/python3.12/site-packages/asyncpg/_version.py
100644 blob 606c2eae5ee84b97d0b01af6660d196d0049dc83   24476	batch4-backend/venv/lib/python3.12/site-packages/asyncpg/cluster.py
100644 blob 57eec6501b35fa649d11050152067ad96d7bf61f    2459	batch4-backend/venv/lib/python3.12/site-packages/asyncpg/compat.py
100644 blob 07c4fdde193c1105568b6d42421b45f9100c3f19   43438	batch4-backend/venv/lib/python3.12/site-packages/asyncpg/connect_utils.py
100644 blob 71fb04f8ea3d16c0902063c4db1907a4e8b49938   99069	batch4-backend/venv/lib/python3.12/site-packages/asyncpg/connection.py
100644 blob 3b0c1d3cc4143f574c0ef4f7ef2e927bef964ab8    1384	batch4-backend/venv/lib/python3.12/site-packages/asyncpg/connresource.py
100644 blob b4abeed1b680e120e11c45d57a96c0e5bae89639    9160	batch4-backend/venv/lib/python3.12/site-packages/asyncpg/cursor.py
100644 blob 752fd007c9ced73a6bbe4bcee70049f7ba986b71   29157	batch4-backend/venv/lib/python3.12/site-packages/asyncpg/exceptions/__init__.py
100644 blob 00e9699a031710ee3f8a9c119fc946ef6e5cfe99    9260	batch4-backend/venv/lib/python3.12/site-packages/asyncpg/exceptions/_base.py
100644 blob c3b4e60c8a32ee74386c963dce900e44c5ed142f    9340	batch4-backend/venv/lib/python3.12/site-packages/asyncpg/introspection.py
100644 blob 1df403c76f443b360883f918bfa25de5530c9a55     213	batch4-backend/venv/lib/python3.12/site-packages/asyncpg/pgproto/__init__.pxd
100644 blob 1df403c76f443b360883f918bfa25de5530c9a55     213	batch4-backend/venv/lib/python3.12/site-packages/asyncpg/pgproto/__init__.py
100644 blob 05d62bfdd4aeaada9259be6a1a8072a216e39500    4542	batch4-backend/venv/lib/python3.12/site-packages/asyncpg/pgproto/buffer.pxd
100644 blob 626880ebfbd9a31fbfabf8505a4722070296ac54      93	batch4-backend/venv/lib/python3.12/site-packages/asyncpg/pgproto/buffer.pxi
100644 blob 462a51fefd10dbc1bab4a78fbb9711fffc165438   25710	batch4-backend/venv/lib/python3.12/site-packages/asyncpg/pgproto/buffer.pyx
100644 blob 67e20b8680a650a4defc0469f6cc1f0a32aa4b28    6130	batch4-backend/venv/lib/python3.12/site-packages/asyncpg/pgproto/codecs/__init__.pxd
100644 blob 14f7bb0b18495da580d873c8e48a45211c8e84ef    1475	batch4-backend/venv/lib/python3.12/site-packages/asyncpg/pgproto/codecs/bits.pyx
100644 blob 158182582f59ddd25bdfe5aaf8235173aa9484b5     997	batch4-backend/venv/lib/python3.12/site-packages/asyncpg/pgproto/codecs/bytea.pyx
100644 blob c4d4416e3de0d20e4fb34e87f89d608563ea0152     623	batch4-backend/venv/lib/python3.12/site-packages/asyncpg/pgproto/codecs/context.pyx
100644 blob 4d43b85fe7c8575c8fd782bd8e743f018f946a0b   12855	batch4-backend/venv/lib/python3.12/site-packages/asyncpg/pgproto/codecs/datetime.pyx
100644 blob 94eda03adc7c4a9e48ca1d7955de9c5b8d5ac162    1031	batch4-backend/venv/lib/python3.12/site-packages/asyncpg/pgproto/codecs/float.pyx
100644 blob 44aac64b4ad5dc4c28ba40a65167068415c0df78    4665	batch4-backend/venv/lib/python3.12/site-packages/asyncpg/pgproto/codecs/geometry.pyx
100644 blob 09051c76b9f6a03da04c4c41953186e1deeeb430    2018	batch4-backend/venv/lib/python3.12/site-packages/asyncpg/pgproto/codecs/hstore.pyx
100644 blob 999724440bcaf441af3cf9d5a846d757b9ad575b    4527	batch4-backend/venv/lib/python3.12/site-packages/asyncpg/pgproto/codecs/int.pyx
100644 blob 97e6916b62bfb263934bac8be56eb8fd0f4cc791    1454	batch4-backend/venv/lib/python3.12/site-packages/asyncpg/pgproto/codecs/json.pyx
100644 blob 610b30d7129869f39796969be96fb8229ca686a3     833	batch4-backend/venv/lib/python3.12/site-packages/asyncpg/pgproto/codecs/jsonpath.pyx
100644 blob 99b19c994211a5a35a3683529a40aa3aec94d799     484	batch4-backend/venv/lib/python3.12/site-packages/asyncpg/pgproto/codecs/misc.pyx
100644 blob 730c947f7c60c104e3e9c984354c3cce712ce881    3917	batch4-backend/venv/lib/python3.12/site-packages/asyncpg/pgproto/codecs/network.pyx
100644 blob b75d09617d68b2e7cbe3832bc19389025d96ecb3   10373	batch4-backend/venv/lib/python3.12/site-packages/asyncpg/pgproto/codecs/numeric.pyx
100644 blob d96107cc58f20f039847dbbc9216da0e4faec7c9    1814	batch4-backend/venv/lib/python3.12/site-packages/asyncpg/pgproto/codecs/pg_snapshot.pyx
100644 blob 79f375d676bb042ef63d815877310e2c90fa8f43    1516	batch4-backend/venv/lib/python3.12/site-packages/asyncpg/pgproto/codecs/text.pyx
100644 blob b39bddc432ad3728bdb933b466c18f15d70e7338    1549	batch4-backend/venv/lib/python3.12/site-packages/asyncpg/pgproto/codecs/tid.pyx
100644 blob 0bc456791cc284c88dec1beda6fba8d89c7bf692     855	batch4-backend/venv/lib/python3.12/site-packages/asyncpg/pgproto/codecs/uuid.pyx
100644 blob 68bf31fcb3590cff72d2ee313685173cf9e2dc12     282	batch4-backend/venv/lib/python3.12/site-packages/asyncpg/pgproto/consts.pxi
100644 blob 7b4f4f30c5e8f735ffc7c427fe0902de9871df0c     736	batch4-backend/venv/lib/python3.12/site-packages/asyncpg/pgproto/cpythonx.pxd
100644 blob 5e59ec1cfad83bc099c238cd88e4c47130edafd9     263	batch4-backend/venv/lib/python3.12/site-packages/asyncpg/pgproto/debug.pxd
100644 blob 9ff8d10d245b6a302d8b7591df91b68e07ab98a7    1212	batch4-backend/venv/lib/python3.12/site-packages/asyncpg/pgproto/frb.pxd
100644 blob f11f6b926c61029a2a078db597d45b458965b1c8     409	batch4-backend/venv/lib/python3.12/site-packages/asyncpg/pgproto/frb.pyx
100644 blob 9b73abc8107a75b712cb91fb6b54ed34b6a57d3f     953	batch4-backend/venv/lib/python3.12/site-packages/asyncpg/pgproto/hton.pxd
100755 blob b70be7f97aa12176086294845a127ed4b7dffe9c 3188448	batch4-backend/venv/lib/python3.12/site-packages/asyncpg/pgproto/pgproto.cpython-312-x86_64-linux-gnu.so
100644 blob ee9ec45843d74d99392a28ee92d93aad938e0359     430	batch4-backend/venv/lib/python3.12/site-packages/asyncpg/pgproto/pgproto.pxd
100644 blob cbbcaec0bbb7324f7c26a2199da02da8425b5e6b     411	batch4-backend/venv/lib/python3.12/site-packages/asyncpg/pgproto/pgproto.pyi
100644 blob b880b7e8c72140f66cadce91342b2194a88d86e9    1249	batch4-backend/venv/lib/python3.12/site-packages/asyncpg/pgproto/pgproto.pyx
100644 blob 12fda84ed7b58a29861e7497b882bd4e9829f918     361	batch4-backend/venv/lib/python3.12/site-packages/asyncpg/pgproto/tohex.pxd
100644 blob 0c45467e53bc35632198550081cb411a52444a34   12775	batch4-backend/venv/lib/python3.12/site-packages/asyncpg/pgproto/types.py
100644 blob e1accd20837cdd393923ae842b7d047d705a27e2   10243	batch4-backend/venv/lib/python3.12/site-packages/asyncpg/pgproto/uuid.pyx
100644 blob 5c7ea9caabc11725a0af5e3975388c27fee5d5eb   42368	batch4-backend/venv/lib/python3.12/site-packages/asyncpg/pool.py
100644 blob 0c2d335e66e3cc9bc214e3f8b5bcde3784e5d142    9783	batch4-backend/venv/lib/python3.12/site-packages/asyncpg/prepared_stmt.py
100644 blob 043454db08a1c72bd0bbda869407ea03c9ef7930     359	batch4-backend/venv/lib/python3.12/site-packages/asyncpg/protocol/__init__.py
100644 blob e69de29bb2d1d6434b8b29ae775ad8c2e48c5391       0	batch4-backend/venv/lib/python3.12/site-packages/asyncpg/protocol/codecs/__init__.py
100644 blob f8f9b8dd261d64b38eb91a2cf7bd9bc2beae9c42   29486	batch4-backend/venv/lib/python3.12/site-packages/asyncpg/protocol/codecs/array.pyx
100644 blob f54925903a986269089fd6a76f3e1221cd138573    6614	batch4-backend/venv/lib/python3.12/site-packages/asyncpg/protocol/codecs/base.pxd
100644 blob 009598a86b87ca5f5926ad1908beb62783f17889   34460	batch4-backend/venv/lib/python3.12/site-packages/asyncpg/protocol/codecs/base.pyx
100644 blob 51d650d083c753e8500262b14e498cdb585baf7e   17175	batch4-backend/venv/lib/python3.12/site-packages/asyncpg/protocol/codecs/pgproto.pyx
100644 blob 1038c18da0df1915bbb7b0ba16ae5a284aed086c    6359	batch4-backend/venv/lib/python3.12/site-packages/asyncpg/protocol/codecs/range.pyx
100644 blob 6446f2da101a24c237151e0d25b47c63254ba74a    2362	batch4-backend/venv/lib/python3.12/site-packages/asyncpg/protocol/codecs/record.pyx
100644 blob dfaf29e01602f5c4332279cd2e3d268a337728fe    2011	batch4-backend/venv/lib/python3.12/site-packages/asyncpg/protocol/codecs/textutils.pyx
100644 blob e1f8726ef504045928d95ae837691629e4f3919d     381	batch4-backend/venv/lib/python3.12/site-packages/asyncpg/protocol/consts.pxi
100644 blob 34c7c71269b25bfda584c18eb95a3cb2e3f80289    6215	batch4-backend/venv/lib/python3.12/site-packages/asyncpg/protocol/coreproto.pxd
100644 blob da96c4128fbfd6ee356827fb713ffd20d39075be   41005	batch4-backend/venv/lib/python3.12/site-packages/asyncpg/protocol/coreproto.pyx
100644 blob 1c72988f4fc659f02e0ba193ab205180fb4b0e9b     613	batch4-backend/venv/lib/python3.12/site-packages/asyncpg/protocol/cpythonx.pxd
100644 blob 1463dbe4d18590a5adb8b07a94fbfd09f6c1a084    1634	batch4-backend/venv/lib/python3.12/site-packages/asyncpg/protocol/encodings.pyx
100644 blob 86f8e663e133b5a9be654f44480457c133979b35    6918	batch4-backend/venv/lib/python3.12/site-packages/asyncpg/protocol/pgtypes.pxi
100644 blob 369db733899b8e2358e74b8624c598cf9a4c5f5c    1115	batch4-backend/venv/lib/python3.12/site-packages/asyncpg/protocol/prepared_stmt.pxd
100644 blob 4145c6645fcaa7838e1f631978f7c6e4de69d693   13036	batch4-backend/venv/lib/python3.12/site-packages/asyncpg/protocol/prepared_stmt.pyx
100755 blob 8959ece6aa9a50ee2805cea19b369f89fbad25dd 8949160	batch4-backend/venv/lib/python3.12/site-packages/asyncpg/protocol/protocol.cpython-312-x86_64-linux-gnu.so
100644 blob cd221fbbab009893989f9c556ef03c8a8013d289    1927	batch4-backend/venv/lib/python3.12/site-packages/asyncpg/protocol/protocol.pxd
100644 blob 34db6440a6bb80f18354e139f02f0feb6650de23    9108	batch4-backend/venv/lib/python3.12/site-packages/asyncpg/protocol/protocol.pyi
100644 blob acce4e9f8b7556c713e48775829d63beea64bf14   34473	batch4-backend/venv/lib/python3.12/site-packages/asyncpg/protocol/protocol.pyx
100755 blob 18c0f7008cf0e907df3eed8bbf8f6c74e3338408  135280	batch4-backend/venv/lib/python3.12/site-packages/asyncpg/protocol/record.cpython-312-x86_64-linux-gnu.so
100644 blob 308f31094537b3f0d20e095a0b09815395b100f8     741	batch4-backend/venv/lib/python3.12/site-packages/asyncpg/protocol/record.pyi
100644 blob e52798fbd3df55e962d0cfea4934e975a080c64e     360	batch4-backend/venv/lib/python3.12/site-packages/asyncpg/protocol/recordcapi.pxd
100644 blob 5421429ad863060f2ae53d61bb8642445451c5c9    1299	batch4-backend/venv/lib/python3.12/site-packages/asyncpg/protocol/scram.pxd
100644 blob 9b485aeee376917b31357738903d0cea3816bf6b   14594	batch4-backend/venv/lib/python3.12/site-packages/asyncpg/protocol/scram.pyx
100644 blob 0a1a5f6fb300a8e9fa84ca15c68721d1086ec3dd    1066	batch4-backend/venv/lib/python3.12/site-packages/asyncpg/protocol/settings.pxd
100644 blob 2b5356666e0355abb1ba19d9db6b53df2e3f485d    3777	batch4-backend/venv/lib/python3.12/site-packages/asyncpg/protocol/settings.pyx
100644 blob ee9647b42dd4daab34484369c8644c3e80b5cf77    2133	batch4-backend/venv/lib/python3.12/site-packages/asyncpg/serverversion.py
100644 blob 562811e697763a6e589c4f0a5f021fc11e52492d    8497	batch4-backend/venv/lib/python3.12/site-packages/asyncpg/transaction.py
100644 blob c4b66b4a1d9632d53943f7dc986532b692741f06    5512	batch4-backend/venv/lib/python3.12/site-packages/asyncpg/types.py
100644 blob 5c1ca6992f9a3cbb7cdb2c939dbe62a769c528c1    1495	batch4-backend/venv/lib/python3.12/site-packages/asyncpg/utils.py
100644 blob a1b589e38a32041e49332e5e81c2d363dc418d68       4	batch4-backend/venv/lib/python3.12/site-packages/cachecontrol-0.14.4.dist-info/INSTALLER
100644 blob 9ae729898c35652ab63782aa6c6155ffb5449533    3074	batch4-backend/venv/lib/python3.12/site-packages/cachecontrol-0.14.4.dist-info/METADATA
100644 blob af6a88276fa9be27db17256f8fbf43f424d7fb07    2450	batch4-backend/venv/lib/python3.12/site-packages/cachecontrol-0.14.4.dist-info/RECORD
100644 blob e69de29bb2d1d6434b8b29ae775ad8c2e48c5391       0	batch4-backend/venv/lib/python3.12/site-packages/cachecontrol-0.14.4.dist-info/REQUESTED
100644 blob fedee5b38e1676cdd6a3255003ddb9e103ffa0bb      78	batch4-backend/venv/lib/python3.12/site-packages/cachecontrol-0.14.4.dist-info/WHEEL
100644 blob 7c31574e90fd970bbf6c049558b83385afab158d      56	batch4-backend/venv/lib/python3.12/site-packages/cachecontrol-0.14.4.dist-info/entry_points.txt
100644 blob d8b3b56d361cfaa04de6304c96c328f27266f74e     558	batch4-backend/venv/lib/python3.12/site-packages/cachecontrol-0.14.4.dist-info/licenses/LICENSE.txt
100644 blob 4d3837ae5cb68d5a62bcbc8cf5d2e1d7ede3d757     702	batch4-backend/venv/lib/python3.12/site-packages/cachecontrol/__init__.py
100644 blob 684a4a8bee66e5edcc8518526de9f5e436001ed1    1672	batch4-backend/venv/lib/python3.12/site-packages/cachecontrol/_cmd.py
100644 blob 4f4c185ada763eea62134bdb54860698bf066e86    6478	batch4-backend/venv/lib/python3.12/site-packages/cachecontrol/adapter.py
100644 blob 91598e92034fa4f70353fbf7c9c19dc9558e320b    1953	batch4-backend/venv/lib/python3.12/site-packages/cachecontrol/cache.py
100644 blob 44a1af87db3c8db1fe135ef44e9d1e944410399c     279	batch4-backend/venv/lib/python3.12/site-packages/cachecontrol/caches/__init__.py
100644 blob b0bf5bfafcd85f30ff7065dcc0960310bfe70551    4093	batch4-backend/venv/lib/python3.12/site-packages/cachecontrol/caches/file_cache.py
100644 blob f859e7198fb71aa11196ece10ea7e2f43bc9be57    1374	batch4-backend/venv/lib/python3.12/site-packages/cachecontrol/caches/redis_cache.py
100644 blob c7dd8a17303c84f057893c9c62c249c32e059cde   19030	batch4-backend/venv/lib/python3.12/site-packages/cachecontrol/controller.py
100644 blob 6569fb5cd88d922c67acc18bd8b32275f8ad2645    4354	batch4-backend/venv/lib/python3.12/site-packages/cachecontrol/filewrapper.py
100644 blob d95e78a9d2df0f9e75346c110b55f757d1c379fa    4869	batch4-backend/venv/lib/python3.12/site-packages/cachecontrol/heuristics.py
100644 blob e69de29bb2d1d6434b8b29ae775ad8c2e48c5391       0	batch4-backend/venv/lib/python3.12/site-packages/cachecontrol/py.typed
100644 blob 83bce07316968035307cf28e66334373f6a100f1    5110	batch4-backend/venv/lib/python3.12/site-packages/cachecontrol/serialize.py
100644 blob 37ee07c7b4eafa86cac16dbbd1dd53d35f8413d6    1328	batch4-backend/venv/lib/python3.12/site-packages/cachecontrol/wrapper.py
100644 blob a1b589e38a32041e49332e5e81c2d363dc418d68       4	batch4-backend/venv/lib/python3.12/site-packages/certifi-2026.7.22.dist-info/INSTALLER
100644 blob eb460c2ca89630f6285f4690476e4e04daca9b0e    2474	batch4-backend/venv/lib/python3.12/site-packages/certifi-2026.7.22.dist-info/METADATA
100644 blob f9d7dadc334e3ae7e79b2ff26b2483eccb535032    1393	batch4-backend/venv/lib/python3.12/site-packages/certifi-2026.7.22.dist-info/RECORD
100644 blob e69de29bb2d1d6434b8b29ae775ad8c2e48c5391       0	batch4-backend/venv/lib/python3.12/site-packages/certifi-2026.7.22.dist-info/REQUESTED
100644 blob 1d472b6c22838de58d1c3c0dd2c795a5cde9e415      91	batch4-backend/venv/lib/python3.12/site-packages/certifi-2026.7.22.dist-info/WHEEL
100644 blob 62b076cdee58ec8f34034141ba0befd9015b0c7e     989	batch4-backend/venv/lib/python3.12/site-packages/certifi-2026.7.22.dist-info/licenses/LICENSE
100644 blob 963eac530b9bc28d704d1bc410299c68e3216d4d       8	batch4-backend/venv/lib/python3.12/site-packages/certifi-2026.7.22.dist-info/top_level.txt
100644 blob 66dae9e5fc75868817e667eadeca1166c6ff5eed      94	batch4-backend/venv/lib/python3.12/site-packages/certifi/__init__.py
100644 blob 8945b5da857f4a7dec2b84f1225f012f6098418c     243	batch4-backend/venv/lib/python3.12/site-packages/certifi/__main__.py
100644 blob 9a40f439e0d77f3733b76489ae3bb42eaaf021d6  240216	batch4-backend/venv/lib/python3.12/site-packages/certifi/cacert.pem
100644 blob 1c9661cc7c2f6917c2506a30b2710002f81ab23a    3394	batch4-backend/venv/lib/python3.12/site-packages/certifi/core.py
100644 blob e69de29bb2d1d6434b8b29ae775ad8c2e48c5391       0	batch4-backend/venv/lib/python3.12/site-packages/certifi/py.typed
100644 blob e69de29bb2d1d6434b8b29ae775ad8c2e48c5391       0	batch4-backend/venv/lib/python3.12/site-packages/certifi/tests/__init__.py
100755 blob 54670eaebe656f6cf307f61eb514a6a7bac77e96     467	batch4-backend/venv/lib/python3.12/site-packages/certifi/tests/test_certify.py
100644 blob a1b589e38a32041e49332e5e81c2d363dc418d68       4	batch4-backend/venv/lib/python3.12/site-packages/cffi-2.1.1.dist-info/INSTALLER
100644 blob 7c07654afd95b51130f859c058e2cebe8a4b9b8e    2527	batch4-backend/venv/lib/python3.12/site-packages/cffi-2.1.1.dist-info/METADATA
100644 blob 3d5afa02829cd963008e9ebdc1bfa1c455aa8187    3600	batch4-backend/venv/lib/python3.12/site-packages/cffi-2.1.1.dist-info/RECORD
100644 blob e69de29bb2d1d6434b8b29ae775ad8c2e48c5391       0	batch4-backend/venv/lib/python3.12/site-packages/cffi-2.1.1.dist-info/REQUESTED
100644 blob 50a7ad2bd765b478185ad61af9aee202866123ee     151	batch4-backend/venv/lib/python3.12/site-packages/cffi-2.1.1.dist-info/WHEEL
100644 blob 46bb21b8418be6e977183c3d48344ed9077b093d     132	batch4-backend/venv/lib/python3.12/site-packages/cffi-2.1.1.dist-info/entry_points.txt
100644 blob 0a1dbfb017c2e0afcaac48ba6750d32539335e41    1123	batch4-backend/venv/lib/python3.12/site-packages/cffi-2.1.1.dist-info/licenses/LICENSE
100644 blob f64577957eb0d893196994ae517759f3fa8e48dd      19	batch4-backend/venv/lib/python3.12/site-packages/cffi-2.1.1.dist-info/top_level.txt
100644 blob 93dcdb3a347def69ccf181b8d643c901013efd47     511	batch4-backend/venv/lib/python3.12/site-packages/cffi/__init__.py
100644 blob 0931379ccd2afa96f99cfb2bd8b98a4307b76045    3583	batch4-backend/venv/lib/python3.12/site-packages/cffi/_cffi_errors.h
100644 blob 3d4fb7e3d9cfe1567865162e41b35f2f8850a07f    7044	batch4-backend/venv/lib/python3.12/site-packages/cffi/_cffi_gen_src.py
100644 blob c8c6d343bccdc970056c97bd0611f1648908b0d6   15234	batch4-backend/venv/lib/python3.12/site-packages/cffi/_cffi_include.h
100644 blob ba6e79b971b43dbd0afd57a75eafe2c1ff36c133   17554	batch4-backend/venv/lib/python3.12/site-packages/cffi/_embedding.h
100644 blob 136abdddf9d1276095e6f6724298ac19811c136a    2960	batch4-backend/venv/lib/python3.12/site-packages/cffi/_imp_emulation.py
100644 blob c3d23128189fc121bff3f86b19330b0ac5ce0a45    2230	batch4-backend/venv/lib/python3.12/site-packages/cffi/_shimmed_dist_utils.py
100644 blob ec8ee7dfd2b66fba702b477f98300616a778ad4a   42013	batch4-backend/venv/lib/python3.12/site-packages/cffi/api.py
100644 blob 12cd16259dbebc5aab207c7e89c72105d5def9ca   42283	batch4-backend/venv/lib/python3.12/site-packages/cffi/backend_ctypes.py
100644 blob c964ba13e69af37b70be3f3f1f9306296e2f0a2d    5723	batch4-backend/venv/lib/python3.12/site-packages/cffi/cffi_opcode.py
100644 blob d4dae3517009fc3f7ccaf01d97d10df098700d06    2805	batch4-backend/venv/lib/python3.12/site-packages/cffi/commontypes.py
100644 blob 1896b7ef5dc379d26ee46b34b39aec433e9a903b   44754	batch4-backend/venv/lib/python3.12/site-packages/cffi/cparser.py
100644 blob 0a27247c32a381ab7cecedd0f985b781619c1ea5     877	batch4-backend/venv/lib/python3.12/site-packages/cffi/error.py
100644 blob adca28f1a480bb04a11977d26457fe8886139043    3584	batch4-backend/venv/lib/python3.12/site-packages/cffi/ffiplatform.py
100644 blob 8eb57b169520dd546ff5aebbf9c1121ed9886402     132	batch4-backend/venv/lib/python3.12/site-packages/cffi/gen_src.py
100644 blob db91b7158c4ee9aa653462fe38e79ed1b553db87     747	batch4-backend/venv/lib/python3.12/site-packages/cffi/lock.py
100644 blob 8bade1d6dcae9d8f07bf7199af820d2befc1c1c1   21752	batch4-backend/venv/lib/python3.12/site-packages/cffi/model.py
100644 blob 84e4ef85659eb63e6453d8af9f024f1866182342    5976	batch4-backend/venv/lib/python3.12/site-packages/cffi/parse_c_type.h
100644 blob e1034ad68a68e8be3b9d489a4a87f8f8bd08c6ad    4365	batch4-backend/venv/lib/python3.12/site-packages/cffi/pkgconfig.py
100644 blob 5e71aed9ac80972a4b8566bf51da02250f20ca9e   65140	batch4-backend/venv/lib/python3.12/site-packages/cffi/recompiler.py
100644 blob 946afb45a6b18c969f92b9a607cdbf73179fea52    9566	batch4-backend/venv/lib/python3.12/site-packages/cffi/setuptools_ext.py
100644 blob 4d2ea43e5d9579838969a7409d1828099773e351   43030	batch4-backend/venv/lib/python3.12/site-packages/cffi/vengine_cpy.py
100644 blob 0209c794ac739c948b21a397d3da0d8f4ba49fe2   26931	batch4-backend/venv/lib/python3.12/site-packages/cffi/vengine_gen.py
100644 blob 96baadb6f767c696cf12951d33fbb04405f9fb51   11154	batch4-backend/venv/lib/python3.12/site-packages/cffi/verifier.py
100644 blob a1b589e38a32041e49332e5e81c2d363dc418d68       4	batch4-backend/venv/lib/python3.12/site-packages/charset_normalizer-3.5.2.dist-info/INSTALLER
100644 blob d15b68acb1e4c11b7e6d0ac089cded557074416e   46395	batch4-backend/venv/lib/python3.12/site-packages/charset_normalizer-3.5.2.dist-info/METADATA
100644 blob 19b44a0e9840a8b98a03f0c54d6174c7db37c772    2884	batch4-backend/venv/lib/python3.12/site-packages/charset_normalizer-3.5.2.dist-info/RECORD
100644 blob e69de29bb2d1d6434b8b29ae775ad8c2e48c5391       0	batch4-backend/venv/lib/python3.12/site-packages/charset_normalizer-3.5.2.dist-info/REQUESTED
100644 blob 0a4d0300062879d2c7e8ebd316e2fc3ba674f619     190	batch4-backend/venv/lib/python3.12/site-packages/charset_normalizer-3.5.2.dist-info/WHEEL
100644 blob 65619e73ec06c20c2a70c9507b872ad624d1a85c      65	batch4-backend/venv/lib/python3.12/site-packages/charset_normalizer-3.5.2.dist-info/entry_points.txt
100644 blob 9725772c7967075d97dc78d60f3735435eccba63    1071	batch4-backend/venv/lib/python3.12/site-packages/charset_normalizer-3.5.2.dist-info/licenses/LICENSE
100644 blob 66958f0a069d7aea7939bed40b9197608e93b243      19	batch4-backend/venv/lib/python3.12/site-packages/charset_normalizer-3.5.2.dist-info/top_level.txt
100644 blob d8c1cd362c891252985df57ec84597a1ab1f5408    1582	batch4-backend/venv/lib/python3.12/site-packages/charset_normalizer/__init__.py
100644 blob e0e76f7bfbb411d4424d3a1834b0ea803d80ea7e     109	batch4-backend/venv/lib/python3.12/site-packages/charset_normalizer/__main__.py
100644 blob 866f9ee2caa8f69a419d6ce9f580be96d878ac32   35774	batch4-backend/venv/lib/python3.12/site-packages/charset_normalizer/api.py
100755 blob fdc6991bdf143aa793da7cbbe364670830851d1d  178648	batch4-backend/venv/lib/python3.12/site-packages/charset_normalizer/cd.cpython-312-x86_64-linux-gnu.so
100644 blob 7a9344f1e5aa25a75adb1df7edb304d8114d05c3   15980	batch4-backend/venv/lib/python3.12/site-packages/charset_normalizer/cd.py
100644 blob 543a5a4de49d07690e73df778aa580589d0789c6     136	batch4-backend/venv/lib/python3.12/site-packages/charset_normalizer/cli/__init__.py
100644 blob a46739849dabaf76e7f1fecac1bd197f2f88816d   11949	batch4-backend/venv/lib/python3.12/site-packages/charset_normalizer/cli/__main__.py
100644 blob f038336cbf6c98eef72fd5d455367d0ad4d89899   60812	batch4-backend/venv/lib/python3.12/site-packages/charset_normalizer/constant.py
100644 blob 4f17e8577f34c0c72a65e8b9588eb498f9349c9f    2651	batch4-backend/venv/lib/python3.12/site-packages/charset_normalizer/legacy.py
100755 blob 954beb3a6021abaaf45a86fe360f8d2f6ad906c8  340528	batch4-backend/venv/lib/python3.12/site-packages/charset_normalizer/md.cpython-312-x86_64-linux-gnu.so
100644 blob 5a232b603c83f5a58f166a22148c8407f488c611   35274	batch4-backend/venv/lib/python3.12/site-packages/charset_normalizer/md.py
100644 blob 32ef39e746564238757eb54d325bb6a382811a7f   13530	batch4-backend/venv/lib/python3.12/site-packages/charset_normalizer/models.py
100644 blob e69de29bb2d1d6434b8b29ae775ad8c2e48c5391       0	batch4-backend/venv/lib/python3.12/site-packages/charset_normalizer/py.typed
100644 blob 566d4caed670759463a036b0a8338a32dc03a84c   14122	batch4-backend/venv/lib/python3.12/site-packages/charset_normalizer/utils.py
100644 blob c362b2c0fe2252cafc5768244cbd0a03c0e23743     115	batch4-backend/venv/lib/python3.12/site-packages/charset_normalizer/version.py
100644 blob a1b589e38a32041e49332e5e81c2d363dc418d68       4	batch4-backend/venv/lib/python3.12/site-packages/click-8.5.0.dist-info/INSTALLER
100644 blob 7b785308a746c2f777c0d53a6c0f47344d74ecce    2567	batch4-backend/venv/lib/python3.12/site-packages/click-8.5.0.dist-info/METADATA
100644 blob eb3e61b5fd6b30e05406347dd07fff28cd2e36f2    2619	batch4-backend/venv/lib/python3.12/site-packages/click-8.5.0.dist-info/RECORD
100644 blob e69de29bb2d1d6434b8b29ae775ad8c2e48c5391       0	batch4-backend/venv/lib/python3.12/site-packages/click-8.5.0.dist-info/REQUESTED
100644 blob d8b9936dad9ab2513fa6979f411560d3b6b57e37      82	batch4-backend/venv/lib/python3.12/site-packages/click-8.5.0.dist-info/WHEEL
100644 blob d12a849186982399c537c5b9a8fd77bf2edd5eab    1475	batch4-backend/venv/lib/python3.12/site-packages/click-8.5.0.dist-info/licenses/LICENSE.txt
100644 blob a34ab023a658c1b38fe75e57781afd3380718638    5145	batch4-backend/venv/lib/python3.12/site-packages/click/__init__.py
100644 blob 8507a503abf9b5fcaf3285dc3999ae223c7608c8   17939	batch4-backend/venv/lib/python3.12/site-packages/click/_compat.py
100644 blob 70aabf8f17c56ce5ed559ea88ce233a7944dbe3a   32805	batch4-backend/venv/lib/python3.12/site-packages/click/_termui_impl.py
100644 blob 82840f2dff3ce627712c0ece2752382a0f7dab8b    6270	batch4-backend/venv/lib/python3.12/site-packages/click/_textwrap.py
100644 blob 05ee2e99757adb19882664e1fc0377ac29c92f80     996	batch4-backend/venv/lib/python3.12/site-packages/click/_utils.py
100644 blob d25178d66ff7a9c8a1da52e61379da240be625b6    8543	batch4-backend/venv/lib/python3.12/site-packages/click/_winconsole.py
100644 blob de129ec2ceaa1e77cab696cad672b0a3ca84413d  147845	batch4-backend/venv/lib/python3.12/site-packages/click/core.py
100644 blob cc42e5d42c48e7bddca9346bc4dd4f240a30c2e3   21680	batch4-backend/venv/lib/python3.12/site-packages/click/decorators.py
100644 blob 6272c38a448d57241d9a6bff4191897f4a9bb7d6   11862	batch4-backend/venv/lib/python3.12/site-packages/click/exceptions.py
100644 blob c4aa2de571a1eb17bfeb1853e315d28bc968e74c   10444	batch4-backend/venv/lib/python3.12/site-packages/click/formatting.py
100644 blob a2f91723d21cefdf658be327174e1f8ccdc20fcd    1923	batch4-backend/venv/lib/python3.12/site-packages/click/globals.py
100644 blob 4fcbf7caa83a474cee2d3ea25da56b0399dd893a   19052	batch4-backend/venv/lib/python3.12/site-packages/click/parser.py
100644 blob e69de29bb2d1d6434b8b29ae775ad8c2e48c5391       0	batch4-backend/venv/lib/python3.12/site-packages/click/py.typed
100644 blob 8a2668b09f1525ae95e814fa92a23bfdbee2c21d   26172	batch4-backend/venv/lib/python3.12/site-packages/click/shell_completion.py
100644 blob e1315f23744ee9055126971c1cf350428aeab06b   35370	batch4-backend/venv/lib/python3.12/site-packages/click/termui.py
100644 blob cc123d4d15fda16262db16cefc467b1fffd9ac5d   27584	batch4-backend/venv/lib/python3.12/site-packages/click/testing.py
100644 blob 0eb84621d3ceb92e240f1523e2e58d5951335633   46842	batch4-backend/venv/lib/python3.12/site-packages/click/types.py
100644 blob b529eb04b34189f08e1211c95c7c8a30ca778490   21483	batch4-backend/venv/lib/python3.12/site-packages/click/utils.py
100644 blob a1b589e38a32041e49332e5e81c2d363dc418d68       4	batch4-backend/venv/lib/python3.12/site-packages/cryptography-50.0.2.dist-info/INSTALLER
100644 blob 1c03e8246787099078b42addd72911d9a6a07599    4394	batch4-backend/venv/lib/python3.12/site-packages/cryptography-50.0.2.dist-info/METADATA
100644 blob 18bcf2f8957c49787f6bace859286d2c296ab3dd   17965	batch4-backend/venv/lib/python3.12/site-packages/cryptography-50.0.2.dist-info/RECORD
100644 blob e69de29bb2d1d6434b8b29ae775ad8c2e48c5391       0	batch4-backend/venv/lib/python3.12/site-packages/cryptography-50.0.2.dist-info/REQUESTED
100644 blob 08b80b37f8202ff78e5de22346026469d818fa3d     109	batch4-backend/venv/lib/python3.12/site-packages/cryptography-50.0.2.dist-info/WHEEL
100644 blob b11f379efe1504d235b4d2d42685ba5dc6af6e9f     197	batch4-backend/venv/lib/python3.12/site-packages/cryptography-50.0.2.dist-info/licenses/LICENSE
100644 blob 62589edd12a37dd28b6b6fed1e2d728ac9f05c8d   11360	batch4-backend/venv/lib/python3.12/site-packages/cryptography-50.0.2.dist-info/licenses/LICENSE.APACHE
100644 blob ec1a29d34d6e419411c75523408aca72f705345c    1532	batch4-backend/venv/lib/python3.12/site-packages/cryptography-50.0.2.dist-info/licenses/LICENSE.BSD
100644 blob 61ba904429183cc4bbeef44c84dd0a88cecda153   45685	batch4-backend/venv/lib/python3.12/site-packages/cryptography-50.0.2.dist-info/sboms/cryptography-rust.cyclonedx.json
100644 blob 23d23ddaef48a6e945b6023aaeadcee48c91bbea    1206	batch4-backend/venv/lib/python3.12/site-packages/cryptography-50.0.2.dist-info/sboms/sbom.json
100644 blob 53f1d8e0837393b27da9dbbe55e6f56e59b4a1af     445	batch4-backend/venv/lib/python3.12/site-packages/cryptography/__about__.py
100644 blob d374f752dfd53c6f9a12c69309fdcb6eee765251     364	batch4-backend/venv/lib/python3.12/site-packages/cryptography/__init__.py
100644 blob 09f67af9b1c04d963cafecd3890d140d13955da4     693	batch4-backend/venv/lib/python3.12/site-packages/cryptography/cobblestone.py
100644 blob fe125ea9a763ad731ba99e4761d6623e1d2c639c    1087	batch4-backend/venv/lib/python3.12/site-packages/cryptography/exceptions.py
100644 blob 582e594ae4d983b446699894c2b610c6770161ba    7687	batch4-backend/venv/lib/python3.12/site-packages/cryptography/fernet.py
100644 blob b9f1187011bdaa0720bc462564582393700f3d4a     455	batch4-backend/venv/lib/python3.12/site-packages/cryptography/hazmat/__init__.py
100644 blob 244a1b383699caa1e30b2185963855ddb3125829   18150	batch4-backend/venv/lib/python3.12/site-packages/cryptography/hazmat/_oid.py
100644 blob d19e2a6034ee6d8a997a94267a77a4ddda61470e     812	batch4-backend/venv/lib/python3.12/site-packages/cryptography/hazmat/asn1/__init__.py
100644 blob 62d38110e2a5cff4b2310f726073cc12ece2a9ca   19152	batch4-backend/venv/lib/python3.12/site-packages/cryptography/hazmat/asn1/asn1.py
100644 blob b4400aa037451d10d6bcadd455dcf98f9b72e221     361	batch4-backend/venv/lib/python3.12/site-packages/cryptography/hazmat/backends/__init__.py
100644 blob 51b04476cbb7f4a98051f2fc55bcc1aa35e22d05     305	batch4-backend/venv/lib/python3.12/site-packages/cryptography/hazmat/backends/openssl/__init__.py
100644 blob 0d02c4f6e9640fb8cf5fdcf66faf104ed0bed145   10475	batch4-backend/venv/lib/python3.12/site-packages/cryptography/hazmat/backends/openssl/backend.py
100644 blob 41d731863aa2927b7a4fb02d7e536c35c678a102     216	batch4-backend/venv/lib/python3.12/site-packages/cryptography/hazmat/bindings/__init__.py
100755 blob a8bfa91040e81287fa80f0891d97eb8e6428d4c9 14434376	batch4-backend/venv/lib/python3.12/site-packages/cryptography/hazmat/bindings/_rust.abi3.so
100644 blob c3148f12bd0422e88b6abddc98016534d512a14c    2285	batch4-backend/venv/lib/python3.12/site-packages/cryptography/hazmat/bindings/_rust/__init__.pyi
100644 blob 3d4ea4eb2061c7c16a2e31af216367133e55c790     228	batch4-backend/venv/lib/python3.12/site-packages/cryptography/hazmat/bindings/_rust/_openssl.pyi
100644 blob 3b5f208ecf09aa661854e6983507b0e7b1ef15cb     354	batch4-backend/venv/lib/python3.12/site-packages/cryptography/hazmat/bindings/_rust/asn1.pyi
100644 blob 95e9583829041f4de6cc8c93255d41cda56fa024    1325	batch4-backend/venv/lib/python3.12/site-packages/cryptography/hazmat/bindings/_rust/cobblestone.pyi
100644 blob 66fc0658b9eafcb6ab0828c4daedcf0b8dd90273    3866	batch4-backend/venv/lib/python3.12/site-packages/cryptography/hazmat/bindings/_rust/declarative_asn1.pyi
100644 blob 09f46b1e817f806873c4a4bdd7b8466046b5f64d     640	batch4-backend/venv/lib/python3.12/site-packages/cryptography/hazmat/bindings/_rust/exceptions.pyi
100644 blob 103e96c1f117ed06924569fadb6a2b680fbd5456    4020	batch4-backend/venv/lib/python3.12/site-packages/cryptography/hazmat/bindings/_rust/ocsp.pyi
100644 blob e41ba78e5dc91d6cb7c646ce1b29a9dd55c41031    1578	batch4-backend/venv/lib/python3.12/site-packages/cryptography/hazmat/bindings/_rust/openssl/__init__.pyi
100644 blob eb44608a78d8e53be8f44e2789bcc417a27916fc    4582	batch4-backend/venv/lib/python3.12/site-packages/cryptography/hazmat/bindings/_rust/openssl/aead.pyi
100644 blob a48fb017ff562b3d26fa849ebf0c0f9dafb36aaf    1315	batch4-backend/venv/lib/python3.12/site-packages/cryptography/hazmat/bindings/_rust/openssl/ciphers.pyi
100644 blob 9c03508bc89bf087e24c684802eeec344d76bb9e     564	batch4-backend/venv/lib/python3.12/site-packages/cryptography/hazmat/bindings/_rust/openssl/cmac.pyi
100644 blob 08733d745c3ddc994f358193dd4b79ce359583d8    1564	batch4-backend/venv/lib/python3.12/site-packages/cryptography/hazmat/bindings/_rust/openssl/dh.pyi
100644 blob 0922a4c4041a90b1e884f56522f82bced398c80e    1299	batch4-backend/venv/lib/python3.12/site-packages/cryptography/hazmat/bindings/_rust/openssl/dsa.pyi
100644 blob 5c3b7bf6e4a9bafac1423bd3936ebc347885a950    1691	batch4-backend/venv/lib/python3.12/site-packages/cryptography/hazmat/bindings/_rust/openssl/ec.pyi
100644 blob f85b3d1b2361832095a00ba9b67675ad365339dd     532	batch4-backend/venv/lib/python3.12/site-packages/cryptography/hazmat/bindings/_rust/openssl/ed25519.pyi
100644 blob c8ca0ecb156b9d9a7e69cf10bf71f187362f3315     514	batch4-backend/venv/lib/python3.12/site-packages/cryptography/hazmat/bindings/_rust/openssl/ed448.pyi
100644 blob 106b531c66a17cc2ceb3effc9863b8cc614a1351    1076	batch4-backend/venv/lib/python3.12/site-packages/cryptography/hazmat/bindings/_rust/openssl/hashes.pyi
100644 blob 3883d1b1a920b0f118a6e9c6084f9532a5484bec     702	batch4-backend/venv/lib/python3.12/site-packages/cryptography/hazmat/bindings/_rust/openssl/hmac.pyi
100644 blob 7ea17112f37310813587b950c2286c7cfbf3cf51    2914	batch4-backend/venv/lib/python3.12/site-packages/cryptography/hazmat/bindings/_rust/openssl/hpke.pyi
100644 blob bb37b9698a7d0cb62304d7ca031da82bc474612a    6619	batch4-backend/venv/lib/python3.12/site-packages/cryptography/hazmat/bindings/_rust/openssl/kdf.pyi
100644 blob 404057e037408dd1979afc482768430b8b478646     912	batch4-backend/venv/lib/python3.12/site-packages/cryptography/hazmat/bindings/_rust/openssl/keys.pyi
100644 blob dd445eaeb2ddd6352040e2adab316de331b7ac8a     733	batch4-backend/venv/lib/python3.12/site-packages/cryptography/hazmat/bindings/_rust/openssl/keywrap.pyi
100644 blob cea9cb10a7906b787ed5cc800dd50d1f4aef95fe    1421	batch4-backend/venv/lib/python3.12/site-packages/cryptography/hazmat/bindings/_rust/openssl/mldsa.pyi
100644 blob 768a340a3831aa7367751a28658b0b0841c8a7ca     835	batch4-backend/venv/lib/python3.12/site-packages/cryptography/hazmat/bindings/_rust/openssl/mlkem.pyi
100644 blob 45a2a39f689071b5d544d8495bfd5bd57d4ab6e4     585	batch4-backend/venv/lib/python3.12/site-packages/cryptography/hazmat/bindings/_rust/openssl/poly1305.pyi
100644 blob ef7752ddb79db62489bcf71df933fdefd83c0f9d    1364	batch4-backend/venv/lib/python3.12/site-packages/cryptography/hazmat/bindings/_rust/openssl/rsa.pyi
100644 blob 38d2adddb1017030139f2cb2411dc43101a7448e     523	batch4-backend/venv/lib/python3.12/site-packages/cryptography/hazmat/bindings/_rust/openssl/x25519.pyi
100644 blob 3ac098091af514639889486723710f851cd93e6b     505	batch4-backend/venv/lib/python3.12/site-packages/cryptography/hazmat/bindings/_rust/openssl/x448.pyi
100644 blob b25becb6bdef7ce259dcb40f34aa9386774437ca    1605	batch4-backend/venv/lib/python3.12/site-packages/cryptography/hazmat/bindings/_rust/pkcs12.pyi
100644 blob 358b135865a89a6675706e0fd880d3eabdb081b5    1601	batch4-backend/venv/lib/python3.12/site-packages/cryptography/hazmat/bindings/_rust/pkcs7.pyi
100644 blob c6c6d0bbe12916b4299d08398493c5da8f762ae7     757	batch4-backend/venv/lib/python3.12/site-packages/cryptography/hazmat/bindings/_rust/test_support.pyi
100644 blob 4438cc77778cee66ed5c8e95e1125810063e74d3   10211	batch4-backend/venv/lib/python3.12/site-packages/cryptography/hazmat/bindings/_rust/x509.pyi
100644 blob 41d731863aa2927b7a4fb02d7e536c35c678a102     216	batch4-backend/venv/lib/python3.12/site-packages/cryptography/hazmat/bindings/openssl/__init__.py
100644 blob 1e447a59e9e9f2eac4069cef1b7025388636be5d    5611	batch4-backend/venv/lib/python3.12/site-packages/cryptography/hazmat/bindings/openssl/_conditional.py
100644 blob 6e13df166a9d0bca54a3678f22fe80cdb1117f07    3706	batch4-backend/venv/lib/python3.12/site-packages/cryptography/hazmat/bindings/openssl/binding.py
100644 blob 41d731863aa2927b7a4fb02d7e536c35c678a102     216	batch4-backend/venv/lib/python3.12/site-packages/cryptography/hazmat/decrepit/__init__.py
100644 blob 41d731863aa2927b7a4fb02d7e536c35c678a102     216	batch4-backend/venv/lib/python3.12/site-packages/cryptography/hazmat/decrepit/ciphers/__init__.py
100644 blob 72dad04b8a09a29db9af5f77c0b92afc895341bd    3752	batch4-backend/venv/lib/python3.12/site-packages/cryptography/hazmat/decrepit/ciphers/algorithms.py
100644 blob 1786bb04c9ee8f2f740e54a782c4e9c97e7e93f0    1649	batch4-backend/venv/lib/python3.12/site-packages/cryptography/hazmat/decrepit/ciphers/modes.py
100644 blob 41d731863aa2927b7a4fb02d7e536c35c678a102     216	batch4-backend/venv/lib/python3.12/site-packages/cryptography/hazmat/primitives/__init__.py
100644 blob ea55ffdf1a721f8fd2de8ae67de913bc47cbf55d     532	batch4-backend/venv/lib/python3.12/site-packages/cryptography/hazmat/primitives/_asymmetric.py
100644 blob 305a9fd3179cd439b7a86355e6cd6c8251583532    1522	batch4-backend/venv/lib/python3.12/site-packages/cryptography/hazmat/primitives/_cipheralgorithm.py
100644 blob deae8bccc97590c8876009b8eed253123d9e3372    3075	batch4-backend/venv/lib/python3.12/site-packages/cryptography/hazmat/primitives/_modes.py
100644 blob 9c3c47447b9c3dc00a4e67d2b25c80969eadced4    4440	batch4-backend/venv/lib/python3.12/site-packages/cryptography/hazmat/primitives/_serialization.py
100644 blob 41d731863aa2927b7a4fb02d7e536c35c678a102     216	batch4-backend/venv/lib/python3.12/site-packages/cryptography/hazmat/primitives/asymmetric/__init__.py
100644 blob 814fdd3f8311594419ebff8e2c085efecabc6006    5793	batch4-backend/venv/lib/python3.12/site-packages/cryptography/hazmat/primitives/asymmetric/dh.py
100644 blob f24555744191461eb39c4a6056f46b93b8b77c57    4482	batch4-backend/venv/lib/python3.12/site-packages/cryptography/hazmat/primitives/asymmetric/dsa.py
100644 blob 39e67519cf92bdbdc3aa93fcde488718f200bb8e   10183	batch4-backend/venv/lib/python3.12/site-packages/cryptography/hazmat/primitives/asymmetric/ec.py
100644 blob 70aec5b102172c981a1b3c8b279bcb1ad780ded6    2998	batch4-backend/venv/lib/python3.12/site-packages/cryptography/hazmat/primitives/asymmetric/ed25519.py
100644 blob 9ecb478bdf99ec0768dc2c0903f0ddf7f5f2822d    4002	batch4-backend/venv/lib/python3.12/site-packages/cryptography/hazmat/primitives/asymmetric/ed448.py
100644 blob beba90fb2bee8256adecacaedef5ed5c57731d9b   13803	batch4-backend/venv/lib/python3.12/site-packages/cryptography/hazmat/primitives/asymmetric/mldsa.py
100644 blob 64bca1151bd2be5e73fb0bf365bb1ea73ddaee49    7901	batch4-backend/venv/lib/python3.12/site-packages/cryptography/hazmat/primitives/asymmetric/mlkem.py
100644 blob 1fd2873e63918054374b718999b79d1c49bd29e0    3678	batch4-backend/venv/lib/python3.12/site-packages/cryptography/hazmat/primitives/asymmetric/padding.py
100644 blob d730cebdd35c809eff23dd627d3ce075c3360a7d    8492	batch4-backend/venv/lib/python3.12/site-packages/cryptography/hazmat/primitives/asymmetric/rsa.py
100644 blob dbf4b74cbd0e2c7cecc7af52cc9ff07a182aab6d    2588	batch4-backend/venv/lib/python3.12/site-packages/cryptography/hazmat/primitives/asymmetric/types.py
100644 blob c01c34274be5356360c9c0e065bc32843f6a6e9d     821	batch4-backend/venv/lib/python3.12/site-packages/cryptography/hazmat/primitives/asymmetric/utils.py
100644 blob 749899888f2bf6e7e875450fd76b0682a9a0e80e    3888	batch4-backend/venv/lib/python3.12/site-packages/cryptography/hazmat/primitives/asymmetric/x25519.py
100644 blob b9dc8261a2f2fce4ed3482098817c40608665a84    3913	batch4-backend/venv/lib/python3.12/site-packages/cryptography/hazmat/primitives/asymmetric/x448.py
100644 blob 10c15d0f5cb36f19ce23b3a4255e92ef27998c9b     680	batch4-backend/venv/lib/python3.12/site-packages/cryptography/hazmat/primitives/ciphers/__init__.py
100644 blob c8a582d7844ddf57670ba657b69b5ac1f20af1d1     634	batch4-backend/venv/lib/python3.12/site-packages/cryptography/hazmat/primitives/ciphers/aead.py
100644 blob 6b20dd57eb428eef216d1d510c8052c48a25fe41    3496	batch4-backend/venv/lib/python3.12/site-packages/cryptography/hazmat/primitives/ciphers/algorithms.py
100644 blob 24fceea236cb0f385f4b8c8c8e2e5772d018681b    4253	batch4-backend/venv/lib/python3.12/site-packages/cryptography/hazmat/primitives/ciphers/base.py
100644 blob c2008e97b6258e6226cedf02ee7126d5e1e935b2    6003	batch4-backend/venv/lib/python3.12/site-packages/cryptography/hazmat/primitives/ciphers/modes.py
100644 blob 2c67ce2206e4c36c7ab8c4a49ba9d87f07529598     338	batch4-backend/venv/lib/python3.12/site-packages/cryptography/hazmat/primitives/cmac.py
100644 blob 3975c7147eb92b56685423aa1c5810adcf253a23     422	batch4-backend/venv/lib/python3.12/site-packages/cryptography/hazmat/primitives/constant_time.py
100644 blob 50ed3559c2097e694527be3f9446a90c5ad3a1df    7916	batch4-backend/venv/lib/python3.12/site-packages/cryptography/hazmat/primitives/hashes.py
100644 blob a9442d59ab474ac680ff7253f2ca0e67d0e93c1a     423	batch4-backend/venv/lib/python3.12/site-packages/cryptography/hazmat/primitives/hmac.py
100644 blob c80280881f551ba79b5e3b922352431a2da809be     865	batch4-backend/venv/lib/python3.12/site-packages/cryptography/hazmat/primitives/hpke.py
100644 blob 26c45bd78f18f0b47085737f6b4fde460d5165e0    1037	batch4-backend/venv/lib/python3.12/site-packages/cryptography/hazmat/primitives/kdf/__init__.py
100644 blob 03e84d48ad41beb77c7be38a6d867535c79d35fd     632	batch4-backend/venv/lib/python3.12/site-packages/cryptography/hazmat/primitives/kdf/argon2.py
100644 blob 398dc5dc55c39a3c428d37c96ca1ad74a52a89c1     591	batch4-backend/venv/lib/python3.12/site-packages/cryptography/hazmat/primitives/kdf/concatkdf.py
100644 blob 1e162d9dee0ddb5f2d61a4421e5984933ae63a70     543	batch4-backend/venv/lib/python3.12/site-packages/cryptography/hazmat/primitives/kdf/hkdf.py
100644 blob e559df8fbd17640478cbf6f632824cb74d66db77     737	batch4-backend/venv/lib/python3.12/site-packages/cryptography/hazmat/primitives/kdf/kbkdf.py
100644 blob 771d80d4a25edd23563b5a51703f6e97dab02752     468	batch4-backend/venv/lib/python3.12/site-packages/cryptography/hazmat/primitives/kdf/pbkdf2.py
100644 blob f791ceea371b11c0d873ff031cf3bd653cb1b2b8     590	batch4-backend/venv/lib/python3.12/site-packages/cryptography/hazmat/primitives/kdf/scrypt.py
100644 blob 8c4e2d31ddf68ec90801f871afb9b0fe9b74888b     456	batch4-backend/venv/lib/python3.12/site-packages/cryptography/hazmat/primitives/kdf/x963kdf.py
100644 blob 123d97b016c56b4eb8c79c5b014559dc6c4937b1     735	batch4-backend/venv/lib/python3.12/site-packages/cryptography/hazmat/primitives/keywrap.py
100644 blob f9cd1f13c469beec5512d58b3de6ee1ced4362d5    1865	batch4-backend/venv/lib/python3.12/site-packages/cryptography/hazmat/primitives/padding.py
100644 blob 7f5a77a576fd258a9a634ae3c3365fc3f7d4702a     355	batch4-backend/venv/lib/python3.12/site-packages/cryptography/hazmat/primitives/poly1305.py
100644 blob 40beb2196ad7163c22861eb8a2e494c01f32e2d9    2217	batch4-backend/venv/lib/python3.12/site-packages/cryptography/hazmat/primitives/serialization/__init__.py
100644 blob f2b503b32e1a8bffd43ac5c7d6fc151c69ea2040     651	batch4-backend/venv/lib/python3.12/site-packages/cryptography/hazmat/primitives/serialization/base.py
100644 blob 58884ff61a79e50afe2df7ed134c33d447d02998    5104	batch4-backend/venv/lib/python3.12/site-packages/cryptography/hazmat/primitives/serialization/pkcs12.py
100644 blob 76b667a22a47fc0e2dc932519e9fa1d23a3bc7bf   13998	batch4-backend/venv/lib/python3.12/site-packages/cryptography/hazmat/primitives/serialization/pkcs7.py
100644 blob 230e14799a087f3da7a2b922b9058933fe96e8fe   53592	batch4-backend/venv/lib/python3.12/site-packages/cryptography/hazmat/primitives/serialization/ssh.py
100644 blob c1af423004863e7db3e163f61a6baa4ddc157351     258	batch4-backend/venv/lib/python3.12/site-packages/cryptography/hazmat/primitives/twofactor/__init__.py
100644 blob 21fb000499c43cb8492ce60d9a2c5ed6fab704e2    3256	batch4-backend/venv/lib/python3.12/site-packages/cryptography/hazmat/primitives/twofactor/hotp.py
100644 blob 10c725cc0ab0c9fff5a978a3d5278ccce52d4e67    1652	batch4-backend/venv/lib/python3.12/site-packages/cryptography/hazmat/primitives/twofactor/totp.py
100644 blob e69de29bb2d1d6434b8b29ae775ad8c2e48c5391       0	batch4-backend/venv/lib/python3.12/site-packages/cryptography/py.typed
100644 blob 90bd42d94e0ff1723a400c55c24339b18fff4416    4635	batch4-backend/venv/lib/python3.12/site-packages/cryptography/utils.py
100644 blob 6442b0096c1ca70c15de2098b51c1fe5c2052160    8253	batch4-backend/venv/lib/python3.12/site-packages/cryptography/x509/__init__.py
100644 blob 3ded5dc705a4faa86e48aa0fe0712c8b22bdb45e   28311	batch4-backend/venv/lib/python3.12/site-packages/cryptography/x509/base.py
100644 blob fb66cc6049528dd012f07bfcef765e284d0062d2     797	batch4-backend/venv/lib/python3.12/site-packages/cryptography/x509/certificate_transparency.py
100644 blob dc7728e23e6719e769f440848d2a5dc7ec5912aa   77975	batch4-backend/venv/lib/python3.12/site-packages/cryptography/x509/extensions.py
100644 blob 672f28759cb0ab6d60cb4e38a574095ae3e0159d    7836	batch4-backend/venv/lib/python3.12/site-packages/cryptography/x509/general_name.py
100644 blob 2e54edc457987ef8d7d8eb624b86595d2bf98fe1   15566	batch4-backend/venv/lib/python3.12/site-packages/cryptography/x509/name.py
100644 blob f61ed80b82bdea361b70d676a632f173368adc26   12699	batch4-backend/venv/lib/python3.12/site-packages/cryptography/x509/ocsp.py
100644 blob 520fc7ab018c1b62132b957d332a83abef51b39e     931	batch4-backend/venv/lib/python3.12/site-packages/cryptography/x509/oid.py
100644 blob 2db4324d9615fb0d4dce6cd4dc5a9b55f4e28745     958	batch4-backend/venv/lib/python3.12/site-packages/cryptography/x509/verification.py
100644 blob dde24a0138999bd3876dfdfad02d5d93014e481c    1230	batch4-backend/venv/lib/python3.12/site-packages/dotenv/__init__.py
100644 blob 3977f55a8b1e94e67bab364885e502e6c89e3bc5     129	batch4-backend/venv/lib/python3.12/site-packages/dotenv/__main__.py
100644 blob c78231cfe8a92069b56a097c1d4594ed8efcf7be    6969	batch4-backend/venv/lib/python3.12/site-packages/dotenv/cli.py
100644 blob 4e7edbbfe9d0d4c08659f12c469991a3fcb16b04    1326	batch4-backend/venv/lib/python3.12/site-packages/dotenv/ipython.py
100644 blob 3123690a3e41442596a24793e87a5416beac8ee7   15179	batch4-backend/venv/lib/python3.12/site-packages/dotenv/main.py
100644 blob d9d475838282140d07d4bc1bfec4a8890bdfaf36    5806	batch4-backend/venv/lib/python3.12/site-packages/dotenv/parser.py
100644 blob 7632ecf77545c5e5501cb3fc5719df0761104ca2      26	batch4-backend/venv/lib/python3.12/site-packages/dotenv/py.typed
100644 blob 667f2f26ff2182ecdfc5b809ba97a6cf1d1be13a    2348	batch4-backend/venv/lib/python3.12/site-packages/dotenv/variables.py
100644 blob b3f9ac7f1a3db1c3b67eb7be431b87759bd13ce4      22	batch4-backend/venv/lib/python3.12/site-packages/dotenv/version.py
100644 blob a1b589e38a32041e49332e5e81c2d363dc418d68       4	batch4-backend/venv/lib/python3.12/site-packages/fastapi-0.142.2.dist-info/INSTALLER
100644 blob 00b241a1609f764072e3bba5d0f9a6518f9d82b1   27096	batch4-backend/venv/lib/python3.12/site-packages/fastapi-0.142.2.dist-info/METADATA
100644 blob 00c112447c8cc4b1f972a34ae22ef55b67777bde    8556	batch4-backend/venv/lib/python3.12/site-packages/fastapi-0.142.2.dist-info/RECORD
100644 blob e69de29bb2d1d6434b8b29ae775ad8c2e48c5391       0	batch4-backend/venv/lib/python3.12/site-packages/fastapi-0.142.2.dist-info/REQUESTED
100644 blob 89852378cb0b9944156553848a125df4a5a5bee6      91	batch4-backend/venv/lib/python3.12/site-packages/fastapi-0.142.2.dist-info/WHEEL
100644 blob b81849e1ef82b793f6f81bb970cdc3cb791f5776      61	batch4-backend/venv/lib/python3.12/site-packages/fastapi-0.142.2.dist-info/entry_points.txt
100644 blob 3e92463e6bd522a2a21e5f0a80d8089d6c4be20d    1086	batch4-backend/venv/lib/python3.12/site-packages/fastapi-0.142.2.dist-info/licenses/LICENSE
100644 blob 164d64500796db3bf40f63db0cd68e52d4ca3bc9   10803	batch4-backend/venv/lib/python3.12/site-packages/fastapi/.agents/skills/fastapi/SKILL.md
100644 blob a562dd9469851c085b4591ce748ca6689864a1d3    3268	batch4-backend/venv/lib/python3.12/site-packages/fastapi/.agents/skills/fastapi/references/dependencies.md
100644 blob b5b58cfd62e330e738b25399175f9e5c921cd09d    1527	batch4-backend/venv/lib/python3.12/site-packages/fastapi/.agents/skills/fastapi/references/other-tools.md
100644 blob 1292c17742536ea255813563d4757502bf209b2d    1583	batch4-backend/venv/lib/python3.12/site-packages/fastapi/.agents/skills/fastapi/references/path-operations.md
100644 blob fadf99c1a9d52110d2039cc03b0ab80a95875e82    1844	batch4-backend/venv/lib/python3.12/site-packages/fastapi/.agents/skills/fastapi/references/pydantic.md
100644 blob 09081236a0ac06a15cc08d1eb25b01e00f69e564    1856	batch4-backend/venv/lib/python3.12/site-packages/fastapi/.agents/skills/fastapi/references/responses.md
100644 blob 0832eedcb92b747444e4fcc406c845ed51fa21bd    2581	batch4-backend/venv/lib/python3.12/site-packages/fastapi/.agents/skills/fastapi/references/streaming.md
100644 blob 4848ce84e8805c4eee1e6ce3ad8afa7701c34042    1081	batch4-backend/venv/lib/python3.12/site-packages/fastapi/__init__.py
100644 blob fc36465f5f40701bf333de8811d76d3484f211e6      37	batch4-backend/venv/lib/python3.12/site-packages/fastapi/__main__.py
100644 blob 4581c38c88ede0d70f9c40a67fbc9ee79529cffd    2095	batch4-backend/venv/lib/python3.12/site-packages/fastapi/_compat/__init__.py
100644 blob 8d4720a2ed3a31531efaf3e0bc3cf4b2a3763ac5    7323	batch4-backend/venv/lib/python3.12/site-packages/fastapi/_compat/shared.py
100644 blob 7be686d8655a9e7720ff0d751f82283cac20db98   17601	batch4-backend/venv/lib/python3.12/site-packages/fastapi/_compat/v2.py
100644 blob 689a828f3dc52bce08c8bee6d0ddaeb4b74073a9  185867	batch4-backend/venv/lib/python3.12/site-packages/fastapi/applications.py
100644 blob 37932a49e2eabbd561a8e9f195cf1797e553da25    2039	batch4-backend/venv/lib/python3.12/site-packages/fastapi/background.py
100644 blob 243b3ab61cc499ef3fa82c8e5465475977f544a0     454	batch4-backend/venv/lib/python3.12/site-packages/fastapi/cli.py
100644 blob 76a5a2eb128bc8c22d61d986ab2cdc434178dd24    1489	batch4-backend/venv/lib/python3.12/site-packages/fastapi/concurrency.py
100644 blob 1da784cf0927ed55ec6abeb051d89a6ce1e90630    5321	batch4-backend/venv/lib/python3.12/site-packages/fastapi/datastructures.py
100644 blob e69de29bb2d1d6434b8b29ae775ad8c2e48c5391       0	batch4-backend/venv/lib/python3.12/site-packages/fastapi/dependencies/__init__.py
100644 blob 5c7cbc82ba12e30d18887f170ca1704b59c8f915    8092	batch4-backend/venv/lib/python3.12/site-packages/fastapi/dependencies/models.py
100644 blob 01820e6a4cf477a22fffeaad1b308489d6a4a0a8   39180	batch4-backend/venv/lib/python3.12/site-packages/fastapi/dependencies/utils.py
100644 blob e578768dac5b33556087b42bd6a2e0782a9d5379   11713	batch4-backend/venv/lib/python3.12/site-packages/fastapi/encoders.py
100644 blob 475dd7bdd9891a7595b6df5db97cd3840179c8fa    1275	batch4-backend/venv/lib/python3.12/site-packages/fastapi/exception_handlers.py
100644 blob d7065c52fe20220e12b7d20db4da7cbeadaf171a    7453	batch4-backend/venv/lib/python3.12/site-packages/fastapi/exceptions.py
100644 blob 5b2c4ad5250b589aa0c8f8d1cc9125b91b10edb0      54	batch4-backend/venv/lib/python3.12/site-packages/fastapi/logger.py
100644 blob 620296d5ad6ca2cc49eb5d0dc140bcbc3204e9b4      58	batch4-backend/venv/lib/python3.12/site-packages/fastapi/middleware/__init__.py
100644 blob 4ce3f5a625548a00514f872d1653194bd3669a73     637	batch4-backend/venv/lib/python3.12/site-packages/fastapi/middleware/asyncexitstack.py
100644 blob 8dfaad0dbb3ff5300cccb2023748cd30f54bc920      79	batch4-backend/venv/lib/python3.12/site-packages/fastapi/middleware/cors.py
100644 blob bbeb2cc7861a735d6cd5c0e29aeb6dbf8457023a      79	batch4-backend/venv/lib/python3.12/site-packages/fastapi/middleware/gzip.py
100644 blob b7a3d8e078574e87dc6e345d621f5a596c3bdc1e     115	batch4-backend/venv/lib/python3.12/site-packages/fastapi/middleware/httpsredirect.py
100644 blob 08d7e035315677856fd2cd0be2044689b57619bf     109	batch4-backend/venv/lib/python3.12/site-packages/fastapi/middleware/trustedhost.py
100644 blob 69e4dcab96370cac0ab93039a1eb9376d1659120     107	batch4-backend/venv/lib/python3.12/site-packages/fastapi/middleware/wsgi.py
100644 blob e69de29bb2d1d6434b8b29ae775ad8c2e48c5391       0	batch4-backend/venv/lib/python3.12/site-packages/fastapi/openapi/__init__.py
100644 blob d724ee3cfdbcda1c39f39511046c7a884186ca98     153	batch4-backend/venv/lib/python3.12/site-packages/fastapi/openapi/constants.py
100644 blob 0d9242f9fa6a5212114b8f4036adfaf0e518020f   12425	batch4-backend/venv/lib/python3.12/site-packages/fastapi/openapi/docs.py
100644 blob ca26bf931e196fa9c5ef367838c98bdff730b230   14608	batch4-backend/venv/lib/python3.12/site-packages/fastapi/openapi/models.py
100644 blob 74caac44a4187fa6646b5053dd5ca83641ee26df   29347	batch4-backend/venv/lib/python3.12/site-packages/fastapi/openapi/utils.py
100644 blob 1856178fcb5c88a46899a7a490fbb0c26d314da1   69596	batch4-backend/venv/lib/python3.12/site-packages/fastapi/param_functions.py
100644 blob d3f2ae175b1fd3f0dc95c2be70ec7c546040f6ae   26205	batch4-backend/venv/lib/python3.12/site-packages/fastapi/params.py
100644 blob e69de29bb2d1d6434b8b29ae775ad8c2e48c5391       0	batch4-backend/venv/lib/python3.12/site-packages/fastapi/py.typed
100644 blob d16552c0a9535e1c0bd7f701987301681832eba5     142	batch4-backend/venv/lib/python3.12/site-packages/fastapi/requests.py
100644 blob 29df4b7a614b411237700d25c4ac27b985811730    4144	batch4-backend/venv/lib/python3.12/site-packages/fastapi/responses.py
100644 blob 481660275ca94e9cece101831de5e47aaaf99860  259409	batch4-backend/venv/lib/python3.12/site-packages/fastapi/routing.py
100644 blob 3aa6bf21e44f3069adb94242fbba5c8160532a1c     881	batch4-backend/venv/lib/python3.12/site-packages/fastapi/security/__init__.py
100644 blob 2252586818214e25300f4ed7b80609db933f9c68    9756	batch4-backend/venv/lib/python3.12/site-packages/fastapi/security/api_key.py
100644 blob c43555deb8ea83b14241a5631c9ea451c96f6e7f     141	batch4-backend/venv/lib/python3.12/site-packages/fastapi/security/base.py
100644 blob a32948ef0a0ec61d60d50229038d965ee815d60a   13410	batch4-backend/venv/lib/python3.12/site-packages/fastapi/security/http.py
100644 blob 3fd9e41eb320b589ea680b313e1375d145b7085e   24178	batch4-backend/venv/lib/python3.12/site-packages/fastapi/security/oauth2.py
100644 blob 125a81943183c818d3831f9bb2555a3881c903a1    3136	batch4-backend/venv/lib/python3.12/site-packages/fastapi/security/open_id_connect_url.py
100644 blob 8ee66fd3812be2af9d9a3587feffb83cd8e512c3     261	batch4-backend/venv/lib/python3.12/site-packages/fastapi/security/utils.py
100644 blob c31334835032570d8244526a623ac249ffc77284    7083	batch4-backend/venv/lib/python3.12/site-packages/fastapi/sse.py
100644 blob 299015d4fef268cde91273790251f35192e1c8a6      69	batch4-backend/venv/lib/python3.12/site-packages/fastapi/staticfiles.py
100644 blob d31e7d1638e6b16ae8b6127584f4e5a0fb7c5b47     161	batch4-backend/venv/lib/python3.12/site-packages/fastapi/telemetry/__init__.py
100644 blob d9b581e28523ef5b3870909d3c6678c2d366b58b    9759	batch4-backend/venv/lib/python3.12/site-packages/fastapi/telemetry/_api.py
100644 blob 758e3e3e61cfa463ec7e701bea1e262b4547bf87   16724	batch4-backend/venv/lib/python3.12/site-packages/fastapi/telemetry/_asgi.py
100644 blob d2b9df86468e0c157ed59a13f34861327c1dd9d6    9997	batch4-backend/venv/lib/python3.12/site-packages/fastapi/telemetry/_runtime.py
100644 blob 0cb868486edd9dda38f90c65f314597813128cf8      76	batch4-backend/venv/lib/python3.12/site-packages/fastapi/templating.py
100644 blob 4012406aa76f743c5c5d1ab8ff56d6d67cfb6653      66	batch4-backend/venv/lib/python3.12/site-packages/fastapi/testclient.py
100644 blob 1fb86e13b126ff7d20432d414f00b6bc372554a6     438	batch4-backend/venv/lib/python3.12/site-packages/fastapi/types.py
100644 blob 12eaa2bf089c827f20a72dd82cbdb75deaac970a    4341	batch4-backend/venv/lib/python3.12/site-packages/fastapi/utils.py
100644 blob 55a4ac4a1a918720bb3b94eaea6f8737b968216a     222	batch4-backend/venv/lib/python3.12/site-packages/fastapi/websockets.py
100644 blob a1b589e38a32041e49332e5e81c2d363dc418d68       4	batch4-backend/venv/lib/python3.12/site-packages/firebase_admin-7.7.0.dist-info/INSTALLER
100644 blob 6ace187a371a72c04c6887dd7957c07700cbf687    1761	batch4-backend/venv/lib/python3.12/site-packages/firebase_admin-7.7.0.dist-info/METADATA
100644 blob bd9ff263ad68aec4a17f349e7edca4959875ccad    5264	batch4-backend/venv/lib/python3.12/site-packages/firebase_admin-7.7.0.dist-info/RECORD
100644 blob e69de29bb2d1d6434b8b29ae775ad8c2e48c5391       0	batch4-backend/venv/lib/python3.12/site-packages/firebase_admin-7.7.0.dist-info/REQUESTED
100644 blob 14a883f292bc96b20c2b76a3081991f2676523a9      91	batch4-backend/venv/lib/python3.12/site-packages/firebase_admin-7.7.0.dist-info/WHEEL
100644 blob 261eeb9e9f8b2b4b0d119366dda99c6fd7d35c64   11357	batch4-backend/venv/lib/python3.12/site-packages/firebase_admin-7.7.0.dist-info/licenses/LICENSE
100644 blob 9b59c15ec09e0cb140da4e64cee0f4be05a9d850      15	batch4-backend/venv/lib/python3.12/site-packages/firebase_admin-7.7.0.dist-info/top_level.txt
100644 blob 09b693d71b821d37506de0d21a282401a0ddd42a     808	batch4-backend/venv/lib/python3.12/site-packages/firebase_admin/__about__.py
100644 blob 8c9f628e509a3948f30d3eef0e4943cda261dba1   12204	batch4-backend/venv/lib/python3.12/site-packages/firebase_admin/__init__.py
100644 blob 74261fa3733ee11194dbc0bb03e956367341a9fb   37017	batch4-backend/venv/lib/python3.12/site-packages/firebase_admin/_auth_client.py
100644 blob cc7949526afc4aaf064761d5e57ccd30c4ad4e7f   17143	batch4-backend/venv/lib/python3.12/site-packages/firebase_admin/_auth_providers.py
100644 blob 8f3c419a7ff527eaa680545d07ae200749253e53   18792	batch4-backend/venv/lib/python3.12/site-packages/firebase_admin/_auth_utils.py
100644 blob 6d25822915ca8b6a2b737e97906a260712719b5a   14242	batch4-backend/venv/lib/python3.12/site-packages/firebase_admin/_http_client.py
100644 blob b7c6910747bb41efda4a235e3bf9f6999a3fd2d7   35208	batch4-backend/venv/lib/python3.12/site-packages/firebase_admin/_messaging_encoder.py
100644 blob 877bccddc3ef85e07f4eaa679502a8ecb9ae75d7   25250	batch4-backend/venv/lib/python3.12/site-packages/firebase_admin/_messaging_utils.py
100644 blob efd90a743b7c771bdd1f878d95503265c424934b    8459	batch4-backend/venv/lib/python3.12/site-packages/firebase_admin/_retry.py
100644 blob 8489bdcb92505febc45087ff9be7b07c3f6038f5    3180	batch4-backend/venv/lib/python3.12/site-packages/firebase_admin/_rfc3339.py
100644 blob 3372fe5f2ad27e0bfcda0eee42faa5fc55ae9ba8    6804	batch4-backend/venv/lib/python3.12/site-packages/firebase_admin/_sseclient.py
100644 blob 1607ef0bafab5b1c6f7bd0a8c019087864517bde   19425	batch4-backend/venv/lib/python3.12/site-packages/firebase_admin/_token_gen.py
100644 blob 85a224e0bed52b89998238126f8bfef9d545d45c    2721	batch4-backend/venv/lib/python3.12/site-packages/firebase_admin/_user_identifier.py
100644 blob 7c7a9e70b91065c17e675a9fd2399de39dfb5e02   17411	batch4-backend/venv/lib/python3.12/site-packages/firebase_admin/_user_import.py
100644 blob e7825499c160728cddac79de26f9215fc717bee1   33050	batch4-backend/venv/lib/python3.12/site-packages/firebase_admin/_user_mgt.py
100644 blob 0277b9e5f2e09f96fde68a167cfe5e404532fb66   13277	batch4-backend/venv/lib/python3.12/site-packages/firebase_admin/_utils.py
100644 blob 7dbd8fe6d9267937c289a964998bf99d77b53647    9028	batch4-backend/venv/lib/python3.12/site-packages/firebase_admin/app_check.py
100644 blob cb63ab7f00ece487676f8a71819623d2d738d7e0   38690	batch4-backend/venv/lib/python3.12/site-packages/firebase_admin/auth.py
100644 blob 0edbecaae035ce7b1a6a671b0381bbdfd3314e13    8599	batch4-backend/venv/lib/python3.12/site-packages/firebase_admin/credentials.py
100644 blob 800cbf8e3479e22a4759324dc82b4f5b0fcfef55   36922	batch4-backend/venv/lib/python3.12/site-packages/firebase_admin/db.py
100644 blob 947f36806672bcbfd9d1e05ae043acf8501d5f58    8506	batch4-backend/venv/lib/python3.12/site-packages/firebase_admin/exceptions.py
100644 blob 52ea90671576fcf0c5a6793477bfe0b3406694d3    3857	batch4-backend/venv/lib/python3.12/site-packages/firebase_admin/firestore.py
100644 blob 4a197e9dffffb172a2ffdcd67776efacd6c05564    3979	batch4-backend/venv/lib/python3.12/site-packages/firebase_admin/firestore_async.py
100644 blob 66ba700b3797758a86c19cc144ede8cd001601dc   22691	batch4-backend/venv/lib/python3.12/site-packages/firebase_admin/functions.py
100644 blob 812daf40bbd12b1a7a4e55b550aa549c20fef01a    3759	batch4-backend/venv/lib/python3.12/site-packages/firebase_admin/instance_id.py
100644 blob a108444a34ba5efc7bd4aa65b5ad67f57d567c40   37923	batch4-backend/venv/lib/python3.12/site-packages/firebase_admin/messaging.py
100644 blob 2257383b90490d66b1e7d4afebfb4bafa3f42bc4   41887	batch4-backend/venv/lib/python3.12/site-packages/firebase_admin/ml.py
100644 blob ea8f0cdaba8ec59412b5b7d065bdac5b88379931    9054	batch4-backend/venv/lib/python3.12/site-packages/firebase_admin/phone_number_verification.py
100644 blob 73c100d3ac53270df5ec18bf05e5e27c3bff3ddd   24747	batch4-backend/venv/lib/python3.12/site-packages/firebase_admin/project_management.py
100644 blob 880804d3d27c43a2970fc64328ee3f1c817b5de2   33965	batch4-backend/venv/lib/python3.12/site-packages/firebase_admin/remote_config.py
100644 blob d2f004be6cf7c7d1ec09247b4c74dad05aca6dca    3510	batch4-backend/venv/lib/python3.12/site-packages/firebase_admin/storage.py
100644 blob 9e713d9882bffa809b15a915dbfa37c850080d08   16767	batch4-backend/venv/lib/python3.12/site-packages/firebase_admin/tenant_mgt.py
100644 blob f319f8ea6953e0d88123bb151725ad02f190c352    1558	batch4-backend/venv/lib/python3.12/site-packages/google/_async_resumable_media/__init__.py
100644 blob 66eb34ae497bd7908b037d54adadeea3738381d3   20350	batch4-backend/venv/lib/python3.12/site-packages/google/_async_resumable_media/_download.py
100644 blob 2cd6f93db739e03c5c3f5fb177b6584919b3c893    6571	batch4-backend/venv/lib/python3.12/site-packages/google/_async_resumable_media/_helpers.py
100644 blob 65f261203917e5b08cd39822ba050382e162e4f8   37335	batch4-backend/venv/lib/python3.12/site-packages/google/_async_resumable_media/_upload.py
100644 blob f028bc206f48735f83193513909abd2d0aca3d1b   21399	batch4-backend/venv/lib/python3.12/site-packages/google/_async_resumable_media/requests/__init__.py
100644 blob 93c345c491ace5b5478155d04130c10c43a7e403    5117	batch4-backend/venv/lib/python3.12/site-packages/google/_async_resumable_media/requests/_request_helpers.py
100644 blob 4017804678e6f528fcbfef25694d4edf1bcb4244   19003	batch4-backend/venv/lib/python3.12/site-packages/google/_async_resumable_media/requests/download.py
100644 blob cbe2f8f027759db10c1ab5df9e4f6fbfb33484e9   19251	batch4-backend/venv/lib/python3.12/site-packages/google/_async_resumable_media/requests/upload.py
100755 blob 5e2bccaee7027ead364981a039473136edb77d28  421992	batch4-backend/venv/lib/python3.12/site-packages/google/_upb/_message.abi3.so
100644 blob 417edd8fa19db17edfdc1037b6d600ddb7ab3aaa    1045	batch4-backend/venv/lib/python3.12/site-packages/google/api/annotations.proto
100644 blob 5c3dde51615dc60100c46d261095aa385c1ceccd    2414	batch4-backend/venv/lib/python3.12/site-packages/google/api/annotations_pb2.py
100644 blob 4c4afeb9545f335208847cef9c4a6f7fa69ab481     887	batch4-backend/venv/lib/python3.12/site-packages/google/api/annotations_pb2.pyi
100644 blob 9b025bac156c6c415aff9a638cc6752a970897b7    9262	batch4-backend/venv/lib/python3.12/site-packages/google/api/auth.proto
100644 blob ec830520e082e683b2c15a5c448874c191c3fce5    3826	batch4-backend/venv/lib/python3.12/site-packages/google/api/auth_pb2.py
100644 blob 421473a3972fe1ec268899a140903daa5d694b16    4353	batch4-backend/venv/lib/python3.12/site-packages/google/api/auth_pb2.pyi
100644 blob 7bff445a341f35e40740b8f43ec42b1a585265f3    7609	batch4-backend/venv/lib/python3.12/site-packages/google/api/backend.proto
100644 blob 4af4f5a41d65442599e569c901ece975a132a183    4067	batch4-backend/venv/lib/python3.12/site-packages/google/api/backend_pb2.py
100644 blob 162a4bd8761ddd7de6636261bf26e73ce0ab584d    4056	batch4-backend/venv/lib/python3.12/site-packages/google/api/backend_pb2.pyi
100644 blob 2b86bb61e420f3d3f0dbbb9e3d9e79c4f9247e32    3062	batch4-backend/venv/lib/python3.12/site-packages/google/api/billing.proto
100644 blob 37a99bcf6384a1880ad575815cf569740c18cbee    2542	batch4-backend/venv/lib/python3.12/site-packages/google/api/billing_pb2.py
100644 blob f50e8794e18341e2e94b363806bcfa73ea66a69e    1889	batch4-backend/venv/lib/python3.12/site-packages/google/api/billing_pb2.pyi
100644 blob 332e0d086dc54b3d07df3fb1e4abb3e1ae961086   21460	batch4-backend/venv/lib/python3.12/site-packages/google/api/client.proto
100644 blob 7387ce9efe20ef3c95243f792616eac2c38610f7   13096	batch4-backend/venv/lib/python3.12/site-packages/google/api/client_pb2.py
100644 blob c25654fb9a27f60477a7f471bac5ebe9a9973f83   19974	batch4-backend/venv/lib/python3.12/site-packages/google/api/client_pb2.pyi
100644 blob b6792b9a50af79465077a2a7306f86adf61ab5f1    3166	batch4-backend/venv/lib/python3.12/site-packages/google/api/config_change.proto
100644 blob 56754c8f30e4efde15536f2d329597c66c339eb5    2927	batch4-backend/venv/lib/python3.12/site-packages/google/api/config_change_pb2.py
100644 blob 3c7f2c3d27f237514eb034796fedc17da453b31e    2402	batch4-backend/venv/lib/python3.12/site-packages/google/api/config_change_pb2.pyi
100644 blob 303604900b947bd8b788791d6f82f4d667ae723d    2717	batch4-backend/venv/lib/python3.12/site-packages/google/api/consumer.proto
100644 blob 8dd1f11b41b13f229e6bb156be6c7cabd91aeb34    2803	batch4-backend/venv/lib/python3.12/site-packages/google/api/consumer_pb2.py
100644 blob 4e990bff7bf6fa635b5118ea7e8d21830baf6a98    2367	batch4-backend/venv/lib/python3.12/site-packages/google/api/consumer_pb2.pyi
100644 blob c1704f1e9995cde4f0d275a2e597ade369ca5d0d    3229	batch4-backend/venv/lib/python3.12/site-packages/google/api/context.proto
100644 blob 70bb2fb3da6f3a622a25679158917bcc32398979    2604	batch4-backend/venv/lib/python3.12/site-packages/google/api/context_pb2.py
100644 blob 65612dbd1ae89c39b3e30597425a8a25bc782681    2357	batch4-backend/venv/lib/python3.12/site-packages/google/api/context_pb2.pyi
100644 blob c0dc0cdc3d29d29c32c8e5b6d38035ccfb8a27ad    1438	batch4-backend/venv/lib/python3.12/site-packages/google/api/control.proto
100644 blob c25f7bc53be52191e5b4fd911372861d51f9dca1    2405	batch4-backend/venv/lib/python3.12/site-packages/google/api/control_pb2.py
100644 blob 789dc6c053616b182d284e94a78c6f1bd3d39746    1564	batch4-backend/venv/lib/python3.12/site-packages/google/api/control_pb2.pyi
100644 blob 51cf36ef4f9913f61078d8f760f3f286a296172c    8660	batch4-backend/venv/lib/python3.12/site-packages/google/api/distribution.proto
100644 blob c41351375504d6a7a7b4192e74e043a8ad55cedc    4717	batch4-backend/venv/lib/python3.12/site-packages/google/api/distribution_pb2.py
100644 blob 5b3ca23e14284642eb5a2e1f27b011ea99e6b095    5851	batch4-backend/venv/lib/python3.12/site-packages/google/api/distribution_pb2.pyi
100644 blob a730ab89a5f598066728d24ab3e75718b7d877c2    6925	batch4-backend/venv/lib/python3.12/site-packages/google/api/documentation.proto
100644 blob c1c4fb24ad6942944bd6673d1b39aa44daaada2e    3077	batch4-backend/venv/lib/python3.12/site-packages/google/api/documentation_pb2.py
100644 blob f5e066d5c0bdc3b8317ceb9504044adf5fe3f396    3080	batch4-backend/venv/lib/python3.12/site-packages/google/api/documentation_pb2.pyi
100644 blob 047cf54d515039a4c28520e6a55d968890cc8334    2891	batch4-backend/venv/lib/python3.12/site-packages/google/api/endpoint.proto
100644 blob 8b18f07ed6eefae72562b5b86278cc04725cadaf    2337	batch4-backend/venv/lib/python3.12/site-packages/google/api/endpoint_pb2.py
100644 blob 8141e33c1f99261abc9aabc684611ae206d59776    1499	batch4-backend/venv/lib/python3.12/site-packages/google/api/endpoint_pb2.pyi
100644 blob 3b4826e5f74739bf642ac99d289dd942770035eb   30153	batch4-backend/venv/lib/python3.12/site-packages/google/api/error_reason.proto
100644 blob f2d164dd74766cbe41c51e8b13fd9b6b6864fdcd    4232	batch4-backend/venv/lib/python3.12/site-packages/google/api/error_reason_pb2.py
100644 blob 9450370e6a91b7f28412f3102bffc182c18c4b9f    4813	batch4-backend/venv/lib/python3.12/site-packages/google/api/error_reason_pb2.pyi
100644 blob 861f8254fb593996b867e4b57014779cf39185d2    4306	batch4-backend/venv/lib/python3.12/site-packages/google/api/field_behavior.proto
100644 blob 2afc7b7e1ab4e664caec2d0a9003da40fe9c0af6    2922	batch4-backend/venv/lib/python3.12/site-packages/google/api/field_behavior_pb2.py
100644 blob c67ed0382d3f9ce75a0143b202b111eedfa2f7c8    1680	batch4-backend/venv/lib/python3.12/site-packages/google/api/field_behavior_pb2.pyi
100644 blob 64387fde139553a0b1c450ed5bab7cbc03f5f933    4456	batch4-backend/venv/lib/python3.12/site-packages/google/api/field_info.proto
100644 blob 2afa06a1f09e00531993a136f9d52acd56d76b79    3048	batch4-backend/venv/lib/python3.12/site-packages/google/api/field_info_pb2.py
100644 blob 4ccc4744a7eb0dd9812f977b91c4edfa32b46282    2386	batch4-backend/venv/lib/python3.12/site-packages/google/api/field_info_pb2.pyi
100644 blob bb3af8e56a05642801721ce3de67c8282cf26053   15059	batch4-backend/venv/lib/python3.12/site-packages/google/api/http.proto
100644 blob c5740b7744f8c07226d23a7c3f4ec0664023d119    3094	batch4-backend/venv/lib/python3.12/site-packages/google/api/http_pb2.py
100644 blob 2dafa8fc029e2d7a368d3220901b7482efa788cd    3176	batch4-backend/venv/lib/python3.12/site-packages/google/api/http_pb2.pyi
100644 blob 3fd226a987f7272ccc699f7f0d81dbf507cb931b    2661	batch4-backend/venv/lib/python3.12/site-packages/google/api/httpbody.proto
100644 blob fa13b3858468e20c77fd863bf1dc6eebdfab9b27    2419	batch4-backend/venv/lib/python3.12/site-packages/google/api/httpbody_pb2.py
100644 blob eed5062fd19c28a82f9d022a6a5b765b188448fa    1587	batch4-backend/venv/lib/python3.12/site-packages/google/api/httpbody_pb2.pyi
100644 blob 5d77c708824fc26c11354b036e393db90f7139ba    1357	batch4-backend/venv/lib/python3.12/site-packages/google/api/label.proto
100644 blob 4d5d5c6db38d71dd4b5e6327098f6039e1acc6df    2552	batch4-backend/venv/lib/python3.12/site-packages/google/api/label_pb2.py
100644 blob ca9a0b714069211e158fb71428a7fb1e0fa743d3    1778	batch4-backend/venv/lib/python3.12/site-packages/google/api/label_pb2.pyi
100644 blob 0fff247bd8fa0961ceb5f6e70abaa4d7db066746    3083	batch4-backend/venv/lib/python3.12/site-packages/google/api/launch_stage.proto
100644 blob c756f2a5ef374e7e339681b9d9de3f9ea72bac1f    2444	batch4-backend/venv/lib/python3.12/site-packages/google/api/launch_stage_pb2.py
100644 blob bdbe119a889f2f97ece46b566e54902abddcdd2e    1381	batch4-backend/venv/lib/python3.12/site-packages/google/api/launch_stage_pb2.pyi
100644 blob 2f13e72750bba5d171d9ab107340c97432d9b611    2043	batch4-backend/venv/lib/python3.12/site-packages/google/api/log.proto
100644 blob 37d43533847e8ef4b28e1c543bc0bcf1c3525482    2461	batch4-backend/venv/lib/python3.12/site-packages/google/api/log_pb2.py
100644 blob 76948cac3d377244df46a502608c5e7610b33021    1746	batch4-backend/venv/lib/python3.12/site-packages/google/api/log_pb2.pyi
100644 blob 7a82de9acb61edd7672728d523c37f0b34f5a8e1    3174	batch4-backend/venv/lib/python3.12/site-packages/google/api/logging.proto
100644 blob 9526e782c03fe9bda21a196b6e0beb2f54504097    2623	batch4-backend/venv/lib/python3.12/site-packages/google/api/logging_pb2.py
100644 blob aa29c856c97e676596f520234a6d433620bc45ce    2196	batch4-backend/venv/lib/python3.12/site-packages/google/api/logging_pb2.pyi
100644 blob b7fb82a9bb61d1a15df530a54c1ae83b31b3469d   11166	batch4-backend/venv/lib/python3.12/site-packages/google/api/metric.proto
100644 blob b2935e682dd72dd7319bfdb1bc2c70b83b24ed11    5708	batch4-backend/venv/lib/python3.12/site-packages/google/api/metric_pb2.py
100644 blob 6da69754a095e6428d1ff2f2f32cdd839ea8b1a4    7959	batch4-backend/venv/lib/python3.12/site-packages/google/api/metric_pb2.pyi
100644 blob eaf1f1280be7311ed897cc26504b1d9849d8bb71    5888	batch4-backend/venv/lib/python3.12/site-packages/google/api/monitored_resource.proto
100644 blob c91edf4f6e55c10a2fdf887b0593ee62ae80c492    4399	batch4-backend/venv/lib/python3.12/site-packages/google/api/monitored_resource_pb2.py
100644 blob 5e125018a18a07b17f02455f69a650a2da17b3bb    3662	batch4-backend/venv/lib/python3.12/site-packages/google/api/monitored_resource_pb2.pyi
100644 blob b939a0ca2a55a9e9a5753fce34e03356c736f12b    4457	batch4-backend/venv/lib/python3.12/site-packages/google/api/monitoring.proto
100644 blob 5fdbe629bc94f5eedb6cdc9047804a3f44b3bf0a    2681	batch4-backend/venv/lib/python3.12/site-packages/google/api/monitoring_pb2.py
100644 blob b6eade828000f78ac7f93b033898579efbfdbda6    2238	batch4-backend/venv/lib/python3.12/site-packages/google/api/monitoring_pb2.pyi
100644 blob c925fdc427269157aed66b1a791edf8d247857d8    3110	batch4-backend/venv/lib/python3.12/site-packages/google/api/policy.proto
100644 blob b2ed227e598c2a7f374d00ac0a87e4ac9fac7520    2912	batch4-backend/venv/lib/python3.12/site-packages/google/api/policy_pb2.py
100644 blob 2c5fe960d98f57c7fe2e5551e02b6d9c509aa542    2187	batch4-backend/venv/lib/python3.12/site-packages/google/api/policy_pb2.pyi
100644 blob 29ae86ed4675e5f323121f7e0b98c60b9571463c    7180	batch4-backend/venv/lib/python3.12/site-packages/google/api/quota.proto
100644 blob e61b0f2634d283663297a45b2f244f9e70c20234    3852	batch4-backend/venv/lib/python3.12/site-packages/google/api/quota_pb2.py
100644 blob 2c70590ab901bc3f7f2e180ec9a7c699b825aa2f    3894	batch4-backend/venv/lib/python3.12/site-packages/google/api/quota_pb2.pyi
100644 blob 2a5213bb08aa6fe205eddb439f2e2dba0b64960e    8994	batch4-backend/venv/lib/python3.12/site-packages/google/api/resource.proto
100644 blob c97e1f47fe67c8f16cb882e6f649be29752fe7b7    3763	batch4-backend/venv/lib/python3.12/site-packages/google/api/resource_pb2.py
100644 blob 806682cdb3dae3e69ee1eade922db502f80494a1    3597	batch4-backend/venv/lib/python3.12/site-packages/google/api/resource_pb2.pyi
100644 blob 020d32f7b71bcdbe40c681d2044a21c30feaf448   15193	batch4-backend/venv/lib/python3.12/site-packages/google/api/routing.proto
100644 blob e05ddcfba71bd00ddf8ec4c071cf7c55f26e469d    2716	batch4-backend/venv/lib/python3.12/site-packages/google/api/routing_pb2.py
100644 blob 39fe16e56590b7d3bc5213181266f7ea7a956ca1    1839	batch4-backend/venv/lib/python3.12/site-packages/google/api/routing_pb2.pyi
100644 blob 9952ca0e8d5bcbccad7812a2a1c7d23a03e94568    6698	batch4-backend/venv/lib/python3.12/site-packages/google/api/service.proto
100644 blob 5ccd118291d3a5c3093d14ad863e584ba16d678b    6085	batch4-backend/venv/lib/python3.12/site-packages/google/api/service_pb2.py
100644 blob 93b393abfb7a41027e60c52136fc2304b7927c9c    7182	batch4-backend/venv/lib/python3.12/site-packages/google/api/service_pb2.pyi
100644 blob 1d4094e13d5064713cd4845afe6d11508e593780    1091	batch4-backend/venv/lib/python3.12/site-packages/google/api/source_info.proto
100644 blob 9272ce27d5315026e3b3f296bc38a7e9854f8714    2386	batch4-backend/venv/lib/python3.12/site-packages/google/api/source_info_pb2.py
100644 blob f21bfe427d0c2db85f2b1a2a442c42eaf6527e30    1361	batch4-backend/venv/lib/python3.12/site-packages/google/api/source_info_pb2.pyi
100644 blob 5ab1f37e1b60c7f59efccd3ce67a46de291e14e4    3475	batch4-backend/venv/lib/python3.12/site-packages/google/api/system_parameter.proto
100644 blob 822ca3a5a8a97de221c5bb445b41d7d15efab213    2847	batch4-backend/venv/lib/python3.12/site-packages/google/api/system_parameter_pb2.py
100644 blob 14b7b286b9685de6178ea5addc1be38538b5570b    2235	batch4-backend/venv/lib/python3.12/site-packages/google/api/system_parameter_pb2.pyi
100644 blob df1b93b39fd8fab13e6b8686aa4a8e4b3664d936    3198	batch4-backend/venv/lib/python3.12/site-packages/google/api/usage.proto
100644 blob 8dce5908682ad520025cf4c6d3f81be39a1ef6d0    2579	batch4-backend/venv/lib/python3.12/site-packages/google/api/usage_pb2.py
100644 blob 444b29e10bb16e46d5a375606b539bf212f20e7b    2215	batch4-backend/venv/lib/python3.12/site-packages/google/api/usage_pb2.pyi
100644 blob fb5cac6f2665fcc4cd2801d616c34588b2efaa98    3767	batch4-backend/venv/lib/python3.12/site-packages/google/api/visibility.proto
100644 blob 4d54b6d221882f30f1bc7ab2fc952dcfeb382d40    3344	batch4-backend/venv/lib/python3.12/site-packages/google/api/visibility_pb2.py
100644 blob c4d32773bd71337c3e54e033c382d865d8b8bf3d    2231	batch4-backend/venv/lib/python3.12/site-packages/google/api/visibility_pb2.pyi
100644 blob 6b9c47f9461bcb8d894401c6712cd800cc773f4f    1629	batch4-backend/venv/lib/python3.12/site-packages/google/api_core/__init__.py
100644 blob 0cf9bed7b5ce883bd4bb213521a4622e4f6f2057    4748	batch4-backend/venv/lib/python3.12/site-packages/google/api_core/_feature_gating_helpers.py
100644 blob 2d8c50acbfa9b7016a7961bae68943baf8183934   10488	batch4-backend/venv/lib/python3.12/site-packages/google/api_core/_observability.py
100644 blob 20173e895125b1289720baafffacf27e4fbc73da   10115	batch4-backend/venv/lib/python3.12/site-packages/google/api_core/_python_package_support.py
100644 blob 5580caf2e3fc9f6ccecc3150714abdcb7ec4f457    9723	batch4-backend/venv/lib/python3.12/site-packages/google/api_core/_python_version_support.py
100644 blob dab309af0a12cd9aaabf538cbae63f74093c53b7    4351	batch4-backend/venv/lib/python3.12/site-packages/google/api_core/_rest_streaming_base.py
100644 blob 8085bba401ee62afb10d2a0e9514efdfe0936b14   27675	batch4-backend/venv/lib/python3.12/site-packages/google/api_core/bidi.py
100644 blob 1f59f6dba4f374b5baacb288f2545660a3af7d7e    8772	batch4-backend/venv/lib/python3.12/site-packages/google/api_core/bidi_async.py
100644 blob 9288fda41643a0cfdbc239797b95323cbb5c1b7c    3495	batch4-backend/venv/lib/python3.12/site-packages/google/api_core/bidi_base.py
100644 blob 024da1e8eb2e6119a0479ea5619eda1dbb40fe09    4093	batch4-backend/venv/lib/python3.12/site-packages/google/api_core/client_info.py
100644 blob f5fe1b1996953712df9faf3142cea6638f60c17c    5022	batch4-backend/venv/lib/python3.12/site-packages/google/api_core/client_logging.py
100644 blob 491e9a0bb372b61b2fc993c7757e6f7aeb30e41f    7221	batch4-backend/venv/lib/python3.12/site-packages/google/api_core/client_options.py
100644 blob 171a698d60c562e20e9764cc4bb413461091596d    9033	batch4-backend/venv/lib/python3.12/site-packages/google/api_core/datetime_helpers.py
100644 blob aa9898c5b9a6d20c5c52bab084c6062cd157cd1d   22757	batch4-backend/venv/lib/python3.12/site-packages/google/api_core/exceptions.py
100644 blob d474632baeb0617dea1039ec24b527897616c3bd    8632	batch4-backend/venv/lib/python3.12/site-packages/google/api_core/extended_operation.py
100644 blob 3768b2c53f5336c880fc81275850a57030e10062     702	batch4-backend/venv/lib/python3.12/site-packages/google/api_core/future/__init__.py
100644 blob 55d6f916e2034e5a9059c2511ff4bcc74dd43c73    1247	batch4-backend/venv/lib/python3.12/site-packages/google/api_core/future/_helpers.py
100644 blob 57fdd083a1c0bc4a9deb410953f1a0f02fce95b0    5298	batch4-backend/venv/lib/python3.12/site-packages/google/api_core/future/async_future.py
100644 blob f300586060deb52f27fadc385e68d65eb4c4e6b5    1763	batch4-backend/venv/lib/python3.12/site-packages/google/api_core/future/base.py
100644 blob a2169775790b66766587d3679b2a49da2cc3b525   14315	batch4-backend/venv/lib/python3.12/site-packages/google/api_core/future/polling.py
100644 blob 78937c0326705be6e022d8302ac000c982699267    1822	batch4-backend/venv/lib/python3.12/site-packages/google/api_core/gapic_v1/__init__.py
100644 blob 2844671f6d31d44c30fe4fe508483b6c3f7c9934    2421	batch4-backend/venv/lib/python3.12/site-packages/google/api_core/gapic_v1/client_info.py
100644 blob 17e23e032ff94803d52949c312b6126fa02a4626    6245	batch4-backend/venv/lib/python3.12/site-packages/google/api_core/gapic_v1/config.py
100644 blob 13d6a4805bf56e97ce5ac5337fa4638a577bf74f    1728	batch4-backend/venv/lib/python3.12/site-packages/google/api_core/gapic_v1/config_async.py
100644 blob 9b10b0392acfb534457cd2dbdd30ff5fcd841d92   21059	batch4-backend/venv/lib/python3.12/site-packages/google/api_core/gapic_v1/method.py
100644 blob d361bf9f961ff24dad6e89b94be8ac3e4b3884f7    2007	batch4-backend/venv/lib/python3.12/site-packages/google/api_core/gapic_v1/method_async.py
100644 blob 876f40aaa7b44244cc402ad3f12be8511976137d    4581	batch4-backend/venv/lib/python3.12/site-packages/google/api_core/gapic_v1/requests.py
100644 blob c0c6f648233b92b07cd2c222cdd32781e39ff5f1    3093	batch4-backend/venv/lib/python3.12/site-packages/google/api_core/gapic_v1/routing_header.py
100644 blob 06282299de4aaa51e8f731c3402da2a4e3e60334    2284	batch4-backend/venv/lib/python3.12/site-packages/google/api_core/general_helpers.py
100644 blob 71ed528f2795bc71e7fc49d6c55b86069c5dea16   26347	batch4-backend/venv/lib/python3.12/site-packages/google/api_core/grpc_helpers.py
100644 blob d1f897901e7ad0ea22c641f6753f5453758296e6   13208	batch4-backend/venv/lib/python3.12/site-packages/google/api_core/grpc_helpers_async.py
100644 blob 4437c701f09d433062ff413f2a597801e06e2f14   13213	batch4-backend/venv/lib/python3.12/site-packages/google/api_core/iam.py
100644 blob 7622e01d0444f3a937fd52d8c870b2f738ecb970   13173	batch4-backend/venv/lib/python3.12/site-packages/google/api_core/operation.py
100644 blob 834608f60ce5788fbd3ae735c0241ccb2070b892    8020	batch4-backend/venv/lib/python3.12/site-packages/google/api_core/operation_async.py
100644 blob 8c8e536974b6f5caf703def39e28f152c3f08466    3203	batch4-backend/venv/lib/python3.12/site-packages/google/api_core/operations_v1/__init__.py
100644 blob 7cbb17892749252f6f4091b838d33a6b6ba58a78   15136	batch4-backend/venv/lib/python3.12/site-packages/google/api_core/operations_v1/abstract_operations_base_client.py
100644 blob e35a76dc614aaa17a33f0dc738345be2a3cd308d   16074	batch4-backend/venv/lib/python3.12/site-packages/google/api_core/operations_v1/abstract_operations_client.py
100644 blob cbe3c39cc6b0410d67f09529d358912e918419fe   14795	batch4-backend/venv/lib/python3.12/site-packages/google/api_core/operations_v1/operations_async_client.py
100644 blob c013fe14f0a6d991742fd0e8fbd176436306422d   15248	batch4-backend/venv/lib/python3.12/site-packages/google/api_core/operations_v1/operations_client.py
100644 blob 3ad3548c651a32a79e46dfc7fd668fd36692b00d    2285	batch4-backend/venv/lib/python3.12/site-packages/google/api_core/operations_v1/operations_client_config.py
100644 blob cf79bc6826aad138767de11b38b7d907dec30715   14617	batch4-backend/venv/lib/python3.12/site-packages/google/api_core/operations_v1/operations_rest_client_async.py
100644 blob 35e1a4e75fe61d90f15f2519759433220517590b    2465	batch4-backend/venv/lib/python3.12/site-packages/google/api_core/operations_v1/pagers.py
100644 blob d12538e9a59d5a31956b25d4d5dd2ad3ff6afc5a    2626	batch4-backend/venv/lib/python3.12/site-packages/google/api_core/operations_v1/pagers_async.py
100644 blob 5ef8384efc5c1afa7b0474f63f30ae8d6dbe89c3    2653	batch4-backend/venv/lib/python3.12/site-packages/google/api_core/operations_v1/pagers_base.py
100644 blob 9a5970c7f30cd2b8f3950686af272f7403509ee9    1457	batch4-backend/venv/lib/python3.12/site-packages/google/api_core/operations_v1/transports/__init__.py
100644 blob 0d7156722589356dfdcdcd90ffa1ddec6d90dad5   11743	batch4-backend/venv/lib/python3.12/site-packages/google/api_core/operations_v1/transports/base.py
100644 blob 70bed5acc35335e294ceb257f19733523fd09221   20837	batch4-backend/venv/lib/python3.12/site-packages/google/api_core/operations_v1/transports/rest.py
100644 blob 833e2617169f4010b04816c1ea0a7ce68c3c09c8   26211	batch4-backend/venv/lib/python3.12/site-packages/google/api_core/operations_v1/transports/rest_asyncio.py
100644 blob 23761ec4596247e92ad958f966ad53a97a171a01   20330	batch4-backend/venv/lib/python3.12/site-packages/google/api_core/page_iterator.py
100644 blob c0725758ec7299dd1bb8a45bcb0299769cff3e45   10294	batch4-backend/venv/lib/python3.12/site-packages/google/api_core/page_iterator_async.py
100644 blob 8cf571a847859c349103e25b0769dfef13451c44   13872	batch4-backend/venv/lib/python3.12/site-packages/google/api_core/path_template.py
100644 blob 89a4a5e474eb6b4651a79272488f94f980fe6091   12393	batch4-backend/venv/lib/python3.12/site-packages/google/api_core/protobuf_helpers.py
100644 blob 1d5517b1e4971b261846aa6690f527774f2fa122      78	batch4-backend/venv/lib/python3.12/site-packages/google/api_core/py.typed
100644 blob bbdccf7ca5c30676e032efb87febd19c49344800    6096	batch4-backend/venv/lib/python3.12/site-packages/google/api_core/rest_helpers.py
100644 blob f3ccb6aa6b157d0925e3f07130f69e34abe5e6f3    2210	batch4-backend/venv/lib/python3.12/site-packages/google/api_core/rest_streaming.py
100644 blob 471f5ed28308c82f0163778e02b1955d6b4c027a    3341	batch4-backend/venv/lib/python3.12/site-packages/google/api_core/rest_streaming_async.py
100644 blob 9eabdcf657194b91d6ecded7c65a1208dba39282    1507	batch4-backend/venv/lib/python3.12/site-packages/google/api_core/resumable_transfer/__init__.py
100644 blob e5d852814d2a8fa00cc658e3c976bae509b64737    6637	batch4-backend/venv/lib/python3.12/site-packages/google/api_core/resumable_transfer/common.py
100644 blob 2cc3b123092940e865299bd946a0107237033c0a   45429	batch4-backend/venv/lib/python3.12/site-packages/google/api_core/resumable_transfer/upload.py
100644 blob 13cfcb5c6fbdffc5eee3d2bf805ecc8529a52a97   46417	batch4-backend/venv/lib/python3.12/site-packages/google/api_core/resumable_transfer/upload_async.py
100644 blob df93a38e87e297b4bd8b7ac5bc100c262106c726   12507	batch4-backend/venv/lib/python3.12/site-packages/google/api_core/resumable_transfer/upload_state.py
100644 blob a78557862a36e1137033d41d69ece59f0046e97f    1942	batch4-backend/venv/lib/python3.12/site-packages/google/api_core/retry/__init__.py
100644 blob 2fac01c42f5457a35174523cd12ca15300c1e34c   12988	batch4-backend/venv/lib/python3.12/site-packages/google/api_core/retry/retry_base.py
100644 blob db6ecb56b8a1e227b09df3eb6067997feb7133a3   10939	batch4-backend/venv/lib/python3.12/site-packages/google/api_core/retry/retry_streaming.py
100644 blob 778eb8ee0452109ad5b79bfcc05b101ea2c55dd1   14423	batch4-backend/venv/lib/python3.12/site-packages/google/api_core/retry/retry_streaming_async.py
100644 blob 5a9181400637c67b336d9006aa145621746a68c9   13365	batch4-backend/venv/lib/python3.12/site-packages/google/api_core/retry/retry_unary.py
100644 blob b26c9511573ecfae73aba4412bf7c8acd2d794e1    9360	batch4-backend/venv/lib/python3.12/site-packages/google/api_core/retry/retry_unary_async.py
100644 blob b4af26b8d0a30dceae6bfcc2392f62ae66b58f8d    1400	batch4-backend/venv/lib/python3.12/site-packages/google/api_core/retry_async.py
100644 blob 55b195e90b4781c43882a445f28930e35eb5eb1b   10279	batch4-backend/venv/lib/python3.12/site-packages/google/api_core/timeout.py
100644 blob 58eb2d26f7c9b087fbd1ab118ae89cedb4d8dc3f    6727	batch4-backend/venv/lib/python3.12/site-packages/google/api_core/universe.py
100644 blob b78bb8c271ea3360056e0fb628203af6d406c7bc     598	batch4-backend/venv/lib/python3.12/site-packages/google/api_core/version.py
100644 blob cf1972aca42ed634096179c97b904564ba550924    1046	batch4-backend/venv/lib/python3.12/site-packages/google/api_core/version_header.py
100644 blob 985745c45c3cdeb93fa00720561f9281c247bf4f    1063	batch4-backend/venv/lib/python3.12/site-packages/google/auth/__init__.py
100644 blob 0fa6a92f57ff2684e2c85f281daad59f4e08c312   14031	batch4-backend/venv/lib/python3.12/site-packages/google/auth/_agent_identity_utils.py
100644 blob 0a4a2af4613f6b8b124c6d5aa328782bcb4fa2b3    1863	batch4-backend/venv/lib/python3.12/site-packages/google/auth/_cache.py
100644 blob 05f0e9e7251524764567f899ed721bcde101df97    5164	batch4-backend/venv/lib/python3.12/site-packages/google/auth/_cloud_sdk.py
100644 blob dcc1dac8044eead73b09ab862bae111696b3538a   10330	batch4-backend/venv/lib/python3.12/site-packages/google/auth/_credentials_async.py
100644 blob 64d5ce34b9a352984541ed7f78b42b94f4d01e26    2692	batch4-backend/venv/lib/python3.12/site-packages/google/auth/_credentials_base.py
100644 blob 63b7c5dd3b92f5c09f8eb7967cc5190132840a36   31235	batch4-backend/venv/lib/python3.12/site-packages/google/auth/_default.py
100644 blob 13bd4bfae2a5ede4da7a94b510dba401736f4d91   11802	batch4-backend/venv/lib/python3.12/site-packages/google/auth/_default_async.py
100644 blob 89853448f9fc71f47198d35607926361271d0dd1    5372	batch4-backend/venv/lib/python3.12/site-packages/google/auth/_exponential_backoff.py
100644 blob 568def959d5a6d12fbe8eb44beb6b9274b69d755   17406	batch4-backend/venv/lib/python3.12/site-packages/google/auth/_helpers.py
100644 blob 7ef33e9f4fbd86a62a33e4f413cb17f6d3cfc5f8    6570	batch4-backend/venv/lib/python3.12/site-packages/google/auth/_jwt_async.py
100644 blob 77f0efc2ddc7996f375fe64e4ed2e1ccb3a0b0dc    5877	batch4-backend/venv/lib/python3.12/site-packages/google/auth/_oauth2client.py
100644 blob 1bab21a69e40673704da51830f8a838de61989a3    3379	batch4-backend/venv/lib/python3.12/site-packages/google/auth/_refresh_worker.py
100644 blob 39c5699c4ce02674f4cb6c6487229c021207e7fe   24059	batch4-backend/venv/lib/python3.12/site-packages/google/auth/_regional_access_boundary_utils.py
100644 blob a60a7b9b50e0cc4af86cad877500d36603bc8791    2790	batch4-backend/venv/lib/python3.12/site-packages/google/auth/_service_account_info.py
100644 blob 7926fb88404dc5f039605f3ebc64a8f0bb67d548     868	batch4-backend/venv/lib/python3.12/site-packages/google/auth/aio/__init__.py
100644 blob f9a2cb1a613be6f13fa545c0a1ee98ea32af5d9e    2641	batch4-backend/venv/lib/python3.12/site-packages/google/auth/aio/_helpers.py
100644 blob 10320f2b060e11df77e77a12c523605f9a8d2607    5249	batch4-backend/venv/lib/python3.12/site-packages/google/auth/aio/credentials.py
100644 blob 091bd29fbaff7b7b1ec92e7d411ec2122ee76434    5074	batch4-backend/venv/lib/python3.12/site-packages/google/auth/aio/transport/__init__.py
100644 blob 831e5234d2b141dd5f32045019c84c29590230b6   11170	batch4-backend/venv/lib/python3.12/site-packages/google/auth/aio/transport/aiohttp.py
100644 blob 12b1b838b6e612b3d6c2db146344056d3f6802e9    8030	batch4-backend/venv/lib/python3.12/site-packages/google/auth/aio/transport/mtls.py
100644 blob d2375604b12709277baebe2b665b690446d8b4a5   39592	batch4-backend/venv/lib/python3.12/site-packages/google/auth/aio/transport/sessions.py
100644 blob 7aaca90b6938895a150f9a90bdfa3ef8df933b2a    2537	batch4-backend/venv/lib/python3.12/site-packages/google/auth/api_key.py
100644 blob 6937c842dc6661bf772262caebced1a5d3eb5108    6026	batch4-backend/venv/lib/python3.12/site-packages/google/auth/app_engine.py
100644 blob 1b5f2b275393a68e1f906ab46df7ba434e44cacc   34423	batch4-backend/venv/lib/python3.12/site-packages/google/auth/aws.py
100644 blob 6179cb37f7a53179ea4a9bb5edf1326b3380fb93     859	batch4-backend/venv/lib/python3.12/site-packages/google/auth/compute_engine/__init__.py
100644 blob 58c509dfa768ae74e109909ebfdf507b73aa4502   18370	batch4-backend/venv/lib/python3.12/site-packages/google/auth/compute_engine/_metadata.py
100644 blob dc7b8b31c84c303c5f08fe180693bdf097b208a1    5952	batch4-backend/venv/lib/python3.12/site-packages/google/auth/compute_engine/_mtls.py
100644 blob d0d24b41f4e470ee5873394bd23cad55b3a80e6f   23047	batch4-backend/venv/lib/python3.12/site-packages/google/auth/compute_engine/credentials.py
100644 blob 66319c0d04fcd13b5c10ed3bb4ce1d14efb867bd   30270	batch4-backend/venv/lib/python3.12/site-packages/google/auth/credentials.py
100644 blob b61ba02fc6149c1e1ceba404e2bc5f3d6a95746b    3057	batch4-backend/venv/lib/python3.12/site-packages/google/auth/crypt/__init__.py
100644 blob baa614026007ab17fddb73dd89dc87e0ffe17b08    5116	batch4-backend/venv/lib/python3.12/site-packages/google/auth/crypt/_cryptography_rsa.py
100644 blob e69de29bb2d1d6434b8b29ae775ad8c2e48c5391       0	batch4-backend/venv/lib/python3.12/site-packages/google/auth/crypt/_helpers.py
100644 blob 743a7484ec6f4e572327dcbfb0a8150c487b4ef7    6724	batch4-backend/venv/lib/python3.12/site-packages/google/auth/crypt/_python_rsa.py
100644 blob f9bb2bf0c9671cba83f9b8c1a876ba0b2df7e00c    4187	batch4-backend/venv/lib/python3.12/site-packages/google/auth/crypt/base.py
100644 blob ac656c88cc11446c56f03dd95bd3a6331a04abd3    7876	batch4-backend/venv/lib/python3.12/site-packages/google/auth/crypt/es.py
100644 blob 3160c48383900b957e831e591b65c722039f94dc    1421	batch4-backend/venv/lib/python3.12/site-packages/google/auth/crypt/es256.py
100644 blob 436dcc2d9d058af7469aeea9115f9ad693e01ddb    4684	batch4-backend/venv/lib/python3.12/site-packages/google/auth/crypt/rsa.py
100644 blob 06a9ba5f771f5accfd21f6e64b77324a1800d0b3   21747	batch4-backend/venv/lib/python3.12/site-packages/google/auth/downscoped.py
100644 blob 54550945f994f76e942137ac450a7ddc5f38c6ee    5317	batch4-backend/venv/lib/python3.12/site-packages/google/auth/environment_vars.py
100644 blob feb9f7411e04630bece9b6fc61fdc5cc0e9d0a15    3193	batch4-backend/venv/lib/python3.12/site-packages/google/auth/exceptions.py
100644 blob e5d4fadc72f13f443b16973ca9db5354e06a1d06   32438	batch4-backend/venv/lib/python3.12/site-packages/google/auth/external_account.py
100644 blob 0b387053baa91d9ace27ab82933ce94cec4d9ba3   17655	batch4-backend/venv/lib/python3.12/site-packages/google/auth/external_account_authorized_user.py
100644 blob 46ae558c5198095566c38c23075ee34581d02f53    4967	batch4-backend/venv/lib/python3.12/site-packages/google/auth/iam.py
100644 blob 41b312e4f841474cda8090e8ba9441c9b4461599   25218	batch4-backend/venv/lib/python3.12/site-packages/google/auth/identity_pool.py
100644 blob f9faab5e73360a0290f75c6f4b3fd7a25d7c403e   27780	batch4-backend/venv/lib/python3.12/site-packages/google/auth/impersonated_credentials.py
100644 blob 9eff792e7bc2ac3ffafd0f6bd45509b29e0ff7e6   32406	batch4-backend/venv/lib/python3.12/site-packages/google/auth/jwt.py
100644 blob c8b09b8cabd1663d27c9afb3772eb9bd04151589    5911	batch4-backend/venv/lib/python3.12/site-packages/google/auth/metrics.py
100644 blob 1dc6f0252ce4d9857f654f69ad2a7d795a4e8ac3   18331	batch4-backend/venv/lib/python3.12/site-packages/google/auth/pluggable.py
100644 blob aa7b68923f2be5df6f0b6f5ab5c86e82d5ed9732      74	batch4-backend/venv/lib/python3.12/site-packages/google/auth/py.typed
100644 blob 4575763500b216d7979e6b10e5f9c79116d28a7d    3654	batch4-backend/venv/lib/python3.12/site-packages/google/auth/transport/__init__.py
100644 blob 0513602bf69fbd14a2f34a71447e23e88bd06257   18768	batch4-backend/venv/lib/python3.12/site-packages/google/auth/transport/_aiohttp_requests.py
100644 blob 90143101ab07c791f50cb3630ed4bfd8c5132c36   10303	batch4-backend/venv/lib/python3.12/site-packages/google/auth/transport/_custom_tls_signer.py
100644 blob a7c40853b13bd49e8acdcf09ddbfb2d99d5ce5bd    3752	batch4-backend/venv/lib/python3.12/site-packages/google/auth/transport/_http_client.py
100644 blob 469932be058cd949687c5e453b11a5a30901e43f   32574	batch4-backend/venv/lib/python3.12/site-packages/google/auth/transport/_mtls_helper.py
100644 blob 650c4a0656e6079212e8dbc39a0268a93fc887d9    1657	batch4-backend/venv/lib/python3.12/site-packages/google/auth/transport/_requests_base.py
100644 blob 7b80f7c9a05840c2585310ada0e4e51f260a12fe   15186	batch4-backend/venv/lib/python3.12/site-packages/google/auth/transport/grpc.py
100644 blob 54b675b3a1fa29f4e9184def4012ad72556c9f54   10662	batch4-backend/venv/lib/python3.12/site-packages/google/auth/transport/mtls.py
100644 blob 3f1ec345765cd9040eac046c098056bbbc8643ec   31807	batch4-backend/venv/lib/python3.12/site-packages/google/auth/transport/requests.py
100644 blob b4b4ebe1daac762f954794ef1e51547334defbac   18812	batch4-backend/venv/lib/python3.12/site-packages/google/auth/transport/urllib3.py
100644 blob b613318b89f25b4ab818117e1bbd06c549875ccd     598	batch4-backend/venv/lib/python3.12/site-packages/google/auth/version.py
100644 blob 44f0d457f895d98e99baed5238a5961ecdf417b3   19383	batch4-backend/venv/lib/python3.12/site-packages/google/cloud/_helpers/__init__.py
100644 blob dfc5374a1bac545c8bc07365e9d5579010a7736c      63	batch4-backend/venv/lib/python3.12/site-packages/google/cloud/_helpers/py.typed
100644 blob e4b82870a9bc0461e3dfaacef53e624b1a56ef8f   17306	batch4-backend/venv/lib/python3.12/site-packages/google/cloud/_http/__init__.py
100644 blob dfc5374a1bac545c8bc07365e9d5579010a7736c      63	batch4-backend/venv/lib/python3.12/site-packages/google/cloud/_http/py.typed
100644 blob bf50cb7dd6b6785494ad743390253f5045e197ec    3856	batch4-backend/venv/lib/python3.12/site-packages/google/cloud/_storage/__init__.py
100644 blob b33afb1709fe70f0a4e6cb1c845a7c674072fb7b     653	batch4-backend/venv/lib/python3.12/site-packages/google/cloud/_storage/gapic_version.py
100644 blob 3fb77facbcfe9766d46d2154ac4c1fce0fc7726e      81	batch4-backend/venv/lib/python3.12/site-packages/google/cloud/_storage/py.typed
100644 blob 052ee3b53e5a4e462f3e777761d65809ee01a947    4332	batch4-backend/venv/lib/python3.12/site-packages/google/cloud/_storage_v2/__init__.py
100644 blob 3d3bdf9e2c9156c26cc55e71d6c72d49c3c3d6b1   10079	batch4-backend/venv/lib/python3.12/site-packages/google/cloud/_storage_v2/_compat.py
100644 blob e7cea940dc6c24e6ccdd8c543dfe318e56ba169f    6431	batch4-backend/venv/lib/python3.12/site-packages/google/cloud/_storage_v2/gapic_metadata.json
100644 blob b33afb1709fe70f0a4e6cb1c845a7c674072fb7b     653	batch4-backend/venv/lib/python3.12/site-packages/google/cloud/_storage_v2/gapic_version.py
100644 blob 3fb77facbcfe9766d46d2154ac4c1fce0fc7726e      81	batch4-backend/venv/lib/python3.12/site-packages/google/cloud/_storage_v2/py.typed
100644 blob 32b36c5c4fe052f162fdbac5632e5ae09e7e0d25     600	batch4-backend/venv/lib/python3.12/site-packages/google/cloud/_storage_v2/services/__init__.py
100644 blob e6a8c9839aac67218c5e551f0caf2d5231dfc669     741	batch4-backend/venv/lib/python3.12/site-packages/google/cloud/_storage_v2/services/storage/__init__.py
100644 blob abaa1f31852d88fcc0ea16376c93d5852daa0f19  156319	batch4-backend/venv/lib/python3.12/site-packages/google/cloud/_storage_v2/services/storage/async_client.py
100644 blob 5bd26b5ea4673c83986ef5012bb7ca955b50e8eb  166483	batch4-backend/venv/lib/python3.12/site-packages/google/cloud/_storage_v2/services/storage/client.py
100644 blob 1d7769744ccccd0aa896beca79d95e76b93becdb   13863	batch4-backend/venv/lib/python3.12/site-packages/google/cloud/_storage_v2/services/storage/pagers.py
100644 blob b88d4ae6443c6aa613b9e610ec086955f4805d58    1130	batch4-backend/venv/lib/python3.12/site-packages/google/cloud/_storage_v2/services/storage/transports/__init__.py
100644 blob 8f3df50eff5042cac9f2e257c7f9bb565a355752   17275	batch4-backend/venv/lib/python3.12/site-packages/google/cloud/_storage_v2/services/storage/transports/base.py
100644 blob a17716b2c14641e5883cdf7197336da9da73c5a4   59247	batch4-backend/venv/lib/python3.12/site-packages/google/cloud/_storage_v2/services/storage/transports/grpc.py
100644 blob 173d1c48b1f04cf8b9edbb871463094da7d2664e   65282	batch4-backend/venv/lib/python3.12/site-packages/google/cloud/_storage_v2/services/storage/transports/grpc_asyncio.py
100644 blob 312440d249ca06f958d9f5529cf055a0dadbc89c    3506	batch4-backend/venv/lib/python3.12/site-packages/google/cloud/_storage_v2/types/__init__.py
100644 blob 9288c35e83f9a5e41217db463d910d3333c6e862  186774	batch4-backend/venv/lib/python3.12/site-packages/google/cloud/_storage_v2/types/storage.py
100644 blob 16b9292bdb31c6b323e44b21a3426434738f4c3d    3397	batch4-backend/venv/lib/python3.12/site-packages/google/cloud/_testing/__init__.py
100644 blob dfc5374a1bac545c8bc07365e9d5579010a7736c      63	batch4-backend/venv/lib/python3.12/site-packages/google/cloud/_testing/py.typed
100644 blob e10dd839ad0a67eabf0309384a92f294b35baadf   13964	batch4-backend/venv/lib/python3.12/site-packages/google/cloud/client/__init__.py
100644 blob dfc5374a1bac545c8bc07365e9d5579010a7736c      63	batch4-backend/venv/lib/python3.12/site-packages/google/cloud/client/py.typed
100644 blob cd44c547460643c6665a6e017f35e1f2f43eacef    1578	batch4-backend/venv/lib/python3.12/site-packages/google/cloud/common_resources.proto
100644 blob 4f9cd2d314f5f91e934841c5936e4e9c8daba48d    2832	batch4-backend/venv/lib/python3.12/site-packages/google/cloud/common_resources_pb2.py
100644 blob 524a461dc1fc3916fead69953bd878936db76ed9     765	batch4-backend/venv/lib/python3.12/site-packages/google/cloud/common_resources_pb2.pyi
100644 blob d84afca3562801bba251d1c19a24c757842a3a54    1318	batch4-backend/venv/lib/python3.12/site-packages/google/cloud/environment_vars/__init__.py
100644 blob dfc5374a1bac545c8bc07365e9d5579010a7736c      63	batch4-backend/venv/lib/python3.12/site-packages/google/cloud/environment_vars/py.typed
100644 blob 58d14a7ff929185922ed4423649955237a15c04d    2848	batch4-backend/venv/lib/python3.12/site-packages/google/cloud/exceptions/__init__.py
100644 blob dfc5374a1bac545c8bc07365e9d5579010a7736c      63	batch4-backend/venv/lib/python3.12/site-packages/google/cloud/exceptions/py.typed
100644 blob 69f44ddac856c6b41cd81f89b453079150b24bb3    6307	batch4-backend/venv/lib/python3.12/site-packages/google/cloud/extended_operations.proto
100644 blob b5e8e6b26bef5aecb915c6e004a3f3491b0fab25    3078	batch4-backend/venv/lib/python3.12/site-packages/google/cloud/extended_operations_pb2.py
100644 blob 8f29d450773d938dbbba678a4822d04fa24aee52    1889	batch4-backend/venv/lib/python3.12/site-packages/google/cloud/extended_operations_pb2.pyi
100644 blob 44a9651d6c026194f815ca0333824a0e63f88b9c    3324	batch4-backend/venv/lib/python3.12/site-packages/google/cloud/firestore/__init__.py
100644 blob 2dd3f7b23ca95854f7cdc9a8620b272738b47d5f     653	batch4-backend/venv/lib/python3.12/site-packages/google/cloud/firestore/gapic_version.py
100644 blob 35a48b3acc387fbf3f6bc30bf7cbeea86561542a      83	batch4-backend/venv/lib/python3.12/site-packages/google/cloud/firestore/py.typed
100644 blob de5f5cb5a3d536c50dfe08def151ce9852a8c91f    2048	batch4-backend/venv/lib/python3.12/site-packages/google/cloud/firestore_admin/__init__.py
100644 blob 2dd3f7b23ca95854f7cdc9a8620b272738b47d5f     653	batch4-backend/venv/lib/python3.12/site-packages/google/cloud/firestore_admin/gapic_version.py
100644 blob 35a48b3acc387fbf3f6bc30bf7cbeea86561542a      83	batch4-backend/venv/lib/python3.12/site-packages/google/cloud/firestore_admin/py.typed
100644 blob 4a8d533a8519383da0c7300c8dd9b8b37e33daba    2025	batch4-backend/venv/lib/python3.12/site-packages/google/cloud/firestore_admin_v1/__init__.py
100644 blob 3d3bdf9e2c9156c26cc55e71d6c72d49c3c3d6b1   10079	batch4-backend/venv/lib/python3.12/site-packages/google/cloud/firestore_admin_v1/_compat.py
100644 blob b8d4cb298ccde0dc4d82d26e04cfc5ddab4f7124   12585	batch4-backend/venv/lib/python3.12/site-packages/google/cloud/firestore_admin_v1/gapic_metadata.json
100644 blob 2dd3f7b23ca95854f7cdc9a8620b272738b47d5f     653	batch4-backend/venv/lib/python3.12/site-packages/google/cloud/firestore_admin_v1/gapic_version.py
100644 blob 35a48b3acc387fbf3f6bc30bf7cbeea86561542a      83	batch4-backend/venv/lib/python3.12/site-packages/google/cloud/firestore_admin_v1/py.typed
100644 blob 32b36c5c4fe052f162fdbac5632e5ae09e7e0d25     600	batch4-backend/venv/lib/python3.12/site-packages/google/cloud/firestore_admin_v1/services/__init__.py
100644 blob b515b6bf2234a8b76158e2ed1f9d96eb0cfea036     769	batch4-backend/venv/lib/python3.12/site-packages/google/cloud/firestore_admin_v1/services/firestore_admin/__init__.py
100644 blob ceb8424cd82460583ca7ea406692a0ca01a43661  192585	batch4-backend/venv/lib/python3.12/site-packages/google/cloud/firestore_admin_v1/services/firestore_admin/async_client.py
100644 blob 367892cea16b4160cf27844d051832045a6244f7  205587	batch4-backend/venv/lib/python3.12/site-packages/google/cloud/firestore_admin_v1/services/firestore_admin/client.py
100644 blob 3b20144b1a2ff6c4cb0c6cd8cd3137f7ba8457c8   14122	batch4-backend/venv/lib/python3.12/site-packages/google/cloud/firestore_admin_v1/services/firestore_admin/pagers.py
100644 blob 9b4035eff5902223c6f6128075d02512a829ab37    1400	batch4-backend/venv/lib/python3.12/site-packages/google/cloud/firestore_admin_v1/services/firestore_admin/transports/__init__.py
100644 blob 592d8fb915e7be0d6000089a5000da2d140e73de   25240	batch4-backend/venv/lib/python3.12/site-packages/google/cloud/firestore_admin_v1/services/firestore_admin/transports/base.py
100644 blob 01b51851f3b795856a7a4f6cb9abc4997a330497   62092	batch4-backend/venv/lib/python3.12/site-packages/google/cloud/firestore_admin_v1/services/firestore_admin/transports/grpc.py
100644 blob 139942c1e0125d396d59d58f9e5f62f4c9a346af   73053	batch4-backend/venv/lib/python3.12/site-packages/google/cloud/firestore_admin_v1/services/firestore_admin/transports/grpc_asyncio.py
100644 blob 2ebc26a84424a81bfaa77cf40320bc1a3a6728e8  309728	batch4-backend/venv/lib/python3.12/site-packages/google/cloud/firestore_admin_v1/services/firestore_admin/transports/rest.py
100644 blob 424d11fe0d42c6c9bbc7859f0877f8fbd87a67d9   23214	batch4-backend/venv/lib/python3.12/site-packages/google/cloud/firestore_admin_v1/services/firestore_admin/transports/rest_base.py
100644 blob ae096282a5487c6240befd19a3155a9f8e8488b0    4227	batch4-backend/venv/lib/python3.12/site-packages/google/cloud/firestore_admin_v1/types/__init__.py
100644 blob b9d4cbc776c9afae3ade00d7d64921e2c95dd49e    4967	batch4-backend/venv/lib/python3.12/site-packages/google/cloud/firestore_admin_v1/types/backup.py
100644 blob 7dcdf2e4664ee4eed2a8d72961fa0d7b53528e89   23715	batch4-backend/venv/lib/python3.12/site-packages/google/cloud/firestore_admin_v1/types/database.py
100644 blob a1ebc6bcfd96f0be5fa6685928f0b7b11cddaed9    8647	batch4-backend/venv/lib/python3.12/site-packages/google/cloud/firestore_admin_v1/types/field.py
100644 blob c891c93090b7b2748eadcd9618128cb849b14b0d   36741	batch4-backend/venv/lib/python3.12/site-packages/google/cloud/firestore_admin_v1/types/firestore_admin.py
100644 blob 5a321e5d047b4376331e237143e389a623004bd0   23016	batch4-backend/venv/lib/python3.12/site-packages/google/cloud/firestore_admin_v1/types/index.py
100644 blob 9ff8326f1ab8509f7ad7b68281b7700c3e78e7d6    1060	batch4-backend/venv/lib/python3.12/site-packages/google/cloud/firestore_admin_v1/types/location.py
100644 blob e2a8034359ab12670ee53085ddb2b34009afc0c9   21681	batch4-backend/venv/lib/python3.12/site-packages/google/cloud/firestore_admin_v1/types/operation.py
100644 blob 3bdf54fe9717c7d13bed29565a4b3cd424e1e880    1558	batch4-backend/venv/lib/python3.12/site-packages/google/cloud/firestore_admin_v1/types/realtime_updates.py
100644 blob 4916f0bdcf99f2a48ed5297fa8048dd7712d5134    4710	batch4-backend/venv/lib/python3.12/site-packages/google/cloud/firestore_admin_v1/types/schedule.py
100644 blob 404b16a1633d54ebd7e5f5c0f74de1c60e7bc476    2093	batch4-backend/venv/lib/python3.12/site-packages/google/cloud/firestore_admin_v1/types/snapshot.py
100644 blob 232a789aaa4e5c756759194f9b3422460e16a451    3788	batch4-backend/venv/lib/python3.12/site-packages/google/cloud/firestore_admin_v1/types/user_creds.py
100644 blob d3b957dade876efa4eb4579d2abe68fa0fe9e0fe    1597	batch4-backend/venv/lib/python3.12/site-packages/google/cloud/firestore_bundle/__init__.py
100644 blob 3d3bdf9e2c9156c26cc55e71d6c72d49c3c3d6b1   10079	batch4-backend/venv/lib/python3.12/site-packages/google/cloud/firestore_bundle/_compat.py
100644 blob a055345a80e34c503ee7527abf7cbd1e61532e4b     361	batch4-backend/venv/lib/python3.12/site-packages/google/cloud/firestore_bundle/_helpers.py
100644 blob 7b2cfd745a188a3707bec4aee9322279788b0cde   14036	batch4-backend/venv/lib/python3.12/site-packages/google/cloud/firestore_bundle/bundle.py
100644 blob 9008c2efe8f143675217ec4cde7e860746785de6     241	batch4-backend/venv/lib/python3.12/site-packages/google/cloud/firestore_bundle/gapic_metadata.json
100644 blob 2dd3f7b23ca95854f7cdc9a8620b272738b47d5f     653	batch4-backend/venv/lib/python3.12/site-packages/google/cloud/firestore_bundle/gapic_version.py
100644 blob 35a48b3acc387fbf3f6bc30bf7cbeea86561542a      83	batch4-backend/venv/lib/python3.12/site-packages/google/cloud/firestore_bundle/py.typed
100644 blob 32b36c5c4fe052f162fdbac5632e5ae09e7e0d25     600	batch4-backend/venv/lib/python3.12/site-packages/google/cloud/firestore_bundle/services/__init__.py
100644 blob 816f3b53d1b822d95f3526efa7484a0fc21aa6cd     853	batch4-backend/venv/lib/python3.12/site-packages/google/cloud/firestore_bundle/types/__init__.py
100644 blob 95a35bba9a6c404b1b59a919c4f48e58d581cfe9    7562	batch4-backend/venv/lib/python3.12/site-packages/google/cloud/firestore_bundle/types/bundle.py
100644 blob 4656b5b5441fd7ab0753c1669ef474a999b1e8c4    6925	batch4-backend/venv/lib/python3.12/site-packages/google/cloud/firestore_v1/__init__.py
100644 blob 3d3bdf9e2c9156c26cc55e71d6c72d49c3c3d6b1   10079	batch4-backend/venv/lib/python3.12/site-packages/google/cloud/firestore_v1/_compat.py
100644 blob 53fc9857381417dbe4ce2a3f124aaca435fa9da5   50299	batch4-backend/venv/lib/python3.12/site-packages/google/cloud/firestore_v1/_helpers.py
100644 blob 496fd487d971442e85bc37c513d12a496b6965fc   11156	batch4-backend/venv/lib/python3.12/site-packages/google/cloud/firestore_v1/aggregation.py
100644 blob 8c4a2f46dd1534d84ca657e661758b77da8ff122   10118	batch4-backend/venv/lib/python3.12/site-packages/google/cloud/firestore_v1/async_aggregation.py
100644 blob ba4039eb2827052302a7ae6a0fb41e80d091d0f7    2949	batch4-backend/venv/lib/python3.12/site-packages/google/cloud/firestore_v1/async_batch.py
100644 blob 3167335e0385b6b7963160fc908b513b1092a24f   17115	batch4-backend/venv/lib/python3.12/site-packages/google/cloud/firestore_v1/async_client.py
100644 blob e706733c53aacb6cfe26fb47420a5bd87235e504   13343	batch4-backend/venv/lib/python3.12/site-packages/google/cloud/firestore_v1/async_collection.py
100644 blob 85d4dc3bae195bf4dd54d27c8ed1a44ae43d0670   17389	batch4-backend/venv/lib/python3.12/site-packages/google/cloud/firestore_v1/async_document.py
100644 blob 96f286ae9466697a2aebbbeda10417d1b7975329    6522	batch4-backend/venv/lib/python3.12/site-packages/google/cloud/firestore_v1/async_pipeline.py
100644 blob 7f1ca7cab364ea4f54d9d7920ee6ccc15e0a544e   24606	batch4-backend/venv/lib/python3.12/site-packages/google/cloud/firestore_v1/async_query.py
100644 blob a8ead8cab648e0521657a3d39b0043a7578c3a2c    4397	batch4-backend/venv/lib/python3.12/site-packages/google/cloud/firestore_v1/async_stream_generator.py
100644 blob c1724b69633e74dae24828dadf87ce5d90b91b33   14941	batch4-backend/venv/lib/python3.12/site-packages/google/cloud/firestore_v1/async_transaction.py
100644 blob 4158e874bb6124e4afa103bbe1f33358b1dcbe10    8980	batch4-backend/venv/lib/python3.12/site-packages/google/cloud/firestore_v1/async_vector_query.py
100644 blob 33bb9231de9aedc353f51940fc5f657cc8e80d30   14540	batch4-backend/venv/lib/python3.12/site-packages/google/cloud/firestore_v1/base_aggregation.py
100644 blob 804e4a56aad740b61e6d469ace90a7e590598db7    7524	batch4-backend/venv/lib/python3.12/site-packages/google/cloud/firestore_v1/base_batch.py
100644 blob 95166266bef2aba1a7aa6e72560d7ccafc24924a   24326	batch4-backend/venv/lib/python3.12/site-packages/google/cloud/firestore_v1/base_client.py
100644 blob db0d5ae520496b1be51790aa51419c5cd32c5666   23954	batch4-backend/venv/lib/python3.12/site-packages/google/cloud/firestore_v1/base_collection.py
100644 blob 92d8daa21fd694608ea9827b3daf17fd546742dc   19610	batch4-backend/venv/lib/python3.12/site-packages/google/cloud/firestore_v1/base_document.py
100644 blob e0699b59004f9aa3d16691978d4205199660617b   35313	batch4-backend/venv/lib/python3.12/site-packages/google/cloud/firestore_v1/base_pipeline.py
100644 blob 67a5145d2c71bfdd2f942c0c4d80c6fd4544a538   64951	batch4-backend/venv/lib/python3.12/site-packages/google/cloud/firestore_v1/base_query.py
100644 blob dc290b2e94d8de47b67f9a75a6e51eb52bae91a9    7121	batch4-backend/venv/lib/python3.12/site-packages/google/cloud/firestore_v1/base_transaction.py
100644 blob 51467443f08f851df883293051a6dcebe92cc35e    6296	batch4-backend/venv/lib/python3.12/site-packages/google/cloud/firestore_v1/base_vector_query.py
100644 blob 5674fb8129f11f8497c3790c2bfed2f6a215a27e    2912	batch4-backend/venv/lib/python3.12/site-packages/google/cloud/firestore_v1/batch.py
100644 blob b1a15e91b24868936640bbd21e1d8780f242e207   17561	batch4-backend/venv/lib/python3.12/site-packages/google/cloud/firestore_v1/bson.py
100644 blob eab69b9840504f52e3e679d92e1acc1c4469ba97    3964	batch4-backend/venv/lib/python3.12/site-packages/google/cloud/firestore_v1/bulk_batch.py
100644 blob 638471cbb9e83c24b9b402708cf8c1cbe6de5982   35466	batch4-backend/venv/lib/python3.12/site-packages/google/cloud/firestore_v1/bulk_writer.py
100644 blob e29d07cb09acee890790eacddcafc7c4e8594b72   15851	batch4-backend/venv/lib/python3.12/site-packages/google/cloud/firestore_v1/client.py
100644 blob fb7aebda0d31bc6ce71ec1f517ff23b50218e86b   14204	batch4-backend/venv/lib/python3.12/site-packages/google/cloud/firestore_v1/collection.py
100644 blob 11065ee8cb03bfbe691b24e52bd20da3a9d8e1d4   20219	batch4-backend/venv/lib/python3.12/site-packages/google/cloud/firestore_v1/document.py
100644 blob 45931e9efdad4c06fcdd21e91ea21b747c68af5a   12453	batch4-backend/venv/lib/python3.12/site-packages/google/cloud/firestore_v1/field_path.py
100644 blob 03a6e428b412a3c42c0a2993b277085fd4115fd4    6769	batch4-backend/venv/lib/python3.12/site-packages/google/cloud/firestore_v1/gapic_metadata.json
100644 blob 2dd3f7b23ca95854f7cdc9a8620b272738b47d5f     653	batch4-backend/venv/lib/python3.12/site-packages/google/cloud/firestore_v1/gapic_version.py
100644 blob dab281d82fcc64be2db5ed9624b8cd49835f8253   14569	batch4-backend/venv/lib/python3.12/site-packages/google/cloud/firestore_v1/order.py
100644 blob ef5ea0d9c5982e5482552a5f763d2ed5c305a84d    6249	batch4-backend/venv/lib/python3.12/site-packages/google/cloud/firestore_v1/pipeline.py
100644 blob 5f52d92fd3bda2285bccbfa12e23797746bf7620  116766	batch4-backend/venv/lib/python3.12/site-packages/google/cloud/firestore_v1/pipeline_expressions.py
100644 blob eb25b1f6b24cc348e578051793a3dd868824f783   11279	batch4-backend/venv/lib/python3.12/site-packages/google/cloud/firestore_v1/pipeline_result.py
100644 blob 0dd524c7b97c18989db633afeeba7bd1b5409d5e    7716	batch4-backend/venv/lib/python3.12/site-packages/google/cloud/firestore_v1/pipeline_source.py
100644 blob e72523dc9daed8f7c728785ed0e39c9b0cf5a5d7   14580	batch4-backend/venv/lib/python3.12/site-packages/google/cloud/firestore_v1/pipeline_stages.py
100644 blob 3e9918140e1ff11d23f124ac7ff1f6e751a56a8c   11199	batch4-backend/venv/lib/python3.12/site-packages/google/cloud/firestore_v1/pipeline_types.py
100644 blob 35a48b3acc387fbf3f6bc30bf7cbeea86561542a      83	batch4-backend/venv/lib/python3.12/site-packages/google/cloud/firestore_v1/py.typed
100644 blob 17b874129b87f47fa094afbf019b8bd12f29a1cc   26099	batch4-backend/venv/lib/python3.12/site-packages/google/cloud/firestore_v1/query.py
100644 blob 70ffd31786a5653f86118591243313c3fa3167c2    7490	batch4-backend/venv/lib/python3.12/site-packages/google/cloud/firestore_v1/query_profile.py
100644 blob 48ba83c3a33c45cf362ca2a8c23605bfeca14d55    3363	batch4-backend/venv/lib/python3.12/site-packages/google/cloud/firestore_v1/query_results.py
100644 blob ff362e195042215f161a05c5b574155ebe9ce27c    7688	batch4-backend/venv/lib/python3.12/site-packages/google/cloud/firestore_v1/rate_limiter.py
100644 blob 32b36c5c4fe052f162fdbac5632e5ae09e7e0d25     600	batch4-backend/venv/lib/python3.12/site-packages/google/cloud/firestore_v1/services/__init__.py
100644 blob 16aa5d4d4b453b2c007fad794a83682d763a305d     749	batch4-backend/venv/lib/python3.12/site-packages/google/cloud/firestore_v1/services/firestore/__init__.py
100644 blob 1d677792e93adf8cbc82ac9e0c01f9bd7bd5b0d7   97323	batch4-backend/venv/lib/python3.12/site-packages/google/cloud/firestore_v1/services/firestore/async_client.py
100644 blob 1cfa55a93466ffb8d526d897bd6802e97af51820  106995	batch4-backend/venv/lib/python3.12/site-packages/google/cloud/firestore_v1/services/firestore/client.py
100644 blob a9d659aa5aeb24bed3eeb92f6117aea592ad8bdd   20551	batch4-backend/venv/lib/python3.12/site-packages/google/cloud/firestore_v1/services/firestore/pagers.py
100644 blob 34277dcdf9eb8f91e9d11c504069acc2988bf431    1330	batch4-backend/venv/lib/python3.12/site-packages/google/cloud/firestore_v1/services/firestore/transports/__init__.py
100644 blob 68b5d1fcb7690fa1bbce07ee3a152739a779d983   23523	batch4-backend/venv/lib/python3.12/site-packages/google/cloud/firestore_v1/services/firestore/transports/base.py
100644 blob 6cbc6d2485b28641caae6209d65cf87cc8a09083   39091	batch4-backend/venv/lib/python3.12/site-packages/google/cloud/firestore_v1/services/firestore/transports/grpc.py
100644 blob 89b3f3db90f68f8bcc67f37db9fe40da37a575f6   51948	batch4-backend/venv/lib/python3.12/site-packages/google/cloud/firestore_v1/services/firestore/transports/grpc_asyncio.py
100644 blob fdcf983be14a5b74db4b9ac269b8ecc5c00a60cc  159084	batch4-backend/venv/lib/python3.12/site-packages/google/cloud/firestore_v1/services/firestore/transports/rest.py
100644 blob 01c08b14293b0dd8b51532f50490b668966c9519   15359	batch4-backend/venv/lib/python3.12/site-packages/google/cloud/firestore_v1/services/firestore/transports/rest_base.py
100644 blob dc0fe5d98c39845aa97da3e405acc43a6d9f50e0    4154	batch4-backend/venv/lib/python3.12/site-packages/google/cloud/firestore_v1/stream_generator.py
100644 blob 88d9ab77f5da01420defff9a4a2015290ad425d3   14173	batch4-backend/venv/lib/python3.12/site-packages/google/cloud/firestore_v1/transaction.py
100644 blob 5ec15b3dc2d31a7a2a7223e39345dd43cf5b2f8a    4882	batch4-backend/venv/lib/python3.12/site-packages/google/cloud/firestore_v1/transforms.py
100644 blob 5915f843cdaf3bec4f64b98a86fcf55e0e1ff3f0    3628	batch4-backend/venv/lib/python3.12/site-packages/google/cloud/firestore_v1/types/__init__.py
100644 blob 48996de50496ac36ef69a8e8fb93cfe3ade403cd    1900	batch4-backend/venv/lib/python3.12/site-packages/google/cloud/firestore_v1/types/aggregation_result.py
100644 blob 874d1677a72be33a6aed8a7c7046ed873d257062    3479	batch4-backend/venv/lib/python3.12/site-packages/google/cloud/firestore_v1/types/bloom_filter.py
100644 blob 01fefc4fb0980753ee1b38b9075a80c535444868    7167	batch4-backend/venv/lib/python3.12/site-packages/google/cloud/firestore_v1/types/common.py
100644 blob 2f51d6841d1fbbf05441232e8b969317582bf35d   14611	batch4-backend/venv/lib/python3.12/site-packages/google/cloud/firestore_v1/types/document.py
100644 blob 4faf1b19fa7149a9e47de40149df94a0485865a8    1548	batch4-backend/venv/lib/python3.12/site-packages/google/cloud/firestore_v1/types/explain_stats.py
100644 blob d7061bed41740c1afbc99f2232bccd2e43fef094   72708	batch4-backend/venv/lib/python3.12/site-packages/google/cloud/firestore_v1/types/firestore.py
100644 blob 719e6f9a6ed0140c816a1e0e947e4f0c37f3965a    1848	batch4-backend/venv/lib/python3.12/site-packages/google/cloud/firestore_v1/types/pipeline.py
100644 blob 74240d9c698d16988556be793231e7d8a44c058c   33819	batch4-backend/venv/lib/python3.12/site-packages/google/cloud/firestore_v1/types/query.py
100644 blob acde413184cb37bae0c94f27322298795bee3fea    4395	batch4-backend/venv/lib/python3.12/site-packages/google/cloud/firestore_v1/types/query_profile.py
100644 blob 45a486656c31736f295234b305e690ffd29d8cda   19717	batch4-backend/venv/lib/python3.12/site-packages/google/cloud/firestore_v1/types/write.py
100644 blob 4deebdd5b7cf28d7db951cc5086e29495b2f593d    1420	batch4-backend/venv/lib/python3.12/site-packages/google/cloud/firestore_v1/vector.py
100644 blob 288b0fcc9d94678c4f9a4b622b42b4f120a7377d    9077	batch4-backend/venv/lib/python3.12/site-packages/google/cloud/firestore_v1/vector_query.py
100644 blob 97148565595ad009caeb46673ba7f9e74af09c62   25945	batch4-backend/venv/lib/python3.12/site-packages/google/cloud/firestore_v1/watch.py
100644 blob 36a0b0e89ddcfdbf42a73239a006d804abbde341    3604	batch4-backend/venv/lib/python3.12/site-packages/google/cloud/location/locations.proto
100644 blob 6bd78770ef2b4bfc8e355385188d1a11cdca3c3b    5366	batch4-backend/venv/lib/python3.12/site-packages/google/cloud/location/locations_pb2.py
100644 blob 7454a9da707874c02ddc792f99e76cc52d1ca710    3410	batch4-backend/venv/lib/python3.12/site-packages/google/cloud/location/locations_pb2.pyi
100644 blob 628c1a2d6f6717775986dbabf0060f137d90a9cc    1385	batch4-backend/venv/lib/python3.12/site-packages/google/cloud/obsolete/__init__.py
100644 blob dfc5374a1bac545c8bc07365e9d5579010a7736c      63	batch4-backend/venv/lib/python3.12/site-packages/google/cloud/obsolete/py.typed
100644 blob b3ce4da0da0e66cc6bef403a2eb633b3c3f5f296    9771	batch4-backend/venv/lib/python3.12/site-packages/google/cloud/operation/__init__.py
100644 blob dfc5374a1bac545c8bc07365e9d5579010a7736c      63	batch4-backend/venv/lib/python3.12/site-packages/google/cloud/operation/py.typed
100644 blob 07653e3c721a5af80d26a4ff6d78bb92fd172187    1473	batch4-backend/venv/lib/python3.12/site-packages/google/cloud/storage/__init__.py
100644 blob e431d00144fb10f330ccca007ad895e377747f8c    5926	batch4-backend/venv/lib/python3.12/site-packages/google/cloud/storage/_bucket_metadata_cache.py
100644 blob 7e81a4bc754c840e0bb660deb9a038ad2de64bdf     329	batch4-backend/venv/lib/python3.12/site-packages/google/cloud/storage/_experimental/asyncio/_utils.py
100644 blob 538241bd22eca4d67accad1448757e37499c8cbd     395	batch4-backend/venv/lib/python3.12/site-packages/google/cloud/storage/_experimental/asyncio/async_abstract_object_stream.py
100644 blob 53b8136430a28fa28f98d2a424400180a54d290d     401	batch4-backend/venv/lib/python3.12/site-packages/google/cloud/storage/_experimental/asyncio/async_appendable_object_writer.py
100644 blob 558ff0c5a88b741dff37255ca8d606e55eb2411f     362	batch4-backend/venv/lib/python3.12/site-packages/google/cloud/storage/_experimental/asyncio/async_grpc_client.py
100644 blob bfc2c7c2bab550ca3bf1dbef8dca48c7c4152ff8     395	batch4-backend/venv/lib/python3.12/site-packages/google/cloud/storage/_experimental/asyncio/async_multi_range_downloader.py
100644 blob cb39386f2b1be023b1c265144c491459cc92dc00     383	batch4-backend/venv/lib/python3.12/site-packages/google/cloud/storage/_experimental/asyncio/async_read_object_stream.py
100644 blob 132e2c9d07bee19650179add7a5534afbeece2b9     386	batch4-backend/venv/lib/python3.12/site-packages/google/cloud/storage/_experimental/asyncio/async_write_object_stream.py
100644 blob 092986f58b36327d099b2497839d7423a277ce73     353	batch4-backend/venv/lib/python3.12/site-packages/google/cloud/storage/_experimental/asyncio/retry/_helpers.py
100644 blob 58c58136cf84121dd9c065f232c01bd33c89c569     368	batch4-backend/venv/lib/python3.12/site-packages/google/cloud/storage/_experimental/asyncio/retry/base_strategy.py
100644 blob 331ee13263993e2a0784fa38a2aaa020dbc614c5     404	batch4-backend/venv/lib/python3.12/site-packages/google/cloud/storage/_experimental/asyncio/retry/bidi_stream_retry_manager.py
100644 blob 8f7051b6a9a6a3b570f7514a104feab78fb75675     404	batch4-backend/venv/lib/python3.12/site-packages/google/cloud/storage/_experimental/asyncio/retry/reads_resumption_strategy.py
100644 blob 7d2493841bdeb22541c960f3d9b65cc06bcc29ec     407	batch4-backend/venv/lib/python3.12/site-packages/google/cloud/storage/_experimental/asyncio/retry/writes_resumption_strategy.py
100644 blob 99ecbe04443c3e8f6ccc48b6a3f00122902f5e52     320	batch4-backend/venv/lib/python3.12/site-packages/google/cloud/storage/_experimental/grpc_client.py
100644 blob 84ae8e7679d8292831a91092a5b72b0b8bf29b9c    3561	batch4-backend/venv/lib/python3.12/site-packages/google/cloud/storage/_grpc_conversions.py
100644 blob 4e9d435347d8ebf139c3e3ebbc3cba392352966e   27303	batch4-backend/venv/lib/python3.12/site-packages/google/cloud/storage/_helpers.py
100644 blob 72734f511b416764e0fdb3003584f90e236837ae    5820	batch4-backend/venv/lib/python3.12/site-packages/google/cloud/storage/_http.py
100644 blob 23a37cf846d3d0d008355e18de57a9c88cadf058    2819	batch4-backend/venv/lib/python3.12/site-packages/google/cloud/storage/_lru_cache.py
100644 blob cec2adcaab985c9018015725ee1ca482bc4d671d    1002	batch4-backend/venv/lib/python3.12/site-packages/google/cloud/storage/_media/__init__.py
100644 blob 593a152c0a1752df9644335ed6deb521eebcc663   23036	batch4-backend/venv/lib/python3.12/site-packages/google/cloud/storage/_media/_download.py
100644 blob a64cb062c47f4dede2dc9fbdbcd385d74482e988   12920	batch4-backend/venv/lib/python3.12/site-packages/google/cloud/storage/_media/_helpers.py
100644 blob 819e496b868fab46f7664afa72b708f67e9367ec   64021	batch4-backend/venv/lib/python3.12/site-packages/google/cloud/storage/_media/_upload.py
100644 blob 2917ea53dfceff1d6e2ecb327b180e5488de20e3     837	batch4-backend/venv/lib/python3.12/site-packages/google/cloud/storage/_media/common.py
100644 blob 7705b065b00d1990fff0bfa83bc916b3f239a6f2      85	batch4-backend/venv/lib/python3.12/site-packages/google/cloud/storage/_media/py.typed
100644 blob e6cd4ee67d0354979a47e5d2b768efe39743d01e   21516	batch4-backend/venv/lib/python3.12/site-packages/google/cloud/storage/_media/requests/__init__.py
100644 blob 604ffc31375e2b47a5411a0cc9748cbf09bfea5c    3350	batch4-backend/venv/lib/python3.12/site-packages/google/cloud/storage/_media/requests/_request_helpers.py
100644 blob c3907083af5a3ddc8fa74cfe0497db78638afd16   33656	batch4-backend/venv/lib/python3.12/site-packages/google/cloud/storage/_media/requests/download.py
100644 blob dd7e3d4bbb81c5a0b260c850861c256a8afaf557   30102	batch4-backend/venv/lib/python3.12/site-packages/google/cloud/storage/_media/requests/upload.py
100644 blob 1d9e4b88270bf270b16a173d3e573286f9c0ce7f    5488	batch4-backend/venv/lib/python3.12/site-packages/google/cloud/storage/_opentelemetry_tracing.py
100644 blob 256d60f68426c97cb55e9277198cf502d3310ff2   26060	batch4-backend/venv/lib/python3.12/site-packages/google/cloud/storage/_signing.py
100644 blob 038294b8f6fcf35fdd6757eeef797e7297870e4c   32867	batch4-backend/venv/lib/python3.12/site-packages/google/cloud/storage/acl.py
100644 blob 6251266b72406bbd6d5adcea506c9a6dc7f5fff7    8069	batch4-backend/venv/lib/python3.12/site-packages/google/cloud/storage/asyncio/_stream_multiplexer.py
100644 blob 53e8503c7f8b57ff9ed0fa4f2cedba0fb758ebbd    1583	batch4-backend/venv/lib/python3.12/site-packages/google/cloud/storage/asyncio/_utils.py
100644 blob 26cbab7a0956601828f3fd862a3f4f50576d31be    2106	batch4-backend/venv/lib/python3.12/site-packages/google/cloud/storage/asyncio/async_abstract_object_stream.py
100644 blob 1af54d6ffe436b8d873f3e8c94b9b6ae0920f3ec   30259	batch4-backend/venv/lib/python3.12/site-packages/google/cloud/storage/asyncio/async_appendable_object_writer.py
100644 blob 18ee348401c7f4c826b9931324286ca79335c192   11560	batch4-backend/venv/lib/python3.12/site-packages/google/cloud/storage/asyncio/async_grpc_client.py
100644 blob 32757bf754b7595719bbe6f359d9f451e87d3830   21837	batch4-backend/venv/lib/python3.12/site-packages/google/cloud/storage/asyncio/async_multi_range_downloader.py
100644 blob d3c0780673c7cb8c999c8a85df99d843724a346e    8725	batch4-backend/venv/lib/python3.12/site-packages/google/cloud/storage/asyncio/async_read_object_stream.py
100644 blob 2d78a8c20fd1f998e54faa0efad271ab2eaf0384   10500	batch4-backend/venv/lib/python3.12/site-packages/google/cloud/storage/asyncio/async_write_object_stream.py
100644 blob eebca8ca2507e23e2c09210a07bca7f502bf1f96    4523	batch4-backend/venv/lib/python3.12/site-packages/google/cloud/storage/asyncio/retry/_helpers.py
100644 blob ff193f109a0c83ae8ffc97068d6c687e7a0b4cde    3515	batch4-backend/venv/lib/python3.12/site-packages/google/cloud/storage/asyncio/retry/base_strategy.py
100644 blob 947ee74c118363ca970f90a661c38e81b68e7acb    2529	batch4-backend/venv/lib/python3.12/site-packages/google/cloud/storage/asyncio/retry/bidi_stream_retry_manager.py
100644 blob 6cf17af1908974c1cd4415a105d70ff91af68c24    8203	batch4-backend/venv/lib/python3.12/site-packages/google/cloud/storage/asyncio/retry/reads_resumption_strategy.py
100644 blob bec0b31c54076e8a88dc91b22d3ea4a66ac869cc    6043	batch4-backend/venv/lib/python3.12/site-packages/google/cloud/storage/asyncio/retry/writes_resumption_strategy.py
100644 blob aed3703eb03dc8919580262c150c3837ae930530   14054	batch4-backend/venv/lib/python3.12/site-packages/google/cloud/storage/batch.py
100644 blob 87493a30dfc06d14d6dbd4b0beaf456d42d7363e  219128	batch4-backend/venv/lib/python3.12/site-packages/google/cloud/storage/blob.py
100644 blob 7954e70e08f9a2649f94e8c4d64f75241dba3692  173896	batch4-backend/venv/lib/python3.12/site-packages/google/cloud/storage/bucket.py
100644 blob 5559dbc7d763c18e11cf5bb2374833011c7ca9e9   84795	batch4-backend/venv/lib/python3.12/site-packages/google/cloud/storage/client.py
100644 blob c6c1b63c413e90f4c014f041cf606fc59455cd73    4609	batch4-backend/venv/lib/python3.12/site-packages/google/cloud/storage/constants.py
100644 blob 0a92e020ca14362d0a8fd722740b0b06ce8e6ae3    2862	batch4-backend/venv/lib/python3.12/site-packages/google/cloud/storage/exceptions.py
100644 blob d721b6e3de4fed6dd38f495d0dfdfc44acd2df18   20319	batch4-backend/venv/lib/python3.12/site-packages/google/cloud/storage/fileio.py
100644 blob 4fdb23e702b6e476a882d3444840339b372ce66b    4637	batch4-backend/venv/lib/python3.12/site-packages/google/cloud/storage/grpc_client.py
100644 blob 0976b5e5a8e60d1851a33d24e6684974ca443c7b   10227	batch4-backend/venv/lib/python3.12/site-packages/google/cloud/storage/hmac_key.py
100644 blob 36c7412b842a4bb4006cb76447ff9a5de4b7dcbd    2802	batch4-backend/venv/lib/python3.12/site-packages/google/cloud/storage/iam.py
100644 blob 877ff2101aba880d459dd5f9433182e22025256b    5631	batch4-backend/venv/lib/python3.12/site-packages/google/cloud/storage/ip_filter.py
100644 blob 21588f6eda4e7f768e3717f42be6c15e5b980e3c   16339	batch4-backend/venv/lib/python3.12/site-packages/google/cloud/storage/notification.py
100644 blob 7aa1e82fa42595f0a13ae38f8d6b4ed133e0fb09    6927	batch4-backend/venv/lib/python3.12/site-packages/google/cloud/storage/retry.py
100644 blob 6486696021fcf629c3c6582f7642a87b6f15c19f   60127	batch4-backend/venv/lib/python3.12/site-packages/google/cloud/storage/transfer_manager.py
100644 blob a3de40375f119869fdf79bcdfd8c951963a27a1f     598	batch4-backend/venv/lib/python3.12/site-packages/google/cloud/storage/version.py
100644 blob 0a9aecb37574c650b825fa68bbfa7247f6402a4c     597	batch4-backend/venv/lib/python3.12/site-packages/google/cloud/version.py
100644 blob 0f2855c15a66716f379115e79c54b2a2a3b88a03    3805	batch4-backend/venv/lib/python3.12/site-packages/google/gapic/metadata/gapic_metadata.proto
100644 blob 4ed230f3053e5b033e6230b5d3b394b000ac76b7    5123	batch4-backend/venv/lib/python3.12/site-packages/google/gapic/metadata/gapic_metadata_pb2.py
100644 blob 85b594cbc0245d894d4fa62351352e2ecab8f509    4516	batch4-backend/venv/lib/python3.12/site-packages/google/gapic/metadata/gapic_metadata_pb2.pyi
100644 blob b31522b69c7c292d855bb806cc80aa7b1b57362b    3601	batch4-backend/venv/lib/python3.12/site-packages/google/logging/type/http_request.proto
100644 blob 4be21f6b1d604d402814de834da47f8ac54e1c83    3285	batch4-backend/venv/lib/python3.12/site-packages/google/logging/type/http_request_pb2.py
100644 blob 5a05ecfb46af2d68c969c1435dabc7f938ff9611    3202	batch4-backend/venv/lib/python3.12/site-packages/google/logging/type/http_request_pb2.pyi
100644 blob 406b8173a3aa056d8dab749db0ae731811d681c1    2555	batch4-backend/venv/lib/python3.12/site-packages/google/logging/type/log_severity.proto
100644 blob bcdcc3d4d84da91dae9c7fb18ef9d6a193d90f31    2830	batch4-backend/venv/lib/python3.12/site-packages/google/logging/type/log_severity_pb2.py
100644 blob eeafb8ed88df6bb1c6012341973a172fc2d90165    1378	batch4-backend/venv/lib/python3.12/site-packages/google/logging/type/log_severity_pb2.pyi
100644 blob 0545e8c9dd75e55fb13067fd80bcf9508eab1a7d     818	batch4-backend/venv/lib/python3.12/site-packages/google/longrunning/operations_grpc.py
100644 blob d03fe28e4428915072aaa71025f95e78e649869b     531	batch4-backend/venv/lib/python3.12/site-packages/google/longrunning/operations_grpc_pb2.py
100644 blob 928c33600ecfad420552e3df74e1001fc6c4a3b8    1569	batch4-backend/venv/lib/python3.12/site-packages/google/longrunning/operations_pb2.py
100644 blob 6bf00bd4dc9d2f54793b8df0e997e52ec2e63d94   14464	batch4-backend/venv/lib/python3.12/site-packages/google/longrunning/operations_pb2_grpc.py
100644 blob 63df207d258dbcc9db5911a52234791802ba77bf   10931	batch4-backend/venv/lib/python3.12/site-packages/google/longrunning/operations_proto.proto
100644 blob 35d1facade44a2dc67eb8b9e57ec51f971480e46     243	batch4-backend/venv/lib/python3.12/site-packages/google/longrunning/operations_proto.py
100644 blob c9a054fed37511397d90341433a65dba5b87ce5b    7942	batch4-backend/venv/lib/python3.12/site-packages/google/longrunning/operations_proto_pb2.py
100644 blob e56b84a361dd412b41d7de42f036d78a46a7a53b    4989	batch4-backend/venv/lib/python3.12/site-packages/google/longrunning/operations_proto_pb2.pyi
100644 blob 4fb71fd1ad3b65bf1db29b124b648c6125d8db17     619	batch4-backend/venv/lib/python3.12/site-packages/google/oauth2/__init__.py
100644 blob 1afa7ab55d3255b6fae983bb84f984701bcb9fbf   22645	batch4-backend/venv/lib/python3.12/site-packages/google/oauth2/_client.py
100644 blob 1cb3ee0243f52dee8c6245ff0cb00d837ed7053a   16885	batch4-backend/venv/lib/python3.12/site-packages/google/oauth2/_client_async.py
100644 blob 06641e37cf10b6d3754b61874d9c6dc62a0ac938    4451	batch4-backend/venv/lib/python3.12/site-packages/google/oauth2/_credentials_async.py
100644 blob 38d79ef5d612435ee6dc3123aff742053a1bb66a   10125	batch4-backend/venv/lib/python3.12/site-packages/google/oauth2/_id_token_async.py
100644 blob 516e8641c556ba0397f0f0eb7b2df07e0257593a   11640	batch4-backend/venv/lib/python3.12/site-packages/google/oauth2/_reauth_async.py
100644 blob 50ba8e82530c157c4dc10c86debcd22379921004    5487	batch4-backend/venv/lib/python3.12/site-packages/google/oauth2/_service_account_async.py
100644 blob 9f06ad9ef13e6af8f831ac7e37bbd9d76344ba57   10379	batch4-backend/venv/lib/python3.12/site-packages/google/oauth2/challenges.py
100644 blob cff8647d3bd9db4063572b83645256a5a8ec9904   25792	batch4-backend/venv/lib/python3.12/site-packages/google/oauth2/credentials.py
100644 blob be94b2360ab66425513b9f4147c31a71ff9d0932    8913	batch4-backend/venv/lib/python3.12/site-packages/google/oauth2/gdch_credentials.py
100644 blob 1cab9440a61aee2efe0ed2ff717f2d94b410ee16   14159	batch4-backend/venv/lib/python3.12/site-packages/google/oauth2/id_token.py
100644 blob d82ed62c2f052f2d46ea9843ac82ed475f223593      76	batch4-backend/venv/lib/python3.12/site-packages/google/oauth2/py.typed
100644 blob 270e3d5745b06632043bdfeeae10692d8b969bb4   12829	batch4-backend/venv/lib/python3.12/site-packages/google/oauth2/reauth.py
100644 blob 6744e6f14d9b982a9dcd89f720de3d9ffde75507   33666	batch4-backend/venv/lib/python3.12/site-packages/google/oauth2/service_account.py
100644 blob a48db0a4580b4a84ca9dac2f159f872c88e62d8d    7727	batch4-backend/venv/lib/python3.12/site-packages/google/oauth2/sts.py
100644 blob d72ff1916631f17773d63244eac0179b9109c8d1    6315	batch4-backend/venv/lib/python3.12/site-packages/google/oauth2/utils.py
100644 blob 3ee4a7ebbde343141a43adbcf23c9ce11d1c1823    3383	batch4-backend/venv/lib/python3.12/site-packages/google/oauth2/webauthn_handler.py
100644 blob 184329fed7e921cff1003a91ddd4c9819618a065     429	batch4-backend/venv/lib/python3.12/site-packages/google/oauth2/webauthn_handler_factory.py
100644 blob d69566ec6b77aaf61747d47e41794529a4b21fde    5386	batch4-backend/venv/lib/python3.12/site-packages/google/oauth2/webauthn_types.py
100755 blob 2273ed8da80ae30bde9980315c1331e27b626bb3     346	batch4-backend/venv/lib/python3.12/site-packages/google/protobuf/__init__.py
100755 blob 4ebedc3ba020c9e42a823df2299ca539bd947eb8    1318	batch4-backend/venv/lib/python3.12/site-packages/google/protobuf/any.py
100755 blob 5fe7ef308dc6c14356f2cc7c9bc1c93aa821fd10    1725	batch4-backend/venv/lib/python3.12/site-packages/google/protobuf/any_pb2.py
100755 blob 806c8e9f48e330560c7d7a1fbddf82e04f3c183a    3600	batch4-backend/venv/lib/python3.12/site-packages/google/protobuf/api_pb2.py
100755 blob e69de29bb2d1d6434b8b29ae775ad8c2e48c5391       0	batch4-backend/venv/lib/python3.12/site-packages/google/protobuf/compiler/__init__.py
100755 blob b0d5ca7c31a76460bde9e184f589b47d4af89747    3797	batch4-backend/venv/lib/python3.12/site-packages/google/protobuf/compiler/plugin_pb2.py
100755 blob 6cc81441d59b7d8b185d462d4d7f43c20a587375   53315	batch4-backend/venv/lib/python3.12/site-packages/google/protobuf/descriptor.py
100755 blob ce0033efedba45c463e6b1cdfa9b49000344e38b    6339	batch4-backend/venv/lib/python3.12/site-packages/google/protobuf/descriptor_database.py
100755 blob 53ae10027a36b5aa50d757102e8e072c47e9259a  380231	batch4-backend/venv/lib/python3.12/site-packages/google/protobuf/descriptor_pb2.py
100755 blob cd441e7ea565f9c7a7358893ea7993e4f806b57f   49021	batch4-backend/venv/lib/python3.12/site-packages/google/protobuf/descriptor_pool.py
100755 blob 21f17bf71a2f34f412849a24989a6b406df817d0    2672	batch4-backend/venv/lib/python3.12/site-packages/google/protobuf/duration.py
100755 blob 604490bdd518da505e25dbc45b6d45954c9a2451    1805	batch4-backend/venv/lib/python3.12/site-packages/google/protobuf/duration_pb2.py
100755 blob e46bb235cb14796a9f5e21bae35e0ca62695d92c    1669	batch4-backend/venv/lib/python3.12/site-packages/google/protobuf/empty_pb2.py
100755 blob 35e9334bc11fe7cc0bc95eb7f46da6a8f48e792a    1765	batch4-backend/venv/lib/python3.12/site-packages/google/protobuf/field_mask_pb2.py
100755 blob 80d99fe5b1f671abc6498c1ff6f5fa1a6523e0a5     271	batch4-backend/venv/lib/python3.12/site-packages/google/protobuf/internal/__init__.py
100755 blob 2cf62f28044b1da5cec0e4adb00025eba67f74c5    4618	batch4-backend/venv/lib/python3.12/site-packages/google/protobuf/internal/api_implementation.py
100755 blob 1f7e8629615ebef61517a5cd865e5e5f24081303    4157	batch4-backend/venv/lib/python3.12/site-packages/google/protobuf/internal/builder.py
100755 blob 896faee3ab616be9aef7ecee4dca548b16ed8407   25617	batch4-backend/venv/lib/python3.12/site-packages/google/protobuf/internal/containers.py
100755 blob ae9b1d7d858a0653f2c9bdd9f2e1d83cf5e5b0f7   37849	batch4-backend/venv/lib/python3.12/site-packages/google/protobuf/internal/decoder.py
100755 blob f02b4860f785baa7c80c2ad1f515e6e1f578c447   27013	batch4-backend/venv/lib/python3.12/site-packages/google/protobuf/internal/encoder.py
100755 blob 0d2cf3d8ca51b5be66bf578c0a7ddec2b3d9e03b    3896	batch4-backend/venv/lib/python3.12/site-packages/google/protobuf/internal/enum_type_wrapper.py
100755 blob 5e6a1323589e2f4121200eb845fa7b1c0e833b28    7262	batch4-backend/venv/lib/python3.12/site-packages/google/protobuf/internal/extension_dict.py
100755 blob a8f01dc95214663616ed479c8902206b2bb06656   11317	batch4-backend/venv/lib/python3.12/site-packages/google/protobuf/internal/field_mask.py
100755 blob be2458d92667d93d6b995c62bd6a34dc957a8cb2    7465	batch4-backend/venv/lib/python3.12/site-packages/google/protobuf/internal/json_format_benchmark.py
100755 blob 6413648028b431718db874bb6d74de8eb24fad66    8324	batch4-backend/venv/lib/python3.12/site-packages/google/protobuf/internal/message_benchmark.py
100755 blob 7abb851d7c287d5e3e7bce570223a1c81d1af760    2002	batch4-backend/venv/lib/python3.12/site-packages/google/protobuf/internal/message_listener.py
100755 blob a6b7741c58a2678080f4b038d4fda874ebd6da28     645	batch4-backend/venv/lib/python3.12/site-packages/google/protobuf/internal/python_edition_defaults.py
100755 blob 53bd94f9eacaa4e1741393340174a31ef534d4c9   59716	batch4-backend/venv/lib/python3.12/site-packages/google/protobuf/internal/python_message.py
100755 blob 53728ed8e68d9289dd434e63215e63edcf762f72    4531	batch4-backend/venv/lib/python3.12/site-packages/google/protobuf/internal/testing_refleaks.py
100755 blob e959688d3924a65d5bc5e204578c026a9823b201   16826	batch4-backend/venv/lib/python3.12/site-packages/google/protobuf/internal/type_checkers.py
100755 blob 76f274df66e7b131a9c04700809e62349f4f5bd5   23336	batch4-backend/venv/lib/python3.12/site-packages/google/protobuf/internal/well_known_types.py
100755 blob fb7a4cd28a03d4da6da45a1ac545642e5085d2da    7109	batch4-backend/venv/lib/python3.12/site-packages/google/protobuf/internal/wire_format.py
100755 blob 27e71cc23a6caefb2d321375b3283f6efd212c3b    1967	batch4-backend/venv/lib/python3.12/site-packages/google/protobuf/json_enumvalue_options_pb2.py
100755 blob 90a0b3e7b50231d37467a1b123ddb3715e1543f8   43249	batch4-backend/venv/lib/python3.12/site-packages/google/protobuf/json_format.py
100755 blob 15cdb6be42d071ec05050b89e539e77cec608b22    1566	batch4-backend/venv/lib/python3.12/site-packages/google/protobuf/json_options_pb2.py
100755 blob bfab0f98062590f3dc23630d06a2022ba42759a3   15602	batch4-backend/venv/lib/python3.12/site-packages/google/protobuf/message.py
100755 blob 1dca0553a01444122e82a0be2dd6bb8f31b1e291    6605	batch4-backend/venv/lib/python3.12/site-packages/google/protobuf/message_factory.py
100755 blob ddaac26bbf07de964d00c3f7667656a446c33d7b    4400	batch4-backend/venv/lib/python3.12/site-packages/google/protobuf/proto.py
100755 blob 732cffdffccc63ab1d35b291d0002dd4c350732c    4246	batch4-backend/venv/lib/python3.12/site-packages/google/protobuf/proto_builder.py
100755 blob dbdba5e9f7ea4d3a8762f42a292a6846ae700e5c    2963	batch4-backend/venv/lib/python3.12/site-packages/google/protobuf/proto_json.py
100755 blob 0533f97404ded9a59c5ce2cfab06bad303ee9a79    4646	batch4-backend/venv/lib/python3.12/site-packages/google/protobuf/proto_text.py
100755 blob e69de29bb2d1d6434b8b29ae775ad8c2e48c5391       0	batch4-backend/venv/lib/python3.12/site-packages/google/protobuf/pyext/__init__.py
100755 blob be67be272029b25dd2d73ffa423e6a39084e1bb4    1712	batch4-backend/venv/lib/python3.12/site-packages/google/protobuf/pyext/cpp_message.py
100755 blob 84c11157c640623f2496cc5a313e1cbd69b1ea15    1241	batch4-backend/venv/lib/python3.12/site-packages/google/protobuf/reflection.py
100755 blob 857f373c38e7aadae124ec01a8e7edfb46e312ef    3034	batch4-backend/venv/lib/python3.12/site-packages/google/protobuf/runtime_version.py
100755 blob 8760be50ce94da2c23b8f5a3ac214fbfe6098bee   10102	batch4-backend/venv/lib/python3.12/site-packages/google/protobuf/service_reflection.py
100755 blob f1ac797d0238c4c0a04c64fd7b2dfb4a0a531084    1791	batch4-backend/venv/lib/python3.12/site-packages/google/protobuf/source_context_pb2.py
100755 blob 210af98a38428e12947b3feab7475af49a853330    3061	batch4-backend/venv/lib/python3.12/site-packages/google/protobuf/struct_pb2.py
100755 blob 6f02346901e4cec80a8bdbf42a2c55e4271a346b    5749	batch4-backend/venv/lib/python3.12/site-packages/google/protobuf/symbol_database.py
100755 blob e69de29bb2d1d6434b8b29ae775ad8c2e48c5391       0	batch4-backend/venv/lib/python3.12/site-packages/google/protobuf/testdata/__init__.py
100755 blob 294a46242003e4f05c91bcfbd72727c66f748bd8    3625	batch4-backend/venv/lib/python3.12/site-packages/google/protobuf/text_encoding.py
100755 blob ad7f50cf027bce718250682dde26d636609c6e6d   66516	batch4-backend/venv/lib/python3.12/site-packages/google/protobuf/text_format.py
100755 blob b23b9f11af02984469f565ae253730c1fdda0c1d    3133	batch4-backend/venv/lib/python3.12/site-packages/google/protobuf/timestamp.py
100755 blob 74a38ff788c97431a1697371084c95e7deec89e4    1815	batch4-backend/venv/lib/python3.12/site-packages/google/protobuf/timestamp_pb2.py
100755 blob 127b72eab2e3f56afd28c1b60027efba4415432b    5438	batch4-backend/venv/lib/python3.12/site-packages/google/protobuf/type_pb2.py
100755 blob 0e33f21d316a93f5fd0ecdd7981b3c28ef95b2e1    3047	batch4-backend/venv/lib/python3.12/site-packages/google/protobuf/unknown_fields.py
100755 blob e69de29bb2d1d6434b8b29ae775ad8c2e48c5391       0	batch4-backend/venv/lib/python3.12/site-packages/google/protobuf/util/__init__.py
100755 blob 32b117e3c1840c15433afd69842ad17294201566    3037	batch4-backend/venv/lib/python3.12/site-packages/google/protobuf/wrappers_pb2.py
100644 blob f319f8ea6953e0d88123bb151725ad02f190c352    1558	batch4-backend/venv/lib/python3.12/site-packages/google/resumable_media/__init__.py
100644 blob 5e9a8ad2226ba717fbddd0f19d520cf5dc69c14d   20617	batch4-backend/venv/lib/python3.12/site-packages/google/resumable_media/_download.py
100644 blob 04cd6cc80b428fea2460c2d689fc6955522a0709   14525	batch4-backend/venv/lib/python3.12/site-packages/google/resumable_media/_helpers.py
100644 blob 76509c0ded10c1aab0c6264ae53795325b512377   58411	batch4-backend/venv/lib/python3.12/site-packages/google/resumable_media/_upload.py
100644 blob 216ba04097a816f5080013ecb976be6394d42d4e    6188	batch4-backend/venv/lib/python3.12/site-packages/google/resumable_media/common.py
100644 blob 7705b065b00d1990fff0bfa83bc916b3f239a6f2      85	batch4-backend/venv/lib/python3.12/site-packages/google/resumable_media/py.typed
100644 blob cbd1aede36ff47ca5adfcf4f8faa220cdda1f278   21463	batch4-backend/venv/lib/python3.12/site-packages/google/resumable_media/requests/__init__.py
100644 blob 04b02ae895ae391dd376fb96026b8a3ea1e098e0    6337	batch4-backend/venv/lib/python3.12/site-packages/google/resumable_media/requests/_request_helpers.py
100644 blob 990f369a02fb8e63f4777e22ee379e4fd95ec2d7   31045	batch4-backend/venv/lib/python3.12/site-packages/google/resumable_media/requests/download.py
100644 blob 3233517d0930b3b8b8092a54dbee5a429117995b   28436	batch4-backend/venv/lib/python3.12/site-packages/google/resumable_media/requests/upload.py
100644 blob 46b5d75a78aa182e3353744d4fac76aed4d609cb    7138	batch4-backend/venv/lib/python3.12/site-packages/google/rpc/code.proto
100644 blob d4dd6f3cc0fc96048d56ea53b970d7736871bcc6    2704	batch4-backend/venv/lib/python3.12/site-packages/google/rpc/code_pb2.py
100644 blob 17acb5af980096659a45effd3811a1ab577d6ffe    1771	batch4-backend/venv/lib/python3.12/site-packages/google/rpc/code_pb2.pyi
100644 blob 55f95f844e74ac98185515a9f84cff941d8de188   15115	batch4-backend/venv/lib/python3.12/site-packages/google/rpc/context/attribute_context.proto
100644 blob d20d9625488c8d6dbc7caa1cba905ff7ee8f3485    8787	batch4-backend/venv/lib/python3.12/site-packages/google/rpc/context/attribute_context_pb2.py
100644 blob feab1f6f623b19bda72105deb35d2c5376ecefe1   11924	batch4-backend/venv/lib/python3.12/site-packages/google/rpc/context/attribute_context_pb2.pyi
100644 blob 03c5ab9a508659be37500885a137c071f73f565c    1829	batch4-backend/venv/lib/python3.12/site-packages/google/rpc/context/audit_context.proto
100644 blob 99bcf60e75b5b7675149b41ae8aa7a3aca0b8849    2679	batch4-backend/venv/lib/python3.12/site-packages/google/rpc/context/audit_context_pb2.py
100644 blob 720be02d377cf21487845cee365c2be2941b054f    1931	batch4-backend/venv/lib/python3.12/site-packages/google/rpc/context/audit_context_pb2.pyi
100644 blob 43b7d04d2baa116ed0f943322bec1db65af66e55   14599	batch4-backend/venv/lib/python3.12/site-packages/google/rpc/error_details.proto
100644 blob 1038e8c1a7e8e977b7d326799b70ca1da1b872f1    6705	batch4-backend/venv/lib/python3.12/site-packages/google/rpc/error_details_pb2.py
100644 blob d581ac791528bad7600212659d2a23b51281a6eb    8521	batch4-backend/venv/lib/python3.12/site-packages/google/rpc/error_details_pb2.pyi
100644 blob 9d97b601d9fb43f4f1653409477353555c1cd2db    1940	batch4-backend/venv/lib/python3.12/site-packages/google/rpc/http.proto
100644 blob 3aa1fa8c94dcc48d32d031217434bfabdca23687    2793	batch4-backend/venv/lib/python3.12/site-packages/google/rpc/http_pb2.py
100644 blob 69f680b03a44f7468c599e9c5a21cafe87528ae3    2485	batch4-backend/venv/lib/python3.12/site-packages/google/rpc/http_pb2.pyi
100644 blob 97f50b9d89056be743f226a0866175e04276fd5a    1902	batch4-backend/venv/lib/python3.12/site-packages/google/rpc/status.proto
100644 blob 9b3b7823d55a5df1060f0e33142d575eb25f7c65    2389	batch4-backend/venv/lib/python3.12/site-packages/google/rpc/status_pb2.py
100644 blob c24374a0eca6d15c3d14746ee925a2aeff3759ad    1549	batch4-backend/venv/lib/python3.12/site-packages/google/rpc/status_pb2.pyi
100644 blob ae08aebd677038c965cf667fc596ce0257250ecd    1762	batch4-backend/venv/lib/python3.12/site-packages/google/type/calendar_period.proto
100644 blob 02abe1b812e02523df7d3311692dd8b09ca228d2    2522	batch4-backend/venv/lib/python3.12/site-packages/google/type/calendar_period_pb2.py
100644 blob 2e230b4ed08c6f02448fe8f77ec6c2a356d01cdb    1400	batch4-backend/venv/lib/python3.12/site-packages/google/type/calendar_period_pb2.pyi
100644 blob c48d0644a70f44fbccaa81421bf918862491553f    6355	batch4-backend/venv/lib/python3.12/site-packages/google/type/color.proto
100644 blob d73d21ccdebafaa710c2f5f7ceedc3fd4a92aad0    2436	batch4-backend/venv/lib/python3.12/site-packages/google/type/color_pb2.py
100644 blob c80242e79bb329eed675e9f4c6679b71e515ea17    1501	batch4-backend/venv/lib/python3.12/site-packages/google/type/color_pb2.pyi
100644 blob 12be7e16a48bc13784ae27e1fb5f129ad916fcdb    2010	batch4-backend/venv/lib/python3.12/site-packages/google/type/date.proto
100644 blob 04c118e5ff02f32d621504c4e0385903889510f1    2238	batch4-backend/venv/lib/python3.12/site-packages/google/type/date_pb2.py
100644 blob fcaf2f9984af7bd0be3f457ccb6936d146c226f8    1187	batch4-backend/venv/lib/python3.12/site-packages/google/type/date_pb2.pyi
100644 blob b81e4f472f973802b1484ce1792e45aa393d2688    4051	batch4-backend/venv/lib/python3.12/site-packages/google/type/datetime.proto
100644 blob 4de61cc17c8c2456a63b8ca7b0ff8a6547cbc8db    2918	batch4-backend/venv/lib/python3.12/site-packages/google/type/datetime_pb2.py
100644 blob 643eb2e442b14f0c0732a9250f166e85e0dceab7    2487	batch4-backend/venv/lib/python3.12/site-packages/google/type/datetime_pb2.pyi
100644 blob 669d89401c1821b5ea7aa911567f39f543d5b283    1204	batch4-backend/venv/lib/python3.12/site-packages/google/type/dayofweek.proto
100644 blob aa23df46e101b6aee7de41b3ca9d2e4c88ad7651    2455	batch4-backend/venv/lib/python3.12/site-packages/google/type/dayofweek_pb2.py
100644 blob 34c6770654e1760d13500cc78bfcfd2e2f695540    1335	batch4-backend/venv/lib/python3.12/site-packages/google/type/dayofweek_pb2.pyi
100644 blob 353e14b477a9ed506af2248f221ad6b03b57542c    4225	batch4-backend/venv/lib/python3.12/site-packages/google/type/decimal.proto
100644 blob 581c05b62674faf2463b577ffe9afa9614be9074    2214	batch4-backend/venv/lib/python3.12/site-packages/google/type/decimal_pb2.py
100644 blob 95f43e305a7d55a9f840c44cfb3fbe95eb193c22     980	batch4-backend/venv/lib/python3.12/site-packages/google/type/decimal_pb2.pyi
100644 blob 2fca5cda3151c24b3efd6e409d51324749b30261    2730	batch4-backend/venv/lib/python3.12/site-packages/google/type/expr.proto
100644 blob 0c4ec73436326fa47d24a2a3df125495fbc8e9fb    2277	batch4-backend/venv/lib/python3.12/site-packages/google/type/expr_pb2.py
100644 blob a1a55662b924800dbc0bf7913337777f7f0b6203    1355	batch4-backend/venv/lib/python3.12/site-packages/google/type/expr_pb2.pyi
100644 blob 72f90b3113ebaf46ac293f8aba821f5c970d2133    1156	batch4-backend/venv/lib/python3.12/site-packages/google/type/fraction.proto
100644 blob 2d203342f5e87c851bd66473a126119b9c1902df    2272	batch4-backend/venv/lib/python3.12/site-packages/google/type/fraction_pb2.py
100644 blob 97e566c35f25f0ebed1a54a31a15dad51eb76fa6    1126	batch4-backend/venv/lib/python3.12/site-packages/google/type/fraction_pb2.pyi
100644 blob 8e001282caae5d89a7751c6a441bc68f2ab20418    1635	batch4-backend/venv/lib/python3.12/site-packages/google/type/interval.proto
100644 blob 3ea37fdacafff17859a064f02bddd27e24201015    2445	batch4-backend/venv/lib/python3.12/site-packages/google/type/interval_pb2.py
100644 blob 18c0007c0a30e65e87ca80499f6adc2b9f8e8a06    1496	batch4-backend/venv/lib/python3.12/site-packages/google/type/interval_pb2.pyi
100644 blob 2866058ccf1c8de90269891ae50589fd81c9186d    1433	batch4-backend/venv/lib/python3.12/site-packages/google/type/latlng.proto
100644 blob 2af4e41385b0f60ec76245ab1f6a53680d5e0e9a    2229	batch4-backend/venv/lib/python3.12/site-packages/google/type/latlng_pb2.py
100644 blob 033dd88192491943d6987c0899f69e8f6dfeedf8    1120	batch4-backend/venv/lib/python3.12/site-packages/google/type/latlng_pb2.pyi
100644 blob d3f2c2c1833b41950c839531b8f489279535ff14    1317	batch4-backend/venv/lib/python3.12/site-packages/google/type/localized_text.proto
100644 blob 00361d372e3ad52783b65440d8b6e67008fecadb    2323	batch4-backend/venv/lib/python3.12/site-packages/google/type/localized_text_pb2.py
100644 blob f67aa6deb76fcd8a3267b962ddbbf88c1e875884    1119	batch4-backend/venv/lib/python3.12/site-packages/google/type/localized_text_pb2.pyi
100644 blob ed0d790a33431936c838c01d9105c415b6f0436f    1571	batch4-backend/venv/lib/python3.12/site-packages/google/type/money.proto
100644 blob 4256b3a4e7b7ec0e25c473f4604e096eae9b5bd7    2245	batch4-backend/venv/lib/python3.12/site-packages/google/type/money_pb2.py
100644 blob dd1c02b32126e6dbfa41ac038e8f944af144d907    1232	batch4-backend/venv/lib/python3.12/site-packages/google/type/money_pb2.pyi
100644 blob f8a66305f9b7235f194c6d751b365c79cc7ee215    1479	batch4-backend/venv/lib/python3.12/site-packages/google/type/month.proto
100644 blob b3d7ebc3641bedc42262691e137d80d16237eddf    2531	batch4-backend/venv/lib/python3.12/site-packages/google/type/month_pb2.py
100644 blob a5634ce225025f4b15808749cb8f93c5b1325c43    1458	batch4-backend/venv/lib/python3.12/site-packages/google/type/month_pb2.pyi
100644 blob 7c55be07688de034232c66785a3b38b5e962b7c3    4784	batch4-backend/venv/lib/python3.12/site-packages/google/type/phone_number.proto
100644 blob 6ead14d5cdf5a4b0ad911e3e5be912575e52a86b    2650	batch4-backend/venv/lib/python3.12/site-packages/google/type/phone_number_pb2.py
100644 blob aae75ceea08fdcad8683c3f57cf9b01176c02d8a    1754	batch4-backend/venv/lib/python3.12/site-packages/google/type/phone_number_pb2.pyi
100644 blob 57059625235909947c85be4fb17137243227f8b9    6322	batch4-backend/venv/lib/python3.12/site-packages/google/type/postal_address.proto
100644 blob d3cdc8ef78ae51d558619325c360fa87e787c223    2707	batch4-backend/venv/lib/python3.12/site-packages/google/type/postal_address_pb2.py
100644 blob 946cbf7c13c636890a33bb53e8d871242c1c2b3a    2614	batch4-backend/venv/lib/python3.12/site-packages/google/type/postal_address_pb2.pyi
100644 blob d24629821ffe18bf3516477f92314bb81aab4679    3826	batch4-backend/venv/lib/python3.12/site-packages/google/type/quaternion.proto
100644 blob 8ab2d1fc94e8686b1219f9cbd965b243ddf5d755    2331	batch4-backend/venv/lib/python3.12/site-packages/google/type/quaternion_pb2.py
100644 blob 8a7bfbe24c269ef4dd056ea9fd0df1f9699f3653    1257	batch4-backend/venv/lib/python3.12/site-packages/google/type/quaternion_pb2.pyi
100644 blob 94090bd085e541b6aee27736660034f88b6700cf    1840	batch4-backend/venv/lib/python3.12/site-packages/google/type/timeofday.proto
100644 blob 7dd268e7bdf9317e9f2e8a390763237195774b22    2342	batch4-backend/venv/lib/python3.12/site-packages/google/type/timeofday_pb2.py
100644 blob 1a5e261895693875fd4db69e5717ebd55f17433a    1320	batch4-backend/venv/lib/python3.12/site-packages/google/type/timeofday_pb2.pyi
100644 blob a1b589e38a32041e49332e5e81c2d363dc418d68       4	batch4-backend/venv/lib/python3.12/site-packages/google_api_core-2.40.0.dist-info/INSTALLER
100644 blob b37aa66ac3d841d3cdd3722efdbd26bdded3b846    3223	batch4-backend/venv/lib/python3.12/site-packages/google_api_core-2.40.0.dist-info/METADATA
100644 blob b7a7ca387cb46dda48d299c42fa6f0881cebd912   12376	batch4-backend/venv/lib/python3.12/site-packages/google_api_core-2.40.0.dist-info/RECORD
100644 blob e69de29bb2d1d6434b8b29ae775ad8c2e48c5391       0	batch4-backend/venv/lib/python3.12/site-packages/google_api_core-2.40.0.dist-info/REQUESTED
100644 blob 13013d7b49be5a84c3ee5931b06285b9553cf5d0      91	batch4-backend/venv/lib/python3.12/site-packages/google_api_core-2.40.0.dist-info/WHEEL
100644 blob d645695673349e3947e8e5ae42332d0ac3164cd7   11358	batch4-backend/venv/lib/python3.12/site-packages/google_api_core-2.40.0.dist-info/licenses/LICENSE
100644 blob cb429113e0f9a73019fd799e8052093fea7f0c8b       7	batch4-backend/venv/lib/python3.12/site-packages/google_api_core-2.40.0.dist-info/top_level.txt
100644 blob a1b589e38a32041e49332e5e81c2d363dc418d68       4	batch4-backend/venv/lib/python3.12/site-packages/google_auth-2.59.1.dist-info/INSTALLER
100644 blob 90c5fe70b998589e433164ca6fe7f26546d5166a    6005	batch4-backend/venv/lib/python3.12/site-packages/google_auth-2.59.1.dist-info/METADATA
100644 blob c9e586487b1a74451c049172d722093e6a49555d   12290	batch4-backend/venv/lib/python3.12/site-packages/google_auth-2.59.1.dist-info/RECORD
100644 blob e69de29bb2d1d6434b8b29ae775ad8c2e48c5391       0	batch4-backend/venv/lib/python3.12/site-packages/google_auth-2.59.1.dist-info/REQUESTED
100644 blob 13013d7b49be5a84c3ee5931b06285b9553cf5d0      91	batch4-backend/venv/lib/python3.12/site-packages/google_auth-2.59.1.dist-info/WHEEL
100644 blob 261eeb9e9f8b2b4b0d119366dda99c6fd7d35c64   11357	batch4-backend/venv/lib/python3.12/site-packages/google_auth-2.59.1.dist-info/licenses/LICENSE
100644 blob cb429113e0f9a73019fd799e8052093fea7f0c8b       7	batch4-backend/venv/lib/python3.12/site-packages/google_auth-2.59.1.dist-info/top_level.txt
100644 blob a1b589e38a32041e49332e5e81c2d363dc418d68       4	batch4-backend/venv/lib/python3.12/site-packages/google_cloud_core-2.8.0.dist-info/INSTALLER
100644 blob d13f538239083ea4a2db1f5ea7f432b867c70d8a    2872	batch4-backend/venv/lib/python3.12/site-packages/google_cloud_core-2.8.0.dist-info/METADATA
100644 blob c3fcb2e0370a73fbee8d8d6d9c568ead0c61813d    2711	batch4-backend/venv/lib/python3.12/site-packages/google_cloud_core-2.8.0.dist-info/RECORD
100644 blob e69de29bb2d1d6434b8b29ae775ad8c2e48c5391       0	batch4-backend/venv/lib/python3.12/site-packages/google_cloud_core-2.8.0.dist-info/REQUESTED
100644 blob 13013d7b49be5a84c3ee5931b06285b9553cf5d0      91	batch4-backend/venv/lib/python3.12/site-packages/google_cloud_core-2.8.0.dist-info/WHEEL
100644 blob d645695673349e3947e8e5ae42332d0ac3164cd7   11358	batch4-backend/venv/lib/python3.12/site-packages/google_cloud_core-2.8.0.dist-info/licenses/LICENSE
100644 blob cb429113e0f9a73019fd799e8052093fea7f0c8b       7	batch4-backend/venv/lib/python3.12/site-packages/google_cloud_core-2.8.0.dist-info/top_level.txt
100644 blob a1b589e38a32041e49332e5e81c2d363dc418d68       4	batch4-backend/venv/lib/python3.12/site-packages/google_cloud_firestore-2.34.0.dist-info/INSTALLER
100644 blob cbb051ac7cc2414776edba02b36b014362a0c2ae    9516	batch4-backend/venv/lib/python3.12/site-packages/google_cloud_firestore-2.34.0.dist-info/METADATA
100644 blob 23574a52113a1c86ec2d8f7dc2056229bd5177d1   21368	batch4-backend/venv/lib/python3.12/site-packages/google_cloud_firestore-2.34.0.dist-info/RECORD
100644 blob e69de29bb2d1d6434b8b29ae775ad8c2e48c5391       0	batch4-backend/venv/lib/python3.12/site-packages/google_cloud_firestore-2.34.0.dist-info/REQUESTED
100644 blob 13013d7b49be5a84c3ee5931b06285b9553cf5d0      91	batch4-backend/venv/lib/python3.12/site-packages/google_cloud_firestore-2.34.0.dist-info/WHEEL
100644 blob d645695673349e3947e8e5ae42332d0ac3164cd7   11358	batch4-backend/venv/lib/python3.12/site-packages/google_cloud_firestore-2.34.0.dist-info/licenses/LICENSE
100644 blob cb429113e0f9a73019fd799e8052093fea7f0c8b       7	batch4-backend/venv/lib/python3.12/site-packages/google_cloud_firestore-2.34.0.dist-info/top_level.txt
100644 blob a1b589e38a32041e49332e5e81c2d363dc418d68       4	batch4-backend/venv/lib/python3.12/site-packages/google_cloud_storage-3.16.0.dist-info/INSTALLER
100644 blob ae878ba3e65f4a0f60ed59d28face73e88f1b8be   14987	batch4-backend/venv/lib/python3.12/site-packages/google_cloud_storage-3.16.0.dist-info/METADATA
100644 blob a4cb92574554799e0d0be70ce009732dc78943af   14720	batch4-backend/venv/lib/python3.12/site-packages/google_cloud_storage-3.16.0.dist-info/RECORD
100644 blob e69de29bb2d1d6434b8b29ae775ad8c2e48c5391       0	batch4-backend/venv/lib/python3.12/site-packages/google_cloud_storage-3.16.0.dist-info/REQUESTED
100644 blob 13013d7b49be5a84c3ee5931b06285b9553cf5d0      91	batch4-backend/venv/lib/python3.12/site-packages/google_cloud_storage-3.16.0.dist-info/WHEEL
100644 blob d645695673349e3947e8e5ae42332d0ac3164cd7   11358	batch4-backend/venv/lib/python3.12/site-packages/google_cloud_storage-3.16.0.dist-info/licenses/LICENSE
100644 blob cb429113e0f9a73019fd799e8052093fea7f0c8b       7	batch4-backend/venv/lib/python3.12/site-packages/google_cloud_storage-3.16.0.dist-info/top_level.txt
100644 blob a1b589e38a32041e49332e5e81c2d363dc418d68       4	batch4-backend/venv/lib/python3.12/site-packages/google_crc32c-1.9.0.dist-info/INSTALLER
100644 blob f19492d259a4891c65fb22e17656c8f551c8b6c7    2178	batch4-backend/venv/lib/python3.12/site-packages/google_crc32c-1.9.0.dist-info/METADATA
100644 blob 401a4b694ee06a874718b8b45cd9db3d831cabb0    1768	batch4-backend/venv/lib/python3.12/site-packages/google_crc32c-1.9.0.dist-info/RECORD
100644 blob e69de29bb2d1d6434b8b29ae775ad8c2e48c5391       0	batch4-backend/venv/lib/python3.12/site-packages/google_crc32c-1.9.0.dist-info/REQUESTED
100644 blob 4fc5f783f722f866b6c81c180dc403d06663fe99     151	batch4-backend/venv/lib/python3.12/site-packages/google_crc32c-1.9.0.dist-info/WHEEL
100644 blob d645695673349e3947e8e5ae42332d0ac3164cd7   11358	batch4-backend/venv/lib/python3.12/site-packages/google_crc32c-1.9.0.dist-info/licenses/LICENSE
100644 blob 10b44e60779c3235c10d02030e1b0c89201579a8      14	batch4-backend/venv/lib/python3.12/site-packages/google_crc32c-1.9.0.dist-info/top_level.txt
100644 blob 8b137891791fe96927ad78e64b0aad7bded08bdc       1	batch4-backend/venv/lib/python3.12/site-packages/google_crc32c-1.9.0.dist-info/zip-safe
100755 blob 490ae3b87ce92a5f6459d9c58c07d693422e2dd1   27113	batch4-backend/venv/lib/python3.12/site-packages/google_crc32c.libs/libcrc32c-7ebc40c5.so.1.1.0
100644 blob 24a8ba960edead4b826172b4e05f4352b565f4b6    1089	batch4-backend/venv/lib/python3.12/site-packages/google_crc32c/__config__.py
100644 blob 0acf5476ba2fb91145eabb8604244d78ae3c8479    1413	batch4-backend/venv/lib/python3.12/site-packages/google_crc32c/__init__.py
100644 blob 0aaf0854ce342cf705082aeb4e0a74469bbf48d3    2640	batch4-backend/venv/lib/python3.12/site-packages/google_crc32c/_checksum.py
100644 blob b20b94d5542d37958f3b6f8f682e435307ad08c2    2269	batch4-backend/venv/lib/python3.12/site-packages/google_crc32c/_crc32c.c
100755 blob dc56960cd9a3ab5def1e4b78c3ecc4457702c90b   39465	batch4-backend/venv/lib/python3.12/site-packages/google_crc32c/_crc32c.cpython-312-x86_64-linux-gnu.so
100644 blob ec22abec5c1cc2296ceb27cae64a3b5d4ddec6a7    1504	batch4-backend/venv/lib/python3.12/site-packages/google_crc32c/cext.py
100644 blob 076325e24604a323aed02a88bc9104f46bbc3948      76	batch4-backend/venv/lib/python3.12/site-packages/google_crc32c/py.typed
100644 blob 04cedabffe26f63c96414f5a32fccfecc3d70f31    5655	batch4-backend/venv/lib/python3.12/site-packages/google_crc32c/python.py
100644 blob a1b589e38a32041e49332e5e81c2d363dc418d68       4	batch4-backend/venv/lib/python3.12/site-packages/google_resumable_media-2.11.0.dist-info/INSTALLER
100644 blob 7d37e5304daccaa06bc3fd370b627b1fb8ba047f    2258	batch4-backend/venv/lib/python3.12/site-packages/google_resumable_media-2.11.0.dist-info/METADATA
100644 blob 0a676c2a21d0e687812c8c7525e431dc63a3a517    3697	batch4-backend/venv/lib/python3.12/site-packages/google_resumable_media-2.11.0.dist-info/RECORD
100644 blob e69de29bb2d1d6434b8b29ae775ad8c2e48c5391       0	batch4-backend/venv/lib/python3.12/site-packages/google_resumable_media-2.11.0.dist-info/REQUESTED
100644 blob 13013d7b49be5a84c3ee5931b06285b9553cf5d0      91	batch4-backend/venv/lib/python3.12/site-packages/google_resumable_media-2.11.0.dist-info/WHEEL
100644 blob d645695673349e3947e8e5ae42332d0ac3164cd7   11358	batch4-backend/venv/lib/python3.12/site-packages/google_resumable_media-2.11.0.dist-info/licenses/LICENSE
100644 blob cb429113e0f9a73019fd799e8052093fea7f0c8b       7	batch4-backend/venv/lib/python3.12/site-packages/google_resumable_media-2.11.0.dist-info/top_level.txt
100644 blob a1b589e38a32041e49332e5e81c2d363dc418d68       4	batch4-backend/venv/lib/python3.12/site-packages/googleapis_common_protos-1.75.5.dist-info/INSTALLER
100644 blob 1b61a7fe71b2b260a46bdf3f63315894e5a5c97e    8460	batch4-backend/venv/lib/python3.12/site-packages/googleapis_common_protos-1.75.5.dist-info/METADATA
100644 blob 08a94553619d868eade0b76bb64908b1396a0a26   21534	batch4-backend/venv/lib/python3.12/site-packages/googleapis_common_protos-1.75.5.dist-info/RECORD
100644 blob e69de29bb2d1d6434b8b29ae775ad8c2e48c5391       0	batch4-backend/venv/lib/python3.12/site-packages/googleapis_common_protos-1.75.5.dist-info/REQUESTED
100644 blob 13013d7b49be5a84c3ee5931b06285b9553cf5d0      91	batch4-backend/venv/lib/python3.12/site-packages/googleapis_common_protos-1.75.5.dist-info/WHEEL
100644 blob d645695673349e3947e8e5ae42332d0ac3164cd7   11358	batch4-backend/venv/lib/python3.12/site-packages/googleapis_common_protos-1.75.5.dist-info/licenses/LICENSE
100644 blob cb429113e0f9a73019fd799e8052093fea7f0c8b       7	batch4-backend/venv/lib/python3.12/site-packages/googleapis_common_protos-1.75.5.dist-info/top_level.txt
100644 blob a1b589e38a32041e49332e5e81c2d363dc418d68       4	batch4-backend/venv/lib/python3.12/site-packages/greenlet-3.5.6.dist-info/INSTALLER
100644 blob 0673ed90bd6119d484e38f29fbe6c3c17ac52cd6    3782	batch4-backend/venv/lib/python3.12/site-packages/greenlet-3.5.6.dist-info/METADATA
100644 blob 16d2c12c30643a48bafe8bc0a98e8b483b8a0dd8   11149	batch4-backend/venv/lib/python3.12/site-packages/greenlet-3.5.6.dist-info/RECORD
100644 blob e69de29bb2d1d6434b8b29ae775ad8c2e48c5391       0	batch4-backend/venv/lib/python3.12/site-packages/greenlet-3.5.6.dist-info/REQUESTED
100644 blob 3c36317998acb23a1a781fbca4598adc88d2c84e     152	batch4-backend/venv/lib/python3.12/site-packages/greenlet-3.5.6.dist-info/WHEEL
100644 blob b73a4a10c6fa93a3a6fa47deb3796c590a9dee10    1434	batch4-backend/venv/lib/python3.12/site-packages/greenlet-3.5.6.dist-info/licenses/LICENSE
100644 blob d3b509a2b4119c47ad86af9fc1b400ce2eb09cf1    2424	batch4-backend/venv/lib/python3.12/site-packages/greenlet-3.5.6.dist-info/licenses/LICENSE.PSF
100644 blob 46725be4fd5ff62893d8def5f9e356d4d096328a       9	batch4-backend/venv/lib/python3.12/site-packages/greenlet-3.5.6.dist-info/top_level.txt
100644 blob f595e3b77422b3ffa4d9bfe3e3ee689be5182663    3652	batch4-backend/venv/lib/python3.12/site-packages/greenlet/CObjects.cpp
100644 blob b54b742c094ca53592c950eea5cde9f3e22c9339   28229	batch4-backend/venv/lib/python3.12/site-packages/greenlet/PyGreenlet.cpp
100644 blob df6cd805b497cfd1fecf0310f6baff46181e08cb    1463	batch4-backend/venv/lib/python3.12/site-packages/greenlet/PyGreenlet.hpp
100644 blob 729cb73861914f849ef17e3e724786dcda736288    4156	batch4-backend/venv/lib/python3.12/site-packages/greenlet/PyGreenletUnswitchable.cpp
100644 blob f619020657cd70902d3272394fbcca62622902ac    8794	batch4-backend/venv/lib/python3.12/site-packages/greenlet/PyModule.cpp
100644 blob 7e9ab5be9a58c8ccbcc0529dc21b3b857efa4cd9    1021	batch4-backend/venv/lib/python3.12/site-packages/greenlet/TBrokenGreenlet.cpp
100644 blob 08a94ae83e67fa7884bc8b8fd64ed815a1a4c0ae    1359	batch4-backend/venv/lib/python3.12/site-packages/greenlet/TExceptionState.cpp
100644 blob dcbdc001016479511efabaa6029f2eb545cb808d   26390	batch4-backend/venv/lib/python3.12/site-packages/greenlet/TGreenlet.cpp
100644 blob d726a6159e09d1fd818add1d5b92ab4c92f60ff9   30302	batch4-backend/venv/lib/python3.12/site-packages/greenlet/TGreenlet.hpp
100644 blob a67797ad30ed7de3e9f481e7524da3124a1ed03a    3930	batch4-backend/venv/lib/python3.12/site-packages/greenlet/TGreenletGlobals.cpp
100644 blob e0db0a4f37ba70ee6f78692fed2a39902353f526    3593	batch4-backend/venv/lib/python3.12/site-packages/greenlet/TMainGreenlet.cpp
100644 blob bdedebe5de904bca9e9b1648a1060bf4dcdb55c1   25879	batch4-backend/venv/lib/python3.12/site-packages/greenlet/TPythonState.cpp
100644 blob 9743ab51b56738e20d1bcaa70ea1e01c599299dd    7381	batch4-backend/venv/lib/python3.12/site-packages/greenlet/TStackState.cpp
100644 blob fe74ce3656ed6535f38478f09719beb1f367a341   23902	batch4-backend/venv/lib/python3.12/site-packages/greenlet/TThreadState.hpp
100644 blob b6d7d5977f1d75676fc0f1a0a41bb8846da10ea1    2767	batch4-backend/venv/lib/python3.12/site-packages/greenlet/TThreadStateCreator.hpp
100644 blob 5562a736f0806828b5c352cb8227f282a0d0a776    8178	batch4-backend/venv/lib/python3.12/site-packages/greenlet/TThreadStateDestroy.cpp
100644 blob ce011fd3d3f1b74a77d1f85a77aaf23f9a4a097a   24485	batch4-backend/venv/lib/python3.12/site-packages/greenlet/TUserGreenlet.cpp
100644 blob e8bb3ada797f1411ae393d6680a91758d4ed9e33    1442	batch4-backend/venv/lib/python3.12/site-packages/greenlet/__init__.py
100755 blob f0d9d69ba4ab41cb28609a5dd842e4c493dc2f59 1383880	batch4-backend/venv/lib/python3.12/site-packages/greenlet/_greenlet.cpython-312-x86_64-linux-gnu.so
100644 blob 02dfa946d2ca57d1f7ff9845436cd0d721ed7dd8   11088	batch4-backend/venv/lib/python3.12/site-packages/greenlet/greenlet.cpp
100644 blob d02a16e43426fb1c1bb286f1cda463cb9b1185ad    4755	batch4-backend/venv/lib/python3.12/site-packages/greenlet/greenlet.h
100644 blob 1cd9223ad4ce8f5b8e7ee2d56eec9ef500ba22d5    1835	batch4-backend/venv/lib/python3.12/site-packages/greenlet/greenlet_allocator.hpp
100644 blob af24bd83e1f2c5c89c5e17b973402a1153514a05    4346	batch4-backend/venv/lib/python3.12/site-packages/greenlet/greenlet_compiler_compat.hpp
100644 blob e76f3420cbf6382b7ff7dd3868f4f5e8e7e14007    3325	batch4-backend/venv/lib/python3.12/site-packages/greenlet/greenlet_cpython_compat.hpp
100644 blob 617f07c2faa372508ea99f383233709443653a5d    4503	batch4-backend/venv/lib/python3.12/site-packages/greenlet/greenlet_exceptions.hpp
100644 blob 4aca792c5aba799fe4079e62f55fe8d48f60a08c    2768	batch4-backend/venv/lib/python3.12/site-packages/greenlet/greenlet_internal.hpp
100644 blob 08fca47461f7ac7c3b9a5a0901d4933676e8e0fd    4913	batch4-backend/venv/lib/python3.12/site-packages/greenlet/greenlet_msvc_compat.hpp
100644 blob 9b936d601aaeedb66f0e481e9ba01a11678ce682   38067	batch4-backend/venv/lib/python3.12/site-packages/greenlet/greenlet_refs.hpp
100644 blob bdffccaed10e4145cc810048e8661582acc584f3    3298	batch4-backend/venv/lib/python3.12/site-packages/greenlet/greenlet_slp_switch.hpp
100644 blob 3ded7d2b730e79d15c95704491d7020cf58bb92f     867	batch4-backend/venv/lib/python3.12/site-packages/greenlet/greenlet_thread_support.hpp
100644 blob e69de29bb2d1d6434b8b29ae775ad8c2e48c5391       0	batch4-backend/venv/lib/python3.12/site-packages/greenlet/platform/__init__.py
100644 blob 092859555c23a6802d44761f96f5d35a456a7e8b     143	batch4-backend/venv/lib/python3.12/site-packages/greenlet/platform/setup_switch_x64_masm.cmd
100644 blob 058617c40982fa9deb804b4046c1bc71809eecdb    4307	batch4-backend/venv/lib/python3.12/site-packages/greenlet/platform/switch_aarch64_gcc.h
100644 blob 7e07abfc27d778e815a628b3fa1a6a5642e6555f     671	batch4-backend/venv/lib/python3.12/site-packages/greenlet/platform/switch_alpha_unix.h
100644 blob d4701105fb8f88820b174832db34da5b7c309a0c    2748	batch4-backend/venv/lib/python3.12/site-packages/greenlet/platform/switch_amd64_unix.h
100644 blob 655003aa12ca3ba9bba634a879f702c2789e050e    2479	batch4-backend/venv/lib/python3.12/site-packages/greenlet/platform/switch_arm32_gcc.h
100644 blob 9e640e15f1a595cd086549041fc944d41d3fc3ae    1892	batch4-backend/venv/lib/python3.12/site-packages/greenlet/platform/switch_arm32_ios.h
100644 blob 29f9c225e296ab9a088318f14de35ca0496d1801    1245	batch4-backend/venv/lib/python3.12/site-packages/greenlet/platform/switch_arm64_masm.asm
100644 blob f6f220e4310baaa9756110685ce7d6a2bdf90c37     746	batch4-backend/venv/lib/python3.12/site-packages/greenlet/platform/switch_arm64_masm.obj
100644 blob 7ab7f45be54a99bb2fef01fadb1cd9d1baefe393     398	batch4-backend/venv/lib/python3.12/site-packages/greenlet/platform/switch_arm64_msvc.h
100644 blob ac469d3a0c68c51c3b12ee08e94c08291472f697    1331	batch4-backend/venv/lib/python3.12/site-packages/greenlet/platform/switch_csky_gcc.h
100644 blob 9eaf34ef4328ff3c91e0363f793c4a575063cea4     779	batch4-backend/venv/lib/python3.12/site-packages/greenlet/platform/switch_loongarch64_linux.h
100644 blob da761c2da81825aad0463af2c5864c2d9d8580e2     928	batch4-backend/venv/lib/python3.12/site-packages/greenlet/platform/switch_m68k_gcc.h
100644 blob 50e70c45b809616bb2a67799bc798c9602de3411    1462	batch4-backend/venv/lib/python3.12/site-packages/greenlet/platform/switch_mips_unix.h
100644 blob e7e0b87764c929c13fa01aa976b53db89562edfd    3860	batch4-backend/venv/lib/python3.12/site-packages/greenlet/platform/switch_ppc64_aix.h
100644 blob 3c324d00c62894f7fdc04dd0c6b52b13c3e3c606    3815	batch4-backend/venv/lib/python3.12/site-packages/greenlet/platform/switch_ppc64_linux.h
100644 blob 6d93c13266a623bc2b0d59ff2db7f7224fe3b347    2941	batch4-backend/venv/lib/python3.12/site-packages/greenlet/platform/switch_ppc_aix.h
100644 blob e83ad70a5f868265e9b1edaf27cd26feddfdf153    2759	batch4-backend/venv/lib/python3.12/site-packages/greenlet/platform/switch_ppc_linux.h
100644 blob bd414c68ee9bf079ad72f3350a227575714a64a6    2624	batch4-backend/venv/lib/python3.12/site-packages/greenlet/platform/switch_ppc_macosx.h
100644 blob bb188080a30b49a49c49084c5e3a36986136c11e    2652	batch4-backend/venv/lib/python3.12/site-packages/greenlet/platform/switch_ppc_unix.h
100644 blob 8761122237e1253b898bddb27e6ccc7a34c2daaa     949	batch4-backend/venv/lib/python3.12/site-packages/greenlet/platform/switch_riscv_unix.h
100644 blob 9199367f8b02d89856ed2be082a3aba6222df205    2763	batch4-backend/venv/lib/python3.12/site-packages/greenlet/platform/switch_s390_unix.h
100644 blob 5ecc3b3945d36d2c64c323b40de8c518002aa11b     901	batch4-backend/venv/lib/python3.12/site-packages/greenlet/platform/switch_sh_gcc.h
100644 blob 96990c391724c0dd2b3868ae220c929e16a73959    2797	batch4-backend/venv/lib/python3.12/site-packages/greenlet/platform/switch_sparc_sun_gcc.h
100644 blob 893369c7a96aeafcbb030c4e13979d62cb587d08    1509	batch4-backend/venv/lib/python3.12/site-packages/greenlet/platform/switch_x32_unix.h
100644 blob f5c72a27d5a020ce0d21553de5d7b3c6a1db4fdc    1841	batch4-backend/venv/lib/python3.12/site-packages/greenlet/platform/switch_x64_masm.asm
100644 blob 64e3e6b898ec765d4e37075f7b1635ad24c9efa2    1078	batch4-backend/venv/lib/python3.12/site-packages/greenlet/platform/switch_x64_masm.obj
100644 blob 601ea56053cfa03bd99dce523d0aaec7f240276b    1805	batch4-backend/venv/lib/python3.12/site-packages/greenlet/platform/switch_x64_msvc.h
100644 blob 0f3a59f52d1ec6da8f88d1911aa13d600b687350   12838	batch4-backend/venv/lib/python3.12/site-packages/greenlet/platform/switch_x86_msvc.h
100644 blob 493fa6baa3b28c74ade1a8d9b6ed2e6a3208e596    3059	batch4-backend/venv/lib/python3.12/site-packages/greenlet/platform/switch_x86_unix.h
100644 blob d9b7d0a71696c45abe1c59f3a4c7f477b139ee06    3959	batch4-backend/venv/lib/python3.12/site-packages/greenlet/slp_platformselect.h
100644 blob 1861360bd304e828d4f60d41f4dd133dcc329529    9736	batch4-backend/venv/lib/python3.12/site-packages/greenlet/tests/__init__.py
100644 blob 35a2dd26d57ad6a356d699fcff68549dd647c270    7301	batch4-backend/venv/lib/python3.12/site-packages/greenlet/tests/_test_extension.c
100755 blob 268d4feb114ef198d60cc91dbee607a68fb7eea7   17328	batch4-backend/venv/lib/python3.12/site-packages/greenlet/tests/_test_extension.cpython-312-x86_64-linux-gnu.so
100644 blob fc7902f659b904b305f9cb162249ff15b4333b56    6713	batch4-backend/venv/lib/python3.12/site-packages/greenlet/tests/_test_extension_cpp.cpp
100755 blob cf3f2f94f7f23929d8db66a7650875ffe0248988   58728	batch4-backend/venv/lib/python3.12/site-packages/greenlet/tests/_test_extension_cpp.cpython-312-x86_64-linux-gnu.so
100644 blob 43bf7bb909baf8420dbbde0c2fb39e79fdf45146    3382	batch4-backend/venv/lib/python3.12/site-packages/greenlet/tests/fail_c_stack_refs_suspended_gc.py
100644 blob 6dd1492ff9e3b48938562f48b5ded0aea61e0481    1263	batch4-backend/venv/lib/python3.12/site-packages/greenlet/tests/fail_clearing_run_switches.py
100644 blob fa4dc2eb3e8597eedfe943cb02c0c5ee628e3c49     985	batch4-backend/venv/lib/python3.12/site-packages/greenlet/tests/fail_cpp_exception.py
100644 blob c1a44efd2915e84007ceedc8cd04a68ad853d1aa    1961	batch4-backend/venv/lib/python3.12/site-packages/greenlet/tests/fail_initialstub_already_started.py
100644 blob 42b11be7a2ee99284049eefb985c641be6cc8645    4000	batch4-backend/venv/lib/python3.12/site-packages/greenlet/tests/fail_issue_515_freethread_gc.py
100644 blob 09905269fd24fe1c15dfb24505bbd549141469ff     524	batch4-backend/venv/lib/python3.12/site-packages/greenlet/tests/fail_slp_switch.py
100644 blob b8f2c325a5ba3805286c3cb4ed845a4a20198a5a    1481	batch4-backend/venv/lib/python3.12/site-packages/greenlet/tests/fail_switch_critical_section.py
100644 blob e151b19a65d059fe8d392cd415811f3c6deb9903     956	batch4-backend/venv/lib/python3.12/site-packages/greenlet/tests/fail_switch_three_greenlets.py
100644 blob 1f6b66bc67109c273616b94b0526129997ff0bd3    1285	batch4-backend/venv/lib/python3.12/site-packages/greenlet/tests/fail_switch_three_greenlets2.py
100644 blob 3e52345a609547bc291db58a15efb13e2ed63ac8     817	batch4-backend/venv/lib/python3.12/site-packages/greenlet/tests/fail_switch_two_greenlets.py
100644 blob a1037d470c2255b91a2ce81fb8b82698df9b8581   13613	batch4-backend/venv/lib/python3.12/site-packages/greenlet/tests/leakcheck.py
100644 blob f7dea75f3f180a50108683e075b66843e56d970e    9564	batch4-backend/venv/lib/python3.12/site-packages/greenlet/tests/test_contextvars.py
100644 blob 6ad5bcc0f762f5167eb60a9ec866a5ff094b1145    3164	batch4-backend/venv/lib/python3.12/site-packages/greenlet/tests/test_cpp.py
100644 blob 4261897cbdbb0725c8df2611bb86ad3ade81d6d4    4820	batch4-backend/venv/lib/python3.12/site-packages/greenlet/tests/test_extension_interface.py
100644 blob fe075baa73b7d9eb6128c6bfe6dbe1efffc68602    5995	batch4-backend/venv/lib/python3.12/site-packages/greenlet/tests/test_gc.py
100644 blob ca4a644b6e300910a78704593da592363d7db8e7    1240	batch4-backend/venv/lib/python3.12/site-packages/greenlet/tests/test_generator.py
100644 blob 8d752a63dd6560995d4d785069a61465e2a729c5    3718	batch4-backend/venv/lib/python3.12/site-packages/greenlet/tests/test_generator_nested.py
100644 blob 1a7016887d8055d9110d2957fb3154bc87805516   53325	batch4-backend/venv/lib/python3.12/site-packages/greenlet/tests/test_greenlet.py
100644 blob 66a7ec6587d4699b4c2aec2426061bb0c6579c3b    8369	batch4-backend/venv/lib/python3.12/site-packages/greenlet/tests/test_greenlet_trash.py
100644 blob 6cc0d77acfe01b07ec3e3072bdc61cc15ff2a26e   33065	batch4-backend/venv/lib/python3.12/site-packages/greenlet/tests/test_interpreter_shutdown.py
100644 blob 12b9124d48dccbf3dd4edf0c801f372badaa672b   20486	batch4-backend/venv/lib/python3.12/site-packages/greenlet/tests/test_leaks.py
100644 blob b362bf95a2d476b4fee2ff49cd7a9c4b53362fb5     446	batch4-backend/venv/lib/python3.12/site-packages/greenlet/tests/test_stack_saved.py
100644 blob f4f9a140293d5a09b4503687d835c8e5cc9ad30d    3712	batch4-backend/venv/lib/python3.12/site-packages/greenlet/tests/test_throw.py
100644 blob c54a910a1cbf582d7d58a06c4ee2bca1f4335694    8553	batch4-backend/venv/lib/python3.12/site-packages/greenlet/tests/test_tracing.py
100644 blob 12b55c27a8a405348d9da5787ba20280482744de    1528	batch4-backend/venv/lib/python3.12/site-packages/greenlet/tests/test_version.py
100644 blob 05a38a7f103c082289cd65f95ace5695bc3a8842     883	batch4-backend/venv/lib/python3.12/site-packages/greenlet/tests/test_weakref.py
100644 blob 76163f6e1f434b4d553831cf6e0af5477cac51b8   82590	batch4-backend/venv/lib/python3.12/site-packages/grpc/__init__.py
100644 blob bd9318abe92656412cf1dc0246b3b54a2826a0d3    2650	batch4-backend/venv/lib/python3.12/site-packages/grpc/_auth.py
100644 blob 9510f84f746396e670c9e904c4f3774279c452d0   81048	batch4-backend/venv/lib/python3.12/site-packages/grpc/_channel.py
100644 blob f1ff924d28eb9c3218a73c9ac45b6f83bb4494a9    6726	batch4-backend/venv/lib/python3.12/site-packages/grpc/_common.py
100644 blob 39f83c1ea8a69d60bdd4b191d011a0cb57dd571f    2021	batch4-backend/venv/lib/python3.12/site-packages/grpc/_compression.py
100644 blob 5fb4f3c3cfd5622f4067f3dd22eb49318855325a     577	batch4-backend/venv/lib/python3.12/site-packages/grpc/_cython/__init__.py
100644 blob 4c535adebacd60454bc827f7bc4760d9bef6b4f6  612920	batch4-backend/venv/lib/python3.12/site-packages/grpc/_cython/_credentials/roots.pem
100644 blob 5fb4f3c3cfd5622f4067f3dd22eb49318855325a     577	batch4-backend/venv/lib/python3.12/site-packages/grpc/_cython/_cygrpc/__init__.py
100644 blob c512c66adbb22e52a4536e2699d261c2f863810b    3433	batch4-backend/venv/lib/python3.12/site-packages/grpc/_cython/_cygrpc/private_key_signing/private_key_signer_py_wrapper.cc
100644 blob fe9df17dee83abe98915e3b883374f6c0ae6240f    5469	batch4-backend/venv/lib/python3.12/site-packages/grpc/_cython/_cygrpc/private_key_signing/private_key_signer_py_wrapper.h
100755 blob 1742a037be300f587a59e69a1163b1c3dd6fb32b 16599328	batch4-backend/venv/lib/python3.12/site-packages/grpc/_cython/cygrpc.cpython-312-x86_64-linux-gnu.so
100644 blob 82781d4799dc1d521e5a08b022ec986c05f2eed3     943	batch4-backend/venv/lib/python3.12/site-packages/grpc/_cython/cygrpc.pyi
100644 blob 562261b2a383808900461750ae0474764e91126f      26	batch4-backend/venv/lib/python3.12/site-packages/grpc/_grpcio_metadata.py
100644 blob 47ac080ef67fa616e65204cf1ecc49efaad91979   25796	batch4-backend/venv/lib/python3.12/site-packages/grpc/_interceptor.py
100644 blob 58246f0ceb83732cfdd2657238669f251e247cbe   10569	batch4-backend/venv/lib/python3.12/site-packages/grpc/_observability.py
100644 blob 164b466b0673aece65dd841d010ffc57157cbf93    4481	batch4-backend/venv/lib/python3.12/site-packages/grpc/_plugin_wrapping.py
100644 blob 37fa64c7d92d8b23833035040f09e5202da3bc41    5749	batch4-backend/venv/lib/python3.12/site-packages/grpc/_runtime_protos.py
100644 blob c955dbf23ef035a070b842e157cd1bb24ade9934   50331	batch4-backend/venv/lib/python3.12/site-packages/grpc/_server.py
100644 blob 12b7136a49d106af86aefd2e06407680c0ec3d7d   24504	batch4-backend/venv/lib/python3.12/site-packages/grpc/_simple_stubs.py
100644 blob f77d0ec5d28c408f679122aab28aafb60704ace0    2790	batch4-backend/venv/lib/python3.12/site-packages/grpc/_typing.py
100644 blob 908880a7fc6f72c07049b79c5d059286a7968b03    6897	batch4-backend/venv/lib/python3.12/site-packages/grpc/_utilities.py
100644 blob ee0bcb50d7906957e1c75b92e88997db43603153    3160	batch4-backend/venv/lib/python3.12/site-packages/grpc/aio/__init__.py
100644 blob cfe0f7751fe8c10ea4e3d6dd09d57cc84e16ec01    7560	batch4-backend/venv/lib/python3.12/site-packages/grpc/aio/_base_call.py
100644 blob 82d507e4e84565446851a94b8db7e7833984a593   14601	batch4-backend/venv/lib/python3.12/site-packages/grpc/aio/_base_channel.py
100644 blob 5bdfa7bb84f6818129326b2f6fe458c6c38b9154   13628	batch4-backend/venv/lib/python3.12/site-packages/grpc/aio/_base_server.py
100644 blob 937dc933f329bb8fa060b7b7e2a3b59c695d0bab   27083	batch4-backend/venv/lib/python3.12/site-packages/grpc/aio/_call.py
100644 blob d1c6d8dbe8faef84d0c6b186af14e81b9336b514   24506	batch4-backend/venv/lib/python3.12/site-packages/grpc/aio/_channel.py
100644 blob 85d83cdd22fe809975736a82de6d9b25c7fae9c2   44425	batch4-backend/venv/lib/python3.12/site-packages/grpc/aio/_interceptor.py
100644 blob 325c67925f18008d97a7699f7189b5818735d8b0    6368	batch4-backend/venv/lib/python3.12/site-packages/grpc/aio/_metadata.py
100644 blob 4f2378d0036eb80b21482a87283ce04c2b5e1022    9903	batch4-backend/venv/lib/python3.12/site-packages/grpc/aio/_server.py
100644 blob 8ed6e9453f812ea3399b186acba0aa39193c8766    1677	batch4-backend/venv/lib/python3.12/site-packages/grpc/aio/_typing.py
100644 blob e5772dce2da1d35f5b76bce36fc3612fd97151b4     821	batch4-backend/venv/lib/python3.12/site-packages/grpc/aio/_utils.py
100644 blob 5fb4f3c3cfd5622f4067f3dd22eb49318855325a     577	batch4-backend/venv/lib/python3.12/site-packages/grpc/beta/__init__.py
100644 blob d2e7882398145f82b9c0efbc39a07ffa40cd1a44   26880	batch4-backend/venv/lib/python3.12/site-packages/grpc/beta/_client_adaptations.py
100644 blob b906acac65337c663a76f6aa37cb86374b7e3801    1598	batch4-backend/venv/lib/python3.12/site-packages/grpc/beta/_metadata.py
100644 blob d6c8c0fbc71a23658be76474798a66c91f3c2787   14486	batch4-backend/venv/lib/python3.12/site-packages/grpc/beta/_server_adaptations.py
100644 blob ef53b868afd3bad0d7319844cc44f24e257db044   12034	batch4-backend/venv/lib/python3.12/site-packages/grpc/beta/implementations.py
100644 blob b14dd727cb45db839eee413c9de444fd8cf262db    6074	batch4-backend/venv/lib/python3.12/site-packages/grpc/beta/interfaces.py
100644 blob 99e2ce902acb503786b233032fa95d219c1a9d65    4859	batch4-backend/venv/lib/python3.12/site-packages/grpc/beta/utilities.py
100644 blob 4ff8a15725bb1b54847cbd4a21681caee78c6c2b    6414	batch4-backend/venv/lib/python3.12/site-packages/grpc/experimental/__init__.py
100644 blob 576cb8dcde410bcf33ebd2721ae2eaef5c4c4e0a     660	batch4-backend/venv/lib/python3.12/site-packages/grpc/experimental/aio/__init__.py
100644 blob 159d612b4ed1fe3debf7a96d04f6e8057262a62f     973	batch4-backend/venv/lib/python3.12/site-packages/grpc/experimental/gevent.py
100644 blob 4eed5a59120e5c9041550a4cda4d2f36945da8c3    1525	batch4-backend/venv/lib/python3.12/site-packages/grpc/experimental/session_cache.py
100644 blob 5fb4f3c3cfd5622f4067f3dd22eb49318855325a     577	batch4-backend/venv/lib/python3.12/site-packages/grpc/framework/__init__.py
100644 blob 5fb4f3c3cfd5622f4067f3dd22eb49318855325a     577	batch4-backend/venv/lib/python3.12/site-packages/grpc/framework/common/__init__.py
100644 blob 3d3d4d3427cb821cae762ffea7cbd4a7d55600a3     988	batch4-backend/venv/lib/python3.12/site-packages/grpc/framework/common/cardinality.py
100644 blob 10bf5f17697afd3788cef3f22af8341decd7a4f8     824	batch4-backend/venv/lib/python3.12/site-packages/grpc/framework/common/style.py
100644 blob 5fb4f3c3cfd5622f4067f3dd22eb49318855325a     577	batch4-backend/venv/lib/python3.12/site-packages/grpc/framework/foundation/__init__.py
100644 blob c4cb7d5c0725474f8d00a930d9d25fe6565ec060     878	batch4-backend/venv/lib/python3.12/site-packages/grpc/framework/foundation/abandonment.py
100644 blob e9ec80fb2971daca8757d8d479b2d1970ad5af54    3157	batch4-backend/venv/lib/python3.12/site-packages/grpc/framework/foundation/callable_util.py
100644 blob 73b0d0bdbe11877922464838a62cfea7b8584331    8373	batch4-backend/venv/lib/python3.12/site-packages/grpc/framework/foundation/future.py
100644 blob f89a0f4ca89179ac3f611db0c7053400ea751f72    2234	batch4-backend/venv/lib/python3.12/site-packages/grpc/framework/foundation/logging_pool.py
100644 blob 70ca1d915756a0605d1b85a72ef5fb80590816d3    1377	batch4-backend/venv/lib/python3.12/site-packages/grpc/framework/foundation/stream.py
100644 blob 0e15b12aada06c22d9bd7ee2562faa0293569213    4748	batch4-backend/venv/lib/python3.12/site-packages/grpc/framework/foundation/stream_util.py
100644 blob 5fb4f3c3cfd5622f4067f3dd22eb49318855325a     577	batch4-backend/venv/lib/python3.12/site-packages/grpc/framework/interfaces/__init__.py
100644 blob 5fb4f3c3cfd5622f4067f3dd22eb49318855325a     577	batch4-backend/venv/lib/python3.12/site-packages/grpc/framework/interfaces/base/__init__.py
100644 blob a28c00a2e56c33b26f28a881ede2ad48c486cbc7   12226	batch4-backend/venv/lib/python3.12/site-packages/grpc/framework/interfaces/base/base.py
100644 blob 5b601f3bde839ab8293ae132a58d3b99dfb50c36    2362	batch4-backend/venv/lib/python3.12/site-packages/grpc/framework/interfaces/base/utilities.py
100644 blob 5fb4f3c3cfd5622f4067f3dd22eb49318855325a     577	batch4-backend/venv/lib/python3.12/site-packages/grpc/framework/interfaces/face/__init__.py
100644 blob 9239fcc9eb9967a3d303e7ebaafbcb7dae82baed   39700	batch4-backend/venv/lib/python3.12/site-packages/grpc/framework/interfaces/face/face.py
100644 blob b02ea530963147242af170ae895c9e7ba152592a    6777	batch4-backend/venv/lib/python3.12/site-packages/grpc/framework/interfaces/face/utilities.py
100644 blob 38fdfc9c5cf23b71d5b71dc40ee1524b6ac8ecc5     580	batch4-backend/venv/lib/python3.12/site-packages/grpc_status/__init__.py
100644 blob 9f58c8a81f3304618fec7defce0def717b2c0f0a    2004	batch4-backend/venv/lib/python3.12/site-packages/grpc_status/_async.py
100644 blob 66677d849d64756ff8b51ab5bf17c158edf42586     959	batch4-backend/venv/lib/python3.12/site-packages/grpc_status/_common.py
100644 blob 8b52cbd546565afa0fb1981e10d06154a254763a    2989	batch4-backend/venv/lib/python3.12/site-packages/grpc_status/rpc_status.py
100644 blob a1b589e38a32041e49332e5e81c2d363dc418d68       4	batch4-backend/venv/lib/python3.12/site-packages/grpcio-1.84.0.dist-info/INSTALLER
100644 blob fb7eb1298497eda6480ae8b421e50a729a4e03d9    3766	batch4-backend/venv/lib/python3.12/site-packages/grpcio-1.84.0.dist-info/METADATA
100644 blob 20c3b8d922ba41b27cfc4c4ca681f422b27ce714    9053	batch4-backend/venv/lib/python3.12/site-packages/grpcio-1.84.0.dist-info/RECORD
100644 blob e69de29bb2d1d6434b8b29ae775ad8c2e48c5391       0	batch4-backend/venv/lib/python3.12/site-packages/grpcio-1.84.0.dist-info/REQUESTED
100644 blob 78b6cf2c02554173993d70d292b8f3da59843ed1     151	batch4-backend/venv/lib/python3.12/site-packages/grpcio-1.84.0.dist-info/WHEEL
100644 blob 98352651c8f9280b23bcedb750968b41421d925f   30191	batch4-backend/venv/lib/python3.12/site-packages/grpcio-1.84.0.dist-info/licenses/LICENSE
100644 blob 3b2fe54cba7bccaa783f551549920c8e8927cf1e       5	batch4-backend/venv/lib/python3.12/site-packages/grpcio-1.84.0.dist-info/top_level.txt
100644 blob a1b589e38a32041e49332e5e81c2d363dc418d68       4	batch4-backend/venv/lib/python3.12/site-packages/grpcio_status-1.84.0.dist-info/INSTALLER
100644 blob b873a70bf0f86bf0bed401d5bb1228560d5fa665    1266	batch4-backend/venv/lib/python3.12/site-packages/grpcio_status-1.84.0.dist-info/METADATA
100644 blob 732b2760572d0221135134e64177e4b2794cacd6    1154	batch4-backend/venv/lib/python3.12/site-packages/grpcio_status-1.84.0.dist-info/RECORD
100644 blob e69de29bb2d1d6434b8b29ae775ad8c2e48c5391       0	batch4-backend/venv/lib/python3.12/site-packages/grpcio_status-1.84.0.dist-info/REQUESTED
100644 blob 13013d7b49be5a84c3ee5931b06285b9553cf5d0      91	batch4-backend/venv/lib/python3.12/site-packages/grpcio_status-1.84.0.dist-info/WHEEL
100644 blob 98352651c8f9280b23bcedb750968b41421d925f   30191	batch4-backend/venv/lib/python3.12/site-packages/grpcio_status-1.84.0.dist-info/licenses/LICENSE
100644 blob 46d4e4663da5ef853e572aef2fce4cf6aff999dc      12	batch4-backend/venv/lib/python3.12/site-packages/grpcio_status-1.84.0.dist-info/top_level.txt
100644 blob a1b589e38a32041e49332e5e81c2d363dc418d68       4	batch4-backend/venv/lib/python3.12/site-packages/h11-0.16.0.dist-info/INSTALLER
100644 blob 8a2f639061cc4a203f7109d8335d28076442c61d    8348	batch4-backend/venv/lib/python3.12/site-packages/h11-0.16.0.dist-info/METADATA
100644 blob 9193534d27d73cf531ba58aeff6141f43f47aae9    1915	batch4-backend/venv/lib/python3.12/site-packages/h11-0.16.0.dist-info/RECORD
100644 blob e69de29bb2d1d6434b8b29ae775ad8c2e48c5391       0	batch4-backend/venv/lib/python3.12/site-packages/h11-0.16.0.dist-info/REQUESTED
100644 blob 1eb3c49d99559863120cfb8433fc8738fba43ba9      91	batch4-backend/venv/lib/python3.12/site-packages/h11-0.16.0.dist-info/WHEEL
100644 blob 8f080eae848f759c9173bfc0c79506357ebe5090    1124	batch4-backend/venv/lib/python3.12/site-packages/h11-0.16.0.dist-info/licenses/LICENSE.txt
100644 blob 0d24def711344ec6f4da2108f7d5c9261eb35f8b       4	batch4-backend/venv/lib/python3.12/site-packages/h11-0.16.0.dist-info/top_level.txt
100644 blob 989e92c3458681a6f0be72ae4105ea742750d328    1507	batch4-backend/venv/lib/python3.12/site-packages/h11/__init__.py
100644 blob 933587fba22290d7eb7df4c88e12f1e61702b8ce    4815	batch4-backend/venv/lib/python3.12/site-packages/h11/_abnf.py
100644 blob e37d82a82a882c072cb938a90eb4486b51cdad99   26863	batch4-backend/venv/lib/python3.12/site-packages/h11/_connection.py
100644 blob ca1c3adbde2c4e7710482a18e3471f91f1da610e   11792	batch4-backend/venv/lib/python3.12/site-packages/h11/_events.py
100644 blob 31da3e2b23b55a624b36f105e62a6902e63286aa   10412	batch4-backend/venv/lib/python3.12/site-packages/h11/_headers.py
100644 blob 576804cc282032526e0a932c9853d586a094bad0    8590	batch4-backend/venv/lib/python3.12/site-packages/h11/_readers.py
100644 blob e5c4e08a56f5081e87103f38b4add6ce1b730204    5252	batch4-backend/venv/lib/python3.12/site-packages/h11/_receivebuffer.py
100644 blob 3ad444b043e3f3d6c05c2d9d84d5119312bfaa34   13231	batch4-backend/venv/lib/python3.12/site-packages/h11/_state.py
100644 blob 6718445290770e028ea2f1f662026c9a0b0991db    4888	batch4-backend/venv/lib/python3.12/site-packages/h11/_util.py
100644 blob 76e7327b8617c9d12236f511414d5eb58e98a44b     686	batch4-backend/venv/lib/python3.12/site-packages/h11/_version.py
100644 blob 939cdb912a9debaea07fbf3a9ac04549c44d077c    5081	batch4-backend/venv/lib/python3.12/site-packages/h11/_writers.py
100644 blob f5642f79f21d872f010979dcf6f0c4a415acc19d       7	batch4-backend/venv/lib/python3.12/site-packages/h11/py.typed
100644 blob a1b589e38a32041e49332e5e81c2d363dc418d68       4	batch4-backend/venv/lib/python3.12/site-packages/h2-4.4.1.dist-info/INSTALLER
100644 blob 28d77f5275739b6780bf36c5c14b9747b3b79ef7    3765	batch4-backend/venv/lib/python3.12/site-packages/h2-4.4.1.dist-info/METADATA
100644 blob 9111ea4c2e74435a8d25b0d4c2662651aac136c7    1987	batch4-backend/venv/lib/python3.12/site-packages/h2-4.4.1.dist-info/RECORD
100644 blob e69de29bb2d1d6434b8b29ae775ad8c2e48c5391       0	batch4-backend/venv/lib/python3.12/site-packages/h2-4.4.1.dist-info/REQUESTED
100644 blob 1d472b6c22838de58d1c3c0dd2c795a5cde9e415      91	batch4-backend/venv/lib/python3.12/site-packages/h2-4.4.1.dist-info/WHEEL
100644 blob db41662749ab7222cefbb4cfe1167be750597a06    1102	batch4-backend/venv/lib/python3.12/site-packages/h2-4.4.1.dist-info/licenses/LICENSE
100644 blob c48b5634fe43460805dc0ca67824bbb970dd4b04       3	batch4-backend/venv/lib/python3.12/site-packages/h2-4.4.1.dist-info/top_level.txt
100644 blob c2c66659aceff5717a71a85f54a143ef13593542     109	batch4-backend/venv/lib/python3.12/site-packages/h2/__init__.py
100644 blob 64592fd7375438624c54dbf333e54a3630bca5f6     362	batch4-backend/venv/lib/python3.12/site-packages/h2/_typing.py
100644 blob cbc3b1eaadfb9c86213d588cf97588c7e5092775    8344	batch4-backend/venv/lib/python3.12/site-packages/h2/config.py
100644 blob e5059a21c4ec7302f47134b2be18d968c3676937   87316	batch4-backend/venv/lib/python3.12/site-packages/h2/connection.py
100644 blob 24ebe00fae0733639654d091f719ec85bcc95cdc    1581	batch4-backend/venv/lib/python3.12/site-packages/h2/errors.py
100644 blob e3accea764a1ee1e1deea635b2f641ab7cb009ee   22283	batch4-backend/venv/lib/python3.12/site-packages/h2/events.py
100644 blob e4776795b999eaa8c493178ef57ce07088e5bbd2    5308	batch4-backend/venv/lib/python3.12/site-packages/h2/exceptions.py
100644 blob cab6f90561f23dcd4ebb4a60171a5d3ad5f48c8a    7237	batch4-backend/venv/lib/python3.12/site-packages/h2/frame_buffer.py
100644 blob e69de29bb2d1d6434b8b29ae775ad8c2e48c5391       0	batch4-backend/venv/lib/python3.12/site-packages/h2/py.typed
100644 blob cc99514729179410d65e32371e72784617b84b1b   13477	batch4-backend/venv/lib/python3.12/site-packages/h2/settings.py
100644 blob 249f73e0c74dafc28aa5dcc15c0ea8735005429c   59574	batch4-backend/venv/lib/python3.12/site-packages/h2/stream.py
100644 blob c4e62f2f38ad93e2e950c13d9392c716c4a3b639   27572	batch4-backend/venv/lib/python3.12/site-packages/h2/utilities.py
100644 blob 0efdd9fe6c277ae790dfde3321eb0732e232492a    5492	batch4-backend/venv/lib/python3.12/site-packages/h2/windows.py
100644 blob a1b589e38a32041e49332e5e81c2d363dc418d68       4	batch4-backend/venv/lib/python3.12/site-packages/hpack-4.2.0.dist-info/INSTALLER
100644 blob 5287e60dcbfd7601b0fdab660da6016735af4092    3288	batch4-backend/venv/lib/python3.12/site-packages/hpack-4.2.0.dist-info/METADATA
100644 blob 1d7a5cb9c1b29596ccf05c01b72f787aee896d80    1615	batch4-backend/venv/lib/python3.12/site-packages/hpack-4.2.0.dist-info/RECORD
100644 blob e69de29bb2d1d6434b8b29ae775ad8c2e48c5391       0	batch4-backend/venv/lib/python3.12/site-packages/hpack-4.2.0.dist-info/REQUESTED
100644 blob 14a883f292bc96b20c2b76a3081991f2676523a9      91	batch4-backend/venv/lib/python3.12/site-packages/hpack-4.2.0.dist-info/WHEEL
100644 blob d24c351e1889b5b7837e4c9c1dc59334191c7f2c    1080	batch4-backend/venv/lib/python3.12/site-packages/hpack-4.2.0.dist-info/licenses/LICENSE
100644 blob 1a0ac4833c6b9b27b4cfd97532cc851564a15a29       6	batch4-backend/venv/lib/python3.12/site-packages/hpack-4.2.0.dist-info/top_level.txt
100644 blob 10715dbc2d976e0c09f6ea3ca472ba90ba8b1331     597	batch4-backend/venv/lib/python3.12/site-packages/hpack/__init__.py
100644 blob 51f5083fd124101158333f13a162ece58a254118    1107	batch4-backend/venv/lib/python3.12/site-packages/hpack/exceptions.py
100644 blob 1aff8abab56c3da259c6687212e21c97cb273277   26058	batch4-backend/venv/lib/python3.12/site-packages/hpack/hpack.py
100644 blob 1c55de02a76f3662dea15ec7461f4af2a466964d    2332	batch4-backend/venv/lib/python3.12/site-packages/hpack/huffman.py
100644 blob 146ee7911125b36975a64757e5cd05b74886d78c    4570	batch4-backend/venv/lib/python3.12/site-packages/hpack/huffman_constants.py
100644 blob 3083e92e5cea032f9e63ee2da22042ce34ecbea5  168663	batch4-backend/venv/lib/python3.12/site-packages/hpack/huffman_table.py
100644 blob e69de29bb2d1d6434b8b29ae775ad8c2e48c5391       0	batch4-backend/venv/lib/python3.12/site-packages/hpack/py.typed
100644 blob 9a4cfb1c624b3fff025140177083001918103876    1476	batch4-backend/venv/lib/python3.12/site-packages/hpack/struct.py
100644 blob 7b5338bb0367010c4be086b90abab74f87329e51   10000	batch4-backend/venv/lib/python3.12/site-packages/hpack/table.py
100644 blob a1b589e38a32041e49332e5e81c2d363dc418d68       4	batch4-backend/venv/lib/python3.12/site-packages/httpcore-1.0.9.dist-info/INSTALLER
100644 blob 8056834e6714b089ef49847820064a1ae4b041fd   21529	batch4-backend/venv/lib/python3.12/site-packages/httpcore-1.0.9.dist-info/METADATA
100644 blob 0aa3a2f2c683aac5a13723f52049d22298d2fa7a    4851	batch4-backend/venv/lib/python3.12/site-packages/httpcore-1.0.9.dist-info/RECORD
100644 blob e69de29bb2d1d6434b8b29ae775ad8c2e48c5391       0	batch4-backend/venv/lib/python3.12/site-packages/httpcore-1.0.9.dist-info/REQUESTED
100644 blob 12228d414b6cfed7c39d3781c85c63256a1d7fb5      87	batch4-backend/venv/lib/python3.12/site-packages/httpcore-1.0.9.dist-info/WHEEL
100644 blob 311b2b56c53f678ab95fc0def708c675d521a807    1518	batch4-backend/venv/lib/python3.12/site-packages/httpcore-1.0.9.dist-info/licenses/LICENSE.md
100644 blob 9a92dc4a440bdf6f259ec1083c89c817eb7b631b    3445	batch4-backend/venv/lib/python3.12/site-packages/httpcore/__init__.py
100644 blob 38b961d10de88bebc98c758d0d1f14af1e7c0370    3146	batch4-backend/venv/lib/python3.12/site-packages/httpcore/_api.py
100644 blob 88dc7f01e132933728cbcf45c88ce82e85ddf65f    1221	batch4-backend/venv/lib/python3.12/site-packages/httpcore/_async/__init__.py
100644 blob b42581dff8aabf4c2ef80ffda26296e1b368d693    8449	batch4-backend/venv/lib/python3.12/site-packages/httpcore/_async/connection.py
100644 blob 96e973d0ce223f6bed9be9e6a6a2f3c01622c611   17307	batch4-backend/venv/lib/python3.12/site-packages/httpcore/_async/connection_pool.py
100644 blob e6d6d709852b137a862cfe2b3af42dc790fa705d   13880	batch4-backend/venv/lib/python3.12/site-packages/httpcore/_async/http11.py
100644 blob dbd0beeb4da32d8c0175d412fa442eae8f837723   23936	batch4-backend/venv/lib/python3.12/site-packages/httpcore/_async/http2.py
100644 blob cc9d92066e1680576846e46ccdf645a2b1dd5718   14701	batch4-backend/venv/lib/python3.12/site-packages/httpcore/_async/http_proxy.py
100644 blob 361583bede6b2b84088b38054d5d8116ef9f1597    4455	batch4-backend/venv/lib/python3.12/site-packages/httpcore/_async/interfaces.py
100644 blob b363f55a0b071de6c5f377726be82dc2110e373c   13841	batch4-backend/venv/lib/python3.12/site-packages/httpcore/_async/socks_proxy.py
100644 blob e69de29bb2d1d6434b8b29ae775ad8c2e48c5391       0	batch4-backend/venv/lib/python3.12/site-packages/httpcore/_backends/__init__.py
100644 blob a140095e1b8de022f321a41c0125e0e5febc0749    5252	batch4-backend/venv/lib/python3.12/site-packages/httpcore/_backends/anyio.py
100644 blob 49f0e698c97ad5623f376d8182675352e21c2c3c    1662	batch4-backend/venv/lib/python3.12/site-packages/httpcore/_backends/auto.py
100644 blob cf55c8b10eb543872550be863206fe2f760d0d8d    3042	batch4-backend/venv/lib/python3.12/site-packages/httpcore/_backends/base.py
100644 blob 9b6edca03d4d4b34f355fd53e49d4b4c699c972c    4077	batch4-backend/venv/lib/python3.12/site-packages/httpcore/_backends/mock.py
100644 blob 4018a09c6fb1e0ef1b03ab8d84b13ebef4031f7c    7977	batch4-backend/venv/lib/python3.12/site-packages/httpcore/_backends/sync.py
100644 blob 6f53f5f2a025e01e9949e2530bd9ca6928859251    5996	batch4-backend/venv/lib/python3.12/site-packages/httpcore/_backends/trio.py
100644 blob bc28d44f55bdc4b872951a74780469a3999d9ab4    1184	batch4-backend/venv/lib/python3.12/site-packages/httpcore/_exceptions.py
100644 blob 8a65f13347d6621289a166d08123cbc8e1ad0157   17623	batch4-backend/venv/lib/python3.12/site-packages/httpcore/_models.py
100644 blob c99c5a67945b8a3a3544d481e979c791ab45fe23     187	batch4-backend/venv/lib/python3.12/site-packages/httpcore/_ssl.py
100644 blob b476d76d9a7ff45de8d18ec22d33d6af2982f92e    1141	batch4-backend/venv/lib/python3.12/site-packages/httpcore/_sync/__init__.py
100644 blob 363f8be819d2576ea65365e625dd1596ea40429a    8238	batch4-backend/venv/lib/python3.12/site-packages/httpcore/_sync/connection.py
100644 blob 9ccfa53e597a29ee387f9d16f3af4f695ac0d33a   16955	batch4-backend/venv/lib/python3.12/site-packages/httpcore/_sync/connection_pool.py
100644 blob ebd3a97480c720d418acb1285a7b75da19b62c8c   13476	batch4-backend/venv/lib/python3.12/site-packages/httpcore/_sync/http11.py
100644 blob ddcc189001c50c37c6a03810dc21d955df919f10   23400	batch4-backend/venv/lib/python3.12/site-packages/httpcore/_sync/http2.py
100644 blob ecca88f7dc93b78f2aa26f16cf29d17a8a83ae27   14463	batch4-backend/venv/lib/python3.12/site-packages/httpcore/_sync/http_proxy.py
100644 blob e673d4cc1b1dd7e7ecdbde91fd6ada386c3de03f    4344	batch4-backend/venv/lib/python3.12/site-packages/httpcore/_sync/interfaces.py
100644 blob 0ca96ddfb580b19413797f41e79f7abcecdd9d79   13614	batch4-backend/venv/lib/python3.12/site-packages/httpcore/_sync/socks_proxy.py
100644 blob 2ecc9e9c363e2f16c4f934cf41cf871826d6a495    9434	batch4-backend/venv/lib/python3.12/site-packages/httpcore/_synchronization.py
100644 blob 5f1cd7c47829ce17dbcf651ab56b4ffdce04a485    3952	batch4-backend/venv/lib/python3.12/site-packages/httpcore/_trace.py
100644 blob c44ff93cb2f572afc6e679308024b744b65c3b0a    1537	batch4-backend/venv/lib/python3.12/site-packages/httpcore/_utils.py
100644 blob e69de29bb2d1d6434b8b29ae775ad8c2e48c5391       0	batch4-backend/venv/lib/python3.12/site-packages/httpcore/py.typed
100644 blob a1b589e38a32041e49332e5e81c2d363dc418d68       4	batch4-backend/venv/lib/python3.12/site-packages/httptools-0.8.0.dist-info/INSTALLER
100644 blob 5a74ddbc43e658acf5f596396cec32e9212aec9a    3532	batch4-backend/venv/lib/python3.12/site-packages/httptools-0.8.0.dist-info/METADATA
100644 blob 43388296679d115c292e88cef9402acc9b77a5fa    2421	batch4-backend/venv/lib/python3.12/site-packages/httptools-0.8.0.dist-info/RECORD
100644 blob e69de29bb2d1d6434b8b29ae775ad8c2e48c5391       0	batch4-backend/venv/lib/python3.12/site-packages/httptools-0.8.0.dist-info/REQUESTED
100644 blob 81d8bf6478a01cfaf31bacb97d5225bf5a013e30     186	batch4-backend/venv/lib/python3.12/site-packages/httptools-0.8.0.dist-info/WHEEL
100644 blob 79a03ca513a7c94562cb1f8d83aa8bfc736ba0c2    1093	batch4-backend/venv/lib/python3.12/site-packages/httptools-0.8.0.dist-info/licenses/LICENSE
100644 blob 1ec0ab4e1746be2b5a7a817eb9c92cf8e3ff7e6d    1077	batch4-backend/venv/lib/python3.12/site-packages/httptools-0.8.0.dist-info/licenses/vendor/http-parser/LICENSE-MIT
100644 blob 23682c03875844d5becc72ab477a3f9056b6d888    1069	batch4-backend/venv/lib/python3.12/site-packages/httptools-0.8.0.dist-info/licenses/vendor/llhttp/LICENSE
100644 blob bef3b40b2f33a46ae13d46456df480f77ab712e3      10	batch4-backend/venv/lib/python3.12/site-packages/httptools-0.8.0.dist-info/top_level.txt
100644 blob 8b7b327d992c6948a4889b2a9d5ae735ba33a4e5     724	batch4-backend/venv/lib/python3.12/site-packages/httptools/__init__.py
100644 blob b8b0ad2b712d046b961608a05d4757ee73409217     575	batch4-backend/venv/lib/python3.12/site-packages/httptools/_version.py
100644 blob 6f57517d4ee178bc3f626e8aba80529d10673c28     676	batch4-backend/venv/lib/python3.12/site-packages/httptools/parser/__init__.py
100644 blob 3281864faf3d7be601ec82cfbcfe14a875cdbaab    4977	batch4-backend/venv/lib/python3.12/site-packages/httptools/parser/cparser.pxd
100644 blob bc24c4661c98aeb75e56a47d7448b84f489daebf     566	batch4-backend/venv/lib/python3.12/site-packages/httptools/parser/errors.py
100755 blob 89597ee4dacd9231ab084b14a6746340cbb8a25a 1262976	batch4-backend/venv/lib/python3.12/site-packages/httptools/parser/parser.cpython-312-x86_64-linux-gnu.so
100644 blob 8afd0068066e1858ec95e90744ef8f4f1ceb576b    2157	batch4-backend/venv/lib/python3.12/site-packages/httptools/parser/parser.pyi
100644 blob 2fa5026375e8004fc44c116169ea8418b4261f3a   15140	batch4-backend/venv/lib/python3.12/site-packages/httptools/parser/parser.pyx
100644 blob ae00523d3ea86cd8b85839706dc32225cc7f58cb     586	batch4-backend/venv/lib/python3.12/site-packages/httptools/parser/protocol.py
100644 blob 8e95925582da55a3ce8cfd011cb332f8a600eb26     138	batch4-backend/venv/lib/python3.12/site-packages/httptools/parser/python.pxd
100644 blob ab9265a22d0e8e59e8959313430f6324d777b8ce     779	batch4-backend/venv/lib/python3.12/site-packages/httptools/parser/url_cparser.pxd
100755 blob 0cefed969f356f853d00f5d13f094a9d165c37d0  496168	batch4-backend/venv/lib/python3.12/site-packages/httptools/parser/url_parser.cpython-312-x86_64-linux-gnu.so
100644 blob 5f04847fcf2b4921bd3c976769e2ba4a13bdda62     292	batch4-backend/venv/lib/python3.12/site-packages/httptools/parser/url_parser.pyi
100644 blob e855b5f8a970644e566c1a61aa31209618ba1d0f    4235	batch4-backend/venv/lib/python3.12/site-packages/httptools/parser/url_parser.pyx
100644 blob e69de29bb2d1d6434b8b29ae775ad8c2e48c5391       0	batch4-backend/venv/lib/python3.12/site-packages/httptools/py.typed
100644 blob a1b589e38a32041e49332e5e81c2d363dc418d68       4	batch4-backend/venv/lib/python3.12/site-packages/httpx-0.28.1.dist-info/INSTALLER
100644 blob b0d2b196385e98259971519793447c1fd7a9a643    7052	batch4-backend/venv/lib/python3.12/site-packages/httpx-0.28.1.dist-info/METADATA
100644 blob 3a278ac61ee82ead4947a1adb755ea3d045e84b9    3609	batch4-backend/venv/lib/python3.12/site-packages/httpx-0.28.1.dist-info/RECORD
100644 blob e69de29bb2d1d6434b8b29ae775ad8c2e48c5391       0	batch4-backend/venv/lib/python3.12/site-packages/httpx-0.28.1.dist-info/REQUESTED
100644 blob 21aaa72961a8af71c17d2cb3b76d5f7f567100e4      87	batch4-backend/venv/lib/python3.12/site-packages/httpx-0.28.1.dist-info/WHEEL
100644 blob 8ae96007f7d725813fd02dc1d06d3834ee1939e4      37	batch4-backend/venv/lib/python3.12/site-packages/httpx-0.28.1.dist-info/entry_points.txt
100644 blob ab79d16a3f4c6c894c028d1f7431811e8711b42b    1508	batch4-backend/venv/lib/python3.12/site-packages/httpx-0.28.1.dist-info/licenses/LICENSE.md
100644 blob e9addde071f81758baf350c4ab6bde2556340131    2171	batch4-backend/venv/lib/python3.12/site-packages/httpx/__init__.py
100644 blob 801bfacf671017cfbebf1ac26ec385daa02ed260     108	batch4-backend/venv/lib/python3.12/site-packages/httpx/__version__.py
100644 blob c3cda1ecda8629edbdca2e3bc04bc51dba5e1430   11743	batch4-backend/venv/lib/python3.12/site-packages/httpx/_api.py
100644 blob b03971ab4b311d60790dc22ca24d9966426ec0a4   11891	batch4-backend/venv/lib/python3.12/site-packages/httpx/_auth.py
100644 blob 2249231f8c3b912c731ff160344d3672e2f11738   65714	batch4-backend/venv/lib/python3.12/site-packages/httpx/_client.py
100644 blob 467a6c90ae269babe3af7963d9d7c78b9f012268    8547	batch4-backend/venv/lib/python3.12/site-packages/httpx/_config.py
100644 blob 6f479a0885f723b7395843d41164a87041820776    8161	batch4-backend/venv/lib/python3.12/site-packages/httpx/_content.py
100644 blob 899dfada878e1181fca6d3c75a79526a076abb9e   12041	batch4-backend/venv/lib/python3.12/site-packages/httpx/_decoders.py
100644 blob 77f45a6d3986d15626fc8a5fd459d6a3e0fbe466    8527	batch4-backend/venv/lib/python3.12/site-packages/httpx/_exceptions.py
100644 blob cffa4bb7db0f930f4db56653a061c4d7400ba4e6   15626	batch4-backend/venv/lib/python3.12/site-packages/httpx/_main.py
100644 blob 67d74bf86bfc80e22d9a4a3153572845accd9039   44700	batch4-backend/venv/lib/python3.12/site-packages/httpx/_models.py
100644 blob b4761af9b2cf384de5189269927d781a700dbe46    9843	batch4-backend/venv/lib/python3.12/site-packages/httpx/_multipart.py
100644 blob 133a6231a5b53fd2f073799ca1bd07c50abe40ae    5639	batch4-backend/venv/lib/python3.12/site-packages/httpx/_status_codes.py
100644 blob 7a321053b29bcd48698cf2bd74a1d19c8556aefb     275	batch4-backend/venv/lib/python3.12/site-packages/httpx/_transports/__init__.py
100644 blob 2bc4efae0e1b14620f75f712eb15ecf500d14eef    5501	batch4-backend/venv/lib/python3.12/site-packages/httpx/_transports/asgi.py
100644 blob 66fd99d702480b555c06694fe14715ea6df3dfc3    2523	batch4-backend/venv/lib/python3.12/site-packages/httpx/_transports/base.py
100644 blob d5aa05ff234fd3fbf4fee88c4a7d3e3c151a538f   13983	batch4-backend/venv/lib/python3.12/site-packages/httpx/_transports/default.py
100644 blob 8c418f59e06cae43abdbb626ec21cafc7e8c6277    1232	batch4-backend/venv/lib/python3.12/site-packages/httpx/_transports/mock.py
100644 blob 8592ffe017a87367cc7578184540096a9682908d    4825	batch4-backend/venv/lib/python3.12/site-packages/httpx/_transports/wsgi.py
100644 blob 704dfdffc8ba61eb913fa918072381e410b23c00    2965	batch4-backend/venv/lib/python3.12/site-packages/httpx/_types.py
100644 blob bf190fd560ee4fc8a11af371a15fc5f1dc284d34   18546	batch4-backend/venv/lib/python3.12/site-packages/httpx/_urlparse.py
100644 blob 147a8fa333acaf31618d37ba2896e3a5bf5e4d02   21550	batch4-backend/venv/lib/python3.12/site-packages/httpx/_urls.py
100644 blob 7fe827da4d071b32ea6da44328629699d6fc88ce    8285	batch4-backend/venv/lib/python3.12/site-packages/httpx/_utils.py
100644 blob e69de29bb2d1d6434b8b29ae775ad8c2e48c5391       0	batch4-backend/venv/lib/python3.12/site-packages/httpx/py.typed
100644 blob a1b589e38a32041e49332e5e81c2d363dc418d68       4	batch4-backend/venv/lib/python3.12/site-packages/hyperframe-6.1.0.dist-info/INSTALLER
100644 blob d24c351e1889b5b7837e4c9c1dc59334191c7f2c    1080	batch4-backend/venv/lib/python3.12/site-packages/hyperframe-6.1.0.dist-info/LICENSE
100644 blob bf81d5ffb30ca61725cd473fe7074fb92d572e6a    4339	batch4-backend/venv/lib/python3.12/site-packages/hyperframe-6.1.0.dist-info/METADATA
100644 blob 78386ccad7bcd055131ce57a3f4bfa36cf0a87cf    1178	batch4-backend/venv/lib/python3.12/site-packages/hyperframe-6.1.0.dist-info/RECORD
100644 blob e69de29bb2d1d6434b8b29ae775ad8c2e48c5391       0	batch4-backend/venv/lib/python3.12/site-packages/hyperframe-6.1.0.dist-info/REQUESTED
100644 blob 505164bc02d63fe6b0b3299f849a77c5f1beeb41      91	batch4-backend/venv/lib/python3.12/site-packages/hyperframe-6.1.0.dist-info/WHEEL
100644 blob b21bb7c4d81d810d4cf96c8d59f2b0f6a54e6eab      11	batch4-backend/venv/lib/python3.12/site-packages/hyperframe-6.1.0.dist-info/top_level.txt
100644 blob e95b20b910f19bf504b6726a531231f083d73658     111	batch4-backend/venv/lib/python3.12/site-packages/hyperframe/__init__.py
100644 blob 7a40f4ab767eeaad952e268010fc080475912b93    1516	batch4-backend/venv/lib/python3.12/site-packages/hyperframe/exceptions.py
100644 blob e5f4a22bd96e6ef3a327b962681bf6a9a76f5804    1294	batch4-backend/venv/lib/python3.12/site-packages/hyperframe/flags.py
100644 blob a67487e0473c4d003505eef4e43cfeda3c76b1da   31659	batch4-backend/venv/lib/python3.12/site-packages/hyperframe/frame.py
100644 blob e69de29bb2d1d6434b8b29ae775ad8c2e48c5391       0	batch4-backend/venv/lib/python3.12/site-packages/hyperframe/py.typed
100644 blob a1b589e38a32041e49332e5e81c2d363dc418d68       4	batch4-backend/venv/lib/python3.12/site-packages/idna-3.20.dist-info/INSTALLER
100644 blob edbc446bb4ec693451e3aaaa64b0185f2f7ce511    7207	batch4-backend/venv/lib/python3.12/site-packages/idna-3.20.dist-info/METADATA
100644 blob ef2d41fca437624f85a9748fc3137d7e511f29cc    1869	batch4-backend/venv/lib/python3.12/site-packages/idna-3.20.dist-info/RECORD
100644 blob e69de29bb2d1d6434b8b29ae775ad8c2e48c5391       0	batch4-backend/venv/lib/python3.12/site-packages/idna-3.20.dist-info/REQUESTED
100644 blob 1ab9a08b3a505f2f5a1a39db576a05c639c3baf8      81	batch4-backend/venv/lib/python3.12/site-packages/idna-3.20.dist-info/WHEEL
100644 blob 59ca7ac02ea0a40938ca867305e020981f52a077      38	batch4-backend/venv/lib/python3.12/site-packages/idna-3.20.dist-info/entry_points.txt
100644 blob f706835ab3a5dd709a6e1f57aee0a94ae1415df6    1541	batch4-backend/venv/lib/python3.12/site-packages/idna-3.20.dist-info/licenses/LICENSE.md
100644 blob d6c890a9a93ee51b0e519213d82ce5eb0340c4c2     944	batch4-backend/venv/lib/python3.12/site-packages/idna/__init__.py
100644 blob dbdd066172160ef2d47b29f0caa00e27c62ebc20      83	batch4-backend/venv/lib/python3.12/site-packages/idna/__main__.py
100644 blob 894d8a0637bc6542ab4d7bfb61bd91d40f438358    4245	batch4-backend/venv/lib/python3.12/site-packages/idna/cli.py
100644 blob 8efc1eed7364a1a9b08b00405752ddf4fb2068dc    8002	batch4-backend/venv/lib/python3.12/site-packages/idna/codec.py
100644 blob 5bedee9bad9936202c60f9696d6f39b7e2423094    1376	batch4-backend/venv/lib/python3.12/site-packages/idna/compat.py
100644 blob d4a6f0e3a7decaa48b44c901e7ed74393e93b728   32580	batch4-backend/venv/lib/python3.12/site-packages/idna/core.py
100644 blob 471c047d1f213bad330de01760212af9f9da6d13   45763	batch4-backend/venv/lib/python3.12/site-packages/idna/idnadata.py
100644 blob 19d77810caf332a1f310bd3b734dab7bbd82f64c    1851	batch4-backend/venv/lib/python3.12/site-packages/idna/intranges.py
100644 blob 2f9ff7e825c609b14a30a845044034c64c46101a      21	batch4-backend/venv/lib/python3.12/site-packages/idna/package_data.py
100644 blob e69de29bb2d1d6434b8b29ae775ad8c2e48c5391       0	batch4-backend/venv/lib/python3.12/site-packages/idna/py.typed
100644 blob dbfb60ff4b34a950babe9409cffd08d1b86913d3  237174	batch4-backend/venv/lib/python3.12/site-packages/idna/uts46data.py
100644 blob a1b589e38a32041e49332e5e81c2d363dc418d68       4	batch4-backend/venv/lib/python3.12/site-packages/iniconfig-2.3.0.dist-info/INSTALLER
100644 blob fc3c00df97bbf6e38be40ce7bec8e9d136d18214    2526	batch4-backend/venv/lib/python3.12/site-packages/iniconfig-2.3.0.dist-info/METADATA
100644 blob ba535fceec89031a3a37bc7beb5482255ac28be6    1177	batch4-backend/venv/lib/python3.12/site-packages/iniconfig-2.3.0.dist-info/RECORD
100644 blob e69de29bb2d1d6434b8b29ae775ad8c2e48c5391       0	batch4-backend/venv/lib/python3.12/site-packages/iniconfig-2.3.0.dist-info/REQUESTED
100644 blob e7fa31b6f3f78deb1022c1f7927f07d4d16da822      91	batch4-backend/venv/lib/python3.12/site-packages/iniconfig-2.3.0.dist-info/WHEEL
100644 blob 46f4b2846fd708ecb81b2d665434ce6379aa1101    1098	batch4-backend/venv/lib/python3.12/site-packages/iniconfig-2.3.0.dist-info/licenses/LICENSE
100644 blob 9dda53692d2f44a97392cae823f8163d55ad4549      10	batch4-backend/venv/lib/python3.12/site-packages/iniconfig-2.3.0.dist-info/top_level.txt
100644 blob b84809f8e9dc0db6fba3505fcc29ca26c3383cce    7497	batch4-backend/venv/lib/python3.12/site-packages/iniconfig/__init__.py
100644 blob 57b9b44e4cccca635651b8d4380aed1e2ab020a8    5223	batch4-backend/venv/lib/python3.12/site-packages/iniconfig/_parse.py
100644 blob b982b024d8649c68b58ba29198fab080774ddf5f     704	batch4-backend/venv/lib/python3.12/site-packages/iniconfig/_version.py
100644 blob d078bc659504cf79d3cedefe66dd828af9a9d9e0     399	batch4-backend/venv/lib/python3.12/site-packages/iniconfig/exceptions.py
100644 blob e69de29bb2d1d6434b8b29ae775ad8c2e48c5391       0	batch4-backend/venv/lib/python3.12/site-packages/iniconfig/py.typed
100644 blob a3c6c6057edfe75cc41a005bea895d75648550da    1805	batch4-backend/venv/lib/python3.12/site-packages/jwt/__init__.py
100644 blob 75fdd072c854f3d2717aaebef5c3a68d014ad780   40684	batch4-backend/venv/lib/python3.12/site-packages/jwt/algorithms.py
100644 blob 9aa4d52828750dfbf7d347a5f2391977b431fb48    6469	batch4-backend/venv/lib/python3.12/site-packages/jwt/api_jwk.py
100644 blob 8665d64be369a4204287f54ce90d9653a3051090   17913	batch4-backend/venv/lib/python3.12/site-packages/jwt/api_jws.py
100644 blob a63191df0683f86cd946399a4461884b248a5b1c   22343	batch4-backend/venv/lib/python3.12/site-packages/jwt/api_jwt.py
100644 blob 57559fc43350e21458fe270b19c2384d6652feef    2375	batch4-backend/venv/lib/python3.12/site-packages/jwt/exceptions.py
100644 blob 2f42b5daf51e9ad66a50af0e46731d40d0f79973    1784	batch4-backend/venv/lib/python3.12/site-packages/jwt/help.py
100644 blob 887de91f57987dc4a2b1cad8fe9a53485b7f11ae    1644	batch4-backend/venv/lib/python3.12/site-packages/jwt/jwk_set_cache.py
100644 blob fb3712e39d492d3c244289dd0e3b96cf07057356   13151	batch4-backend/venv/lib/python3.12/site-packages/jwt/jwks_client.py
100644 blob e69de29bb2d1d6434b8b29ae775ad8c2e48c5391       0	batch4-backend/venv/lib/python3.12/site-packages/jwt/py.typed
100644 blob 61bfdf03415c70aac51185e6738a8fab9e6f1b01    3174	batch4-backend/venv/lib/python3.12/site-packages/jwt/types.py
100644 blob e51c3e141d7ea99bd464245aab173007816dfd18    4076	batch4-backend/venv/lib/python3.12/site-packages/jwt/utils.py
100644 blob 8a41a36d10882888cd5398f697bc1a2a04706214     330	batch4-backend/venv/lib/python3.12/site-packages/jwt/warnings.py
100644 blob a1b589e38a32041e49332e5e81c2d363dc418d68       4	batch4-backend/venv/lib/python3.12/site-packages/mako-1.4.3.dist-info/INSTALLER
100644 blob 8a6f0de0dd4a25b3b423f5127577ca4a1708f90a    2942	batch4-backend/venv/lib/python3.12/site-packages/mako-1.4.3.dist-info/METADATA
100644 blob 1ebb0e57f3765cf698d7559bf1be7f515e364f38    4838	batch4-backend/venv/lib/python3.12/site-packages/mako-1.4.3.dist-info/RECORD
100644 blob e69de29bb2d1d6434b8b29ae775ad8c2e48c5391       0	batch4-backend/venv/lib/python3.12/site-packages/mako-1.4.3.dist-info/REQUESTED
100644 blob 13013d7b49be5a84c3ee5931b06285b9553cf5d0      91	batch4-backend/venv/lib/python3.12/site-packages/mako-1.4.3.dist-info/WHEEL
100644 blob 03342e36e194e78232b04104e967467798b0e248     495	batch4-backend/venv/lib/python3.12/site-packages/mako-1.4.3.dist-info/entry_points.txt
100644 blob e5cf905a5e9ad5b7a5338bfc2723026b75e9e9ad    1098	batch4-backend/venv/lib/python3.12/site-packages/mako-1.4.3.dist-info/licenses/LICENSE
100644 blob 2951cdd49d33f08a4f5af6213f315e571274c854       5	batch4-backend/venv/lib/python3.12/site-packages/mako-1.4.3.dist-info/top_level.txt
100644 blob aade65b21cb85cbbb7b2ef4150f61ed4eb1976de     242	batch4-backend/venv/lib/python3.12/site-packages/mako/__init__.py
100644 blob b22ddeb4644e8965a9a87aeb8e34cbc5807e2383   19847	batch4-backend/venv/lib/python3.12/site-packages/mako/_ast_util.py
100644 blob 6937780e700a462a9c4e7bf45b02fe91a221b329    7408	batch4-backend/venv/lib/python3.12/site-packages/mako/ast.py
100644 blob 53421d6c9c7790a19fcb28782f56555547041b61    7678	batch4-backend/venv/lib/python3.12/site-packages/mako/cache.py
100644 blob 79d4160c442f17b6ef2359df92c40147fdccbb06    2813	batch4-backend/venv/lib/python3.12/site-packages/mako/cmd.py
100644 blob 7ced946ef97921baeb5c31e13b8bc752b24ed728   47733	batch4-backend/venv/lib/python3.12/site-packages/mako/codegen.py
100644 blob bba69187c2f4b7ce4cdf78acbd3a1ebeb7d75863    1820	batch4-backend/venv/lib/python3.12/site-packages/mako/compat.py
100644 blob 8ba8db9e6f570d56bb2cbd76befedbf779aecfad   12511	batch4-backend/venv/lib/python3.12/site-packages/mako/exceptions.py
100644 blob e69de29bb2d1d6434b8b29ae775ad8c2e48c5391       0	batch4-backend/venv/lib/python3.12/site-packages/mako/ext/__init__.py
100644 blob 11965ddd47b0d316d4ac9d05417782dbdc598915    1885	batch4-backend/venv/lib/python3.12/site-packages/mako/ext/autohandler.py
100644 blob 891861ec37052c4519c0c38bf721483f2324920a    2092	batch4-backend/venv/lib/python3.12/site-packages/mako/ext/babelplugin.py
100644 blob 101d9f7d125caa87384a9145568e7d20cca1d839    2577	batch4-backend/venv/lib/python3.12/site-packages/mako/ext/beaker_cache.py
100644 blob cd08a6b159336c75ab31f1438610f3246cd4886a    4659	batch4-backend/venv/lib/python3.12/site-packages/mako/ext/extract.py
100644 blob a00ad6919981acce3af4cc4d8b6092452e0fbb7a    1935	batch4-backend/venv/lib/python3.12/site-packages/mako/ext/linguaplugin.py
100644 blob a5136766e94a6fdd844f4a2014cdf4e9c5de81d0     576	batch4-backend/venv/lib/python3.12/site-packages/mako/ext/preprocessors.py
100644 blob f833114c5ea1c2b32ed167f24187f165118d2640    4753	batch4-backend/venv/lib/python3.12/site-packages/mako/ext/pygmentplugin.py
100644 blob 2a5c31339689fbaa840b9189be35fccaa4f72fc8    2140	batch4-backend/venv/lib/python3.12/site-packages/mako/ext/turbogears.py
100644 blob c9d78184e479316c776da9848d7e0fadae9a3266    4658	batch4-backend/venv/lib/python3.12/site-packages/mako/filters.py
100644 blob 4f9fbf3b56b6f190dccd9433dea4c5b3de31d48a   16809	batch4-backend/venv/lib/python3.12/site-packages/mako/lexer.py
100644 blob 41d6c704482d4c2fd7431b2508b80e4b9b944b6d   12445	batch4-backend/venv/lib/python3.12/site-packages/mako/lookup.py
100644 blob 181404d136652f6adf88079b04b53bb4a8faf375   19018	batch4-backend/venv/lib/python3.12/site-packages/mako/parsetree.py
100644 blob cb51e6b41df3fd0b8284a2ae7f0e7088f8328341   10414	batch4-backend/venv/lib/python3.12/site-packages/mako/pygen.py
100644 blob 0776c5f2cce6264f2ffdbbb4930166605bcc2774    8418	batch4-backend/venv/lib/python3.12/site-packages/mako/pyparser.py
100644 blob 5f7f594e54430f86254b20420bb3568a3d24cb4d   27791	batch4-backend/venv/lib/python3.12/site-packages/mako/runtime.py
100644 blob af5231a60d32eaa54337bdcc303b04f2a74a5c07   29234	batch4-backend/venv/lib/python3.12/site-packages/mako/template.py
100644 blob e69de29bb2d1d6434b8b29ae775ad8c2e48c5391       0	batch4-backend/venv/lib/python3.12/site-packages/mako/testing/__init__.py
100644 blob 4ee3d0a6ed770aba19adb757ffd552d504c5b9e2    3566	batch4-backend/venv/lib/python3.12/site-packages/mako/testing/_config.py
100644 blob 22221cd20c4a65054ad0f6fec17640255671a81d    5161	batch4-backend/venv/lib/python3.12/site-packages/mako/testing/assertions.py
100644 blob b77d0c08084b0a9b1b5e7395e1bd54895ba689e6     323	batch4-backend/venv/lib/python3.12/site-packages/mako/testing/config.py
100644 blob 9becb21cfdf93b17c57632c7a147e642388517bd    1552	batch4-backend/venv/lib/python3.12/site-packages/mako/testing/exclusions.py
100644 blob 01e996171d16be446ee849ceafafaf2cf699f256    3044	batch4-backend/venv/lib/python3.12/site-packages/mako/testing/fixtures.py
100644 blob 453d25c06c7ab020f7acb7d962b9abbeaff51c7f    1601	batch4-backend/venv/lib/python3.12/site-packages/mako/testing/helpers.py
100644 blob 16da0114f5ec729e87cc61a5bbc9d3ef63822815    8230	batch4-backend/venv/lib/python3.12/site-packages/mako/util.py
100644 blob a1b589e38a32041e49332e5e81c2d363dc418d68       4	batch4-backend/venv/lib/python3.12/site-packages/markupsafe-3.0.4.dist-info/INSTALLER
100644 blob 1e42cf77f0442240273c631fd73ccd68d762aea5    2690	batch4-backend/venv/lib/python3.12/site-packages/markupsafe-3.0.4.dist-info/METADATA
100644 blob 615af545919a5b718ac5483141f75e10ab0b139f    1207	batch4-backend/venv/lib/python3.12/site-packages/markupsafe-3.0.4.dist-info/RECORD
100644 blob e69de29bb2d1d6434b8b29ae775ad8c2e48c5391       0	batch4-backend/venv/lib/python3.12/site-packages/markupsafe-3.0.4.dist-info/REQUESTED
100644 blob 0a4d0300062879d2c7e8ebd316e2fc3ba674f619     190	batch4-backend/venv/lib/python3.12/site-packages/markupsafe-3.0.4.dist-info/WHEEL
100644 blob 9d227a0cc43c3268d15722b763bd94ad298645a1    1475	batch4-backend/venv/lib/python3.12/site-packages/markupsafe-3.0.4.dist-info/licenses/LICENSE.txt
100644 blob 75bf729258f9daef77370b6df1a57940f90fc23f      11	batch4-backend/venv/lib/python3.12/site-packages/markupsafe-3.0.4.dist-info/top_level.txt
100644 blob 899b654424854a8da49bdd1bff2e6186331f943c   13354	batch4-backend/venv/lib/python3.12/site-packages/markupsafe/__init__.py
100644 blob 088b3bca9839ee489eefa546a0773a465b8cd0ca     210	batch4-backend/venv/lib/python3.12/site-packages/markupsafe/_native.py
100644 blob 8a315f23c52851b23525d205e392ee69e0a27f39    4327	batch4-backend/venv/lib/python3.12/site-packages/markupsafe/_speedups.c
100755 blob e722b11e74dcbb58eb31f043e9cfac0a6c481ead   44072	batch4-backend/venv/lib/python3.12/site-packages/markupsafe/_speedups.cpython-312-x86_64-linux-gnu.so
100644 blob 8c8885852a26eba90d3ca1783beca535d4d43bb0      41	batch4-backend/venv/lib/python3.12/site-packages/markupsafe/_speedups.pyi
100644 blob e69de29bb2d1d6434b8b29ae775ad8c2e48c5391       0	batch4-backend/venv/lib/python3.12/site-packages/markupsafe/py.typed
100644 blob a1b589e38a32041e49332e5e81c2d363dc418d68       4	batch4-backend/venv/lib/python3.12/site-packages/msgpack-1.2.3.dist-info/INSTALLER
100644 blob e37291c47cc99198681411065dfcdb340eff2558    8273	batch4-backend/venv/lib/python3.12/site-packages/msgpack-1.2.3.dist-info/METADATA
100644 blob 8f607b39e87394d2f2800904ce63dcf73a9f2ebb    1180	batch4-backend/venv/lib/python3.12/site-packages/msgpack-1.2.3.dist-info/RECORD
100644 blob e69de29bb2d1d6434b8b29ae775ad8c2e48c5391       0	batch4-backend/venv/lib/python3.12/site-packages/msgpack-1.2.3.dist-info/REQUESTED
100644 blob 0a4d0300062879d2c7e8ebd316e2fc3ba674f619     190	batch4-backend/venv/lib/python3.12/site-packages/msgpack-1.2.3.dist-info/WHEEL
100644 blob f067af3aae15a5b494f0eeb15a7064c176e30fd5     614	batch4-backend/venv/lib/python3.12/site-packages/msgpack-1.2.3.dist-info/licenses/COPYING
100644 blob 3aae276bcd9d36403f6ea98de540624ae6b974cf       8	batch4-backend/venv/lib/python3.12/site-packages/msgpack-1.2.3.dist-info/top_level.txt
100644 blob 0947863f59a47f26eb5b5117da488b27e163b326    1109	batch4-backend/venv/lib/python3.12/site-packages/msgpack/__init__.py
100755 blob 6137d9c074c91cc44e2666053a99fb0b22185909 1575088	batch4-backend/venv/lib/python3.12/site-packages/msgpack/_cmsgpack.cpython-312-x86_64-linux-gnu.so
100644 blob d6d2615cfdd0b914d064cdf7eecd45761e4bcaf6    1081	batch4-backend/venv/lib/python3.12/site-packages/msgpack/exceptions.py
100644 blob abaaad900fb9585031080d556c6b6998112b7447    6428	batch4-backend/venv/lib/python3.12/site-packages/msgpack/ext.py
100644 blob 569650afd995932d1232b2c91943665433e57099   33311	batch4-backend/venv/lib/python3.12/site-packages/msgpack/fallback.py
100644 blob cff2b8ca60987ba03e34bc20662f01efe61b0950    1366	batch4-backend/venv/lib/python3.12/site-packages/opentelemetry/_logs/__init__.py
100644 blob 4c049f92e5e80ba8e3b248df5a86329f0b8c1258   15469	batch4-backend/venv/lib/python3.12/site-packages/opentelemetry/_logs/_internal/__init__.py
100644 blob e69de29bb2d1d6434b8b29ae775ad8c2e48c5391       0	batch4-backend/venv/lib/python3.12/site-packages/opentelemetry/_logs/py.typed
100644 blob 96ffcc6229e85fca60f7bb6cd38600f3952d354c    1007	batch4-backend/venv/lib/python3.12/site-packages/opentelemetry/_logs/severity/__init__.py
100644 blob 6bc3590f0f1919440388f29b29d1f78bacb74cbf    9503	batch4-backend/venv/lib/python3.12/site-packages/opentelemetry/attributes/__init__.py
100644 blob e69de29bb2d1d6434b8b29ae775ad8c2e48c5391       0	batch4-backend/venv/lib/python3.12/site-packages/opentelemetry/attributes/py.typed
100644 blob b852a4fe4740e80f889cc59ec31bf2eedf163304    3564	batch4-backend/venv/lib/python3.12/site-packages/opentelemetry/baggage/__init__.py
100644 blob b06ca31bf7f7654e74d5bc7604dd03de2b6ac22d    5607	batch4-backend/venv/lib/python3.12/site-packages/opentelemetry/baggage/propagation/__init__.py
100644 blob e69de29bb2d1d6434b8b29ae775ad8c2e48c5391       0	batch4-backend/venv/lib/python3.12/site-packages/opentelemetry/baggage/py.typed
100644 blob 9bd2084d3c4842a0ee9a4bd6eab31203ac281c5d    4710	batch4-backend/venv/lib/python3.12/site-packages/opentelemetry/context/__init__.py
100644 blob 984bf424d84782fdeab501367c9b34b73392c250    1722	batch4-backend/venv/lib/python3.12/site-packages/opentelemetry/context/context.py
100644 blob 3cbcdd9ccc32289d654396b99d34f49835f4c5e9    1299	batch4-backend/venv/lib/python3.12/site-packages/opentelemetry/context/contextvars_context.py
100644 blob e69de29bb2d1d6434b8b29ae775ad8c2e48c5391       0	batch4-backend/venv/lib/python3.12/site-packages/opentelemetry/context/py.typed
100644 blob b335c826380e0261b77c6272f9f405e96c4aa9fd    1859	batch4-backend/venv/lib/python3.12/site-packages/opentelemetry/environment_variables/__init__.py
100644 blob e69de29bb2d1d6434b8b29ae775ad8c2e48c5391       0	batch4-backend/venv/lib/python3.12/site-packages/opentelemetry/environment_variables/py.typed
100644 blob b25a60e917776c462f73fb22940f67e1af438ef7    3068	batch4-backend/venv/lib/python3.12/site-packages/opentelemetry/metrics/__init__.py
100644 blob 183966b1b7b563b89414ac9408d829cb5f054864   30867	batch4-backend/venv/lib/python3.12/site-packages/opentelemetry/metrics/_internal/__init__.py
100644 blob 5ebe05e891c19b9f534c0efe267d5d37d01ade65   15981	batch4-backend/venv/lib/python3.12/site-packages/opentelemetry/metrics/_internal/instrument.py
100644 blob 0ee7a311369218ef2748b8b84235c72e5ef519de    1378	batch4-backend/venv/lib/python3.12/site-packages/opentelemetry/metrics/_internal/observation.py
100644 blob e69de29bb2d1d6434b8b29ae775ad8c2e48c5391       0	batch4-backend/venv/lib/python3.12/site-packages/opentelemetry/metrics/py.typed
100644 blob 15f876fdbbf7bd6fa56d020b24ad0c3c582f27f6    6303	batch4-backend/venv/lib/python3.12/site-packages/opentelemetry/propagate/__init__.py
100644 blob e69de29bb2d1d6434b8b29ae775ad8c2e48c5391       0	batch4-backend/venv/lib/python3.12/site-packages/opentelemetry/propagate/py.typed
100644 blob c474745638a3394b05fcdbad3eb729099021ccd0    3117	batch4-backend/venv/lib/python3.12/site-packages/opentelemetry/propagators/_envcarrier.py
100644 blob 769e9f9359725e9fdf5cb4d7c0037a6d40b69b25    2724	batch4-backend/venv/lib/python3.12/site-packages/opentelemetry/propagators/composite.py
100644 blob e69de29bb2d1d6434b8b29ae775ad8c2e48c5391       0	batch4-backend/venv/lib/python3.12/site-packages/opentelemetry/propagators/py.typed
100644 blob 7dc132e5b92b419ac0c112519891af507e96de61    6017	batch4-backend/venv/lib/python3.12/site-packages/opentelemetry/propagators/textmap.py
100644 blob e69de29bb2d1d6434b8b29ae775ad8c2e48c5391       0	batch4-backend/venv/lib/python3.12/site-packages/opentelemetry/py.typed
100644 blob cb8a5400601327bc033429c6ddf8cdb7324e24d1   23188	batch4-backend/venv/lib/python3.12/site-packages/opentelemetry/trace/__init__.py
100644 blob 93a09160a81710a3b4540b980ec2d7a296f5718d    1136	batch4-backend/venv/lib/python3.12/site-packages/opentelemetry/trace/propagation/__init__.py
100644 blob bb41c132f3ae9012f998d050ff44a554843c1c14    3553	batch4-backend/venv/lib/python3.12/site-packages/opentelemetry/trace/propagation/tracecontext.py
100644 blob e69de29bb2d1d6434b8b29ae775ad8c2e48c5391       0	batch4-backend/venv/lib/python3.12/site-packages/opentelemetry/trace/py.typed
100644 blob 85f114c7d37b879d98ddd247f8304ae6c4f89dcc   20552	batch4-backend/venv/lib/python3.12/site-packages/opentelemetry/trace/span.py
100644 blob 88c07a6910717a86b1a7d2621526b2442dddb538    1959	batch4-backend/venv/lib/python3.12/site-packages/opentelemetry/trace/status.py
100644 blob b724b9f93fabcc143a6d6b4475a7565ed253b2ad    2991	batch4-backend/venv/lib/python3.12/site-packages/opentelemetry/util/_decorator.py
100644 blob 656afbb809a5cfac4aa57141c4ad73485b55b78e    1833	batch4-backend/venv/lib/python3.12/site-packages/opentelemetry/util/_importlib_metadata.py
100644 blob 59f562385e64fa355a057850cb94572a0ba6005c     941	batch4-backend/venv/lib/python3.12/site-packages/opentelemetry/util/_once.py
100644 blob ef4d234ebeb90913fb94988082eae24a94f4a4cf    1317	batch4-backend/venv/lib/python3.12/site-packages/opentelemetry/util/_providers.py
100644 blob e69de29bb2d1d6434b8b29ae775ad8c2e48c5391       0	batch4-backend/venv/lib/python3.12/site-packages/opentelemetry/util/py.typed
100644 blob d2bc55823433b5995625a30fdc6c77b58c2a19ed    4068	batch4-backend/venv/lib/python3.12/site-packages/opentelemetry/util/re.py
100644 blob 4456a47f0f564c83ed57ede2138347880a6e809e     866	batch4-backend/venv/lib/python3.12/site-packages/opentelemetry/util/types.py
100644 blob 178452f99f7a3aae37b74353e6151186a5ac3f04     100	batch4-backend/venv/lib/python3.12/site-packages/opentelemetry/version/__init__.py
100644 blob e69de29bb2d1d6434b8b29ae775ad8c2e48c5391       0	batch4-backend/venv/lib/python3.12/site-packages/opentelemetry/version/py.typed
100644 blob a1b589e38a32041e49332e5e81c2d363dc418d68       4	batch4-backend/venv/lib/python3.12/site-packages/opentelemetry_api-1.45.0.dist-info/INSTALLER
100644 blob 869b20214a959f7ed6e77186993094c3159a254a    1411	batch4-backend/venv/lib/python3.12/site-packages/opentelemetry_api-1.45.0.dist-info/METADATA
100644 blob 4ecc78f3c5e88e6e6bcfbdfb68485c1def6df3e2    6480	batch4-backend/venv/lib/python3.12/site-packages/opentelemetry_api-1.45.0.dist-info/RECORD
100644 blob e69de29bb2d1d6434b8b29ae775ad8c2e48c5391       0	batch4-backend/venv/lib/python3.12/site-packages/opentelemetry_api-1.45.0.dist-info/REQUESTED
100644 blob 39dc805011177e5b2a77e7afb5ec7187aeb3e34d      87	batch4-backend/venv/lib/python3.12/site-packages/opentelemetry_api-1.45.0.dist-info/WHEEL
100644 blob 627961628b2a3b93ebf1469e89de97ccfffb7d94     573	batch4-backend/venv/lib/python3.12/site-packages/opentelemetry_api-1.45.0.dist-info/entry_points.txt
100644 blob 261eeb9e9f8b2b4b0d119366dda99c6fd7d35c64   11357	batch4-backend/venv/lib/python3.12/site-packages/opentelemetry_api-1.45.0.dist-info/licenses/LICENSE
100644 blob a1b589e38a32041e49332e5e81c2d363dc418d68       4	batch4-backend/venv/lib/python3.12/site-packages/packaging-26.3.dist-info/INSTALLER
100644 blob 9a85a75b1f53f042eedc6731042e96f5a96ed6da    3544	batch4-backend/venv/lib/python3.12/site-packages/packaging-26.3.dist-info/METADATA
100644 blob 15915da577bafc66694c9e69967f053c52b99c2d    3670	batch4-backend/venv/lib/python3.12/site-packages/packaging-26.3.dist-info/RECORD
100644 blob e69de29bb2d1d6434b8b29ae775ad8c2e48c5391       0	batch4-backend/venv/lib/python3.12/site-packages/packaging-26.3.dist-info/REQUESTED
100644 blob d8b9936dad9ab2513fa6979f411560d3b6b57e37      82	batch4-backend/venv/lib/python3.12/site-packages/packaging-26.3.dist-info/WHEEL
100644 blob 6f62d44e4ef733c0e713afcd2371fed7f2b3de67     197	batch4-backend/venv/lib/python3.12/site-packages/packaging-26.3.dist-info/licenses/LICENSE
100644 blob f433b1a53f5b830a205fd2df78e2b34974656c7b   10174	batch4-backend/venv/lib/python3.12/site-packages/packaging-26.3.dist-info/licenses/LICENSE.APACHE
100644 blob 42ce7b75c92fb01a3f6ed17eea363f756b7da582    1344	batch4-backend/venv/lib/python3.12/site-packages/packaging-26.3.dist-info/licenses/LICENSE.BSD
100644 blob 5a969154fefef91c98d6c42a5a709745ced5d0f8     494	batch4-backend/venv/lib/python3.12/site-packages/packaging/__init__.py
100644 blob 1ce081d0d2b3f8ff75e5b7f3406b7341bfbc489c    3236	batch4-backend/venv/lib/python3.12/site-packages/packaging/_elffile.py
100644 blob 86de1e6d599dbe5e8426eb130db5e8558cb47d58   10000	batch4-backend/venv/lib/python3.12/site-packages/packaging/_manylinux.py
100644 blob 74c4136f535085c88902c00f506f0c4ccad67188    2774	batch4-backend/venv/lib/python3.12/site-packages/packaging/_musllinux.py
100644 blob 9331b4b4c0120e8d09496ef3e4d4be876fb6c0f1   12639	batch4-backend/venv/lib/python3.12/site-packages/packaging/_parser.py
100644 blob 5370ec87e61881a9f290d5764411328366b46dbf   30850	batch4-backend/venv/lib/python3.12/site-packages/packaging/_ranges.py
100644 blob 4306784d9a26466aa0a210cb2f262903c67d46ca    1109	batch4-backend/venv/lib/python3.12/site-packages/packaging/_structures.py
100644 blob db7cd17fbad29ed096f7fc9a0afc493cc9725b92    5573	batch4-backend/venv/lib/python3.12/site-packages/packaging/_tokenizer.py
100644 blob 0ad2d013cc25245c7e8f24f537112bc0332e41b5   11224	batch4-backend/venv/lib/python3.12/site-packages/packaging/dependency_groups.py
100644 blob 4de7acc0a9e5c22301623438f6290fd03f8040b4   11645	batch4-backend/venv/lib/python3.12/site-packages/packaging/direct_url.py
100644 blob d1d47cf6c3416179750bf5bf170aafe9d0fa6497    2680	batch4-backend/venv/lib/python3.12/site-packages/packaging/errors.py
100644 blob f95ac02e230cc465698fa99ec5424bb2baa810ac    7859	batch4-backend/venv/lib/python3.12/site-packages/packaging/licenses/__init__.py
100644 blob a277af28220b6dbe4599471104d1c7a2bd1e1288   51122	batch4-backend/venv/lib/python3.12/site-packages/packaging/licenses/_spdx.py
100644 blob 51b60364603fe03e80e61c03cda07964fa474e76   20554	batch4-backend/venv/lib/python3.12/site-packages/packaging/markers.py
100644 blob 106110500510483721d3eb92760ddfc6f3e869a0   42059	batch4-backend/venv/lib/python3.12/site-packages/packaging/metadata.py
100644 blob e69de29bb2d1d6434b8b29ae775ad8c2e48c5391       0	batch4-backend/venv/lib/python3.12/site-packages/packaging/py.typed
100644 blob b7976232d63eb22990525dd8c7c5e2c5245db7da   35232	batch4-backend/venv/lib/python3.12/site-packages/packaging/pylock.py
100644 blob 8144a65c4d2ea0b9f9946d795e556221ca9b9438   83054	batch4-backend/venv/lib/python3.12/site-packages/packaging/ranges.py
100644 blob adcc8adbb7459a27a30e866e992df019369ca33a    7040	batch4-backend/venv/lib/python3.12/site-packages/packaging/requirements.py
100644 blob a6a61af424c7a203b16b371b797ee2d08332e0b5   52798	batch4-backend/venv/lib/python3.12/site-packages/packaging/specifiers.py
100644 blob dd1ea911e17f1bfd2b5c62a10865450059c21413   38302	batch4-backend/venv/lib/python3.12/site-packages/packaging/tags.py
100644 blob 2f0ce20744749bcf3aea28177eb764ed2afa7c85   12215	batch4-backend/venv/lib/python3.12/site-packages/packaging/utils.py
100644 blob 5a964bd22fd540dcb5e5f1ef13510346c28800b3   39040	batch4-backend/venv/lib/python3.12/site-packages/packaging/version.py
100644 blob a1b589e38a32041e49332e5e81c2d363dc418d68       4	batch4-backend/venv/lib/python3.12/site-packages/pgvector-0.5.0.dist-info/INSTALLER
100644 blob 3f3e77ee28a386af495f73eb151cfe604d2a99a1   19422	batch4-backend/venv/lib/python3.12/site-packages/pgvector-0.5.0.dist-info/METADATA
100644 blob f7bffdc5cc3ecbd941c8dd06d3a66a8bd5aa8a59    6209	batch4-backend/venv/lib/python3.12/site-packages/pgvector-0.5.0.dist-info/RECORD
100644 blob e69de29bb2d1d6434b8b29ae775ad8c2e48c5391       0	batch4-backend/venv/lib/python3.12/site-packages/pgvector-0.5.0.dist-info/REQUESTED
100644 blob 14a883f292bc96b20c2b76a3081991f2676523a9      91	batch4-backend/venv/lib/python3.12/site-packages/pgvector-0.5.0.dist-info/WHEEL
100644 blob 17e521082f88f9da67508493fb262798146eadf4    1083	batch4-backend/venv/lib/python3.12/site-packages/pgvector-0.5.0.dist-info/licenses/LICENSE.txt
100644 blob 728e60fcda8bceb09e28180c1dc042755caf001f       9	batch4-backend/venv/lib/python3.12/site-packages/pgvector-0.5.0.dist-info/top_level.txt
100644 blob 3c011605aacbddcad63ee0735a3a7dbf34041b54     193	batch4-backend/venv/lib/python3.12/site-packages/pgvector/__init__.py
100644 blob 4cafc3233adbcae3fe3695d26ac66f9026656c99     642	batch4-backend/venv/lib/python3.12/site-packages/pgvector/_utils.py
100644 blob b3b4440e3b58fd69398f58bfc42fada996448ec4      75	batch4-backend/venv/lib/python3.12/site-packages/pgvector/asyncpg/__init__.py
100644 blob 0a2715f40f790364c0893853c2756b6043b99d76    1027	batch4-backend/venv/lib/python3.12/site-packages/pgvector/asyncpg/register.py
100644 blob 2b04912a6d5b015184ba0da22f7d1ad5ce9f6d5e    3100	batch4-backend/venv/lib/python3.12/site-packages/pgvector/bit.py
100644 blob 3ed0f832418ec4a788f3f62307a5166b1f1cb070     618	batch4-backend/venv/lib/python3.12/site-packages/pgvector/django/__init__.py
100644 blob eab0534a17a36020357105c7e7be55289c82623e    1242	batch4-backend/venv/lib/python3.12/site-packages/pgvector/django/bit.py
100644 blob d75884fc11b09638575901dcf9c3e074145ab72c     349	batch4-backend/venv/lib/python3.12/site-packages/pgvector/django/extensions.py
100644 blob 352c6317fb9743dce6908e541a7df98630d30104    1511	batch4-backend/venv/lib/python3.12/site-packages/pgvector/django/functions.py
100644 blob 1ab4a47ae84ea8328c5a8698934a97119f52db33    1924	batch4-backend/venv/lib/python3.12/site-packages/pgvector/django/halfvec.py
100644 blob e095351ba1d7136968cb46be982df3c725e38806    1615	batch4-backend/venv/lib/python3.12/site-packages/pgvector/django/indexes.py
100644 blob a10c1339c8484d0eae80e6c1fb70cb63d7979f39    2125	batch4-backend/venv/lib/python3.12/site-packages/pgvector/django/sparsevec.py
100644 blob 42970c6358101b5ec9284058601fa5e471cbf0e8    1889	batch4-backend/venv/lib/python3.12/site-packages/pgvector/django/vector.py
100644 blob 1a2c8c7620860469be903821594a77880e516ec1    3409	batch4-backend/venv/lib/python3.12/site-packages/pgvector/halfvec.py
100644 blob f557517476e566051cd5c2e2b74b6dc7d756b8f0     243	batch4-backend/venv/lib/python3.12/site-packages/pgvector/peewee/__init__.py
100644 blob fcc7d8f9137baaf7031625a0afb120ceaa680db2     756	batch4-backend/venv/lib/python3.12/site-packages/pgvector/peewee/bit.py
100644 blob 5e1e92cdccfe934c3e82d141be6862d6fadaeb81    1195	batch4-backend/venv/lib/python3.12/site-packages/pgvector/peewee/halfvec.py
100644 blob dd83644a7b6caa36f8f019ad7140eec7f130e991    1206	batch4-backend/venv/lib/python3.12/site-packages/pgvector/peewee/sparsevec.py
100644 blob a28b6b545a3baae18047658b49ea5f2503544ba9    1178	batch4-backend/venv/lib/python3.12/site-packages/pgvector/peewee/vector.py
100644 blob b3b4440e3b58fd69398f58bfc42fada996448ec4      75	batch4-backend/venv/lib/python3.12/site-packages/pgvector/pg8000/__init__.py
100644 blob f3978d7a61e3e34110ddbd3db51a1456a3969fdd    1166	batch4-backend/venv/lib/python3.12/site-packages/pgvector/pg8000/register.py
100644 blob 8922edab63d788d972255ae655878c44ae5f6c12     128	batch4-backend/venv/lib/python3.12/site-packages/pgvector/psycopg/__init__.py
100644 blob f89949746fb0bc3b4b823233641a670221d69f82     941	batch4-backend/venv/lib/python3.12/site-packages/pgvector/psycopg/bit.py
100644 blob 9ed0453d8e2f4ac731209cecbaefc484ec610f6f    1532	batch4-backend/venv/lib/python3.12/site-packages/pgvector/psycopg/halfvec.py
100644 blob ed95042ae7a329706b652af7431a790742a5edd4    1239	batch4-backend/venv/lib/python3.12/site-packages/pgvector/psycopg/register.py
100644 blob 57fd19a1eef497916b5a6c02734ad910f2d3ae55    1572	batch4-backend/venv/lib/python3.12/site-packages/pgvector/psycopg/sparsevec.py
100644 blob 7ef16b0fffe1fa6549a6cc1bbd16fea19c44e48a    1922	batch4-backend/venv/lib/python3.12/site-packages/pgvector/psycopg/vector.py
100644 blob b3b4440e3b58fd69398f58bfc42fada996448ec4      75	batch4-backend/venv/lib/python3.12/site-packages/pgvector/psycopg2/__init__.py
100644 blob e1be33048d89d53358fed958823d1f6a244bfe94     993	batch4-backend/venv/lib/python3.12/site-packages/pgvector/psycopg2/halfvec.py
100644 blob 2a5af49198a79f104eb5fc3b829ac417f673124d    1340	batch4-backend/venv/lib/python3.12/site-packages/pgvector/psycopg2/register.py
100644 blob 47dbc66a4cd25e576e0d6e6a0e5dc83ddfae6351    1027	batch4-backend/venv/lib/python3.12/site-packages/pgvector/psycopg2/sparsevec.py
100644 blob 7d37648c2ad042fae96aa00803ce37cd8383ceaa    1237	batch4-backend/venv/lib/python3.12/site-packages/pgvector/psycopg2/vector.py
100644 blob e69de29bb2d1d6434b8b29ae775ad8c2e48c5391       0	batch4-backend/venv/lib/python3.12/site-packages/pgvector/py.typed
100644 blob 3631f7840ed87ed435d6673471513602c744b1c5    5851	batch4-backend/venv/lib/python3.12/site-packages/pgvector/sparsevec.py
100644 blob 593876f329b832a924b1e6fa1083dfcb93360e4a     286	batch4-backend/venv/lib/python3.12/site-packages/pgvector/sqlalchemy/__init__.py
100644 blob 7c861ef6c4eed65fa52d263d49ec7a34b2c501cb     857	batch4-backend/venv/lib/python3.12/site-packages/pgvector/sqlalchemy/bit.py
100644 blob ca4cae9638f94f02b87db312909e96294789a71e     300	batch4-backend/venv/lib/python3.12/site-packages/pgvector/sqlalchemy/functions.py
100644 blob 9d717c3c454416dd5bdd0b6f36f74cdb12df14cc    1876	batch4-backend/venv/lib/python3.12/site-packages/pgvector/sqlalchemy/halfvec.py
100644 blob 9bd14781c7714cdfec823d052a9f8e4d81bef327    1895	batch4-backend/venv/lib/python3.12/site-packages/pgvector/sqlalchemy/sparsevec.py
100644 blob 83acb09d6c3a9b59a4848bf5c502b25d9c003758    1855	batch4-backend/venv/lib/python3.12/site-packages/pgvector/sqlalchemy/vector.py
100644 blob d357113438dd89bd9d986d4efbb73e87759500c4    3233	batch4-backend/venv/lib/python3.12/site-packages/pgvector/vector.py
100644 blob 0e6354892d82871ea2900c002d763496b0a9474f   10388	batch4-backend/venv/lib/python3.12/site-packages/pip-24.0.dist-info/AUTHORS.txt
100644 blob a1b589e38a32041e49332e5e81c2d363dc418d68       4	batch4-backend/venv/lib/python3.12/site-packages/pip-24.0.dist-info/INSTALLER
100644 blob 8e7b65eaf628360e6f32f4140fcdd7ec7c2b7077    1093	batch4-backend/venv/lib/python3.12/site-packages/pip-24.0.dist-info/LICENSE.txt
100644 blob e5b45bdd68f8e6310663b6782665b50818fff579    3581	batch4-backend/venv/lib/python3.12/site-packages/pip-24.0.dist-info/METADATA
100644 blob 623c45d4f49ece2cd9dba7fdad44076a1e175796   77316	batch4-backend/venv/lib/python3.12/site-packages/pip-24.0.dist-info/RECORD
100644 blob e69de29bb2d1d6434b8b29ae775ad8c2e48c5391       0	batch4-backend/venv/lib/python3.12/site-packages/pip-24.0.dist-info/REQUESTED
100644 blob 98c0d20b7a64f4f998d7913e1d38a05dba20916c      92	batch4-backend/venv/lib/python3.12/site-packages/pip-24.0.dist-info/WHEEL
100644 blob 26fa36169795d305ba06bf1175a440ba8a0c8aba     125	batch4-backend/venv/lib/python3.12/site-packages/pip-24.0.dist-info/entry_points.txt
100644 blob a1b589e38a32041e49332e5e81c2d363dc418d68       4	batch4-backend/venv/lib/python3.12/site-packages/pip-24.0.dist-info/top_level.txt
100644 blob be0e3edbc4b9c4d92c871da262067533cd7fafc6     355	batch4-backend/venv/lib/python3.12/site-packages/pip/__init__.py
100644 blob 5991326115fe5026470165b387ba2bc78bceb006     854	batch4-backend/venv/lib/python3.12/site-packages/pip/__main__.py
100644 blob 49a148a097e9cc06c165571e0bffaf7cae17dc5b    1444	batch4-backend/venv/lib/python3.12/site-packages/pip/__pip-runner__.py
100644 blob 96c6b88c112038356a91c89273e38e24344b0aed     515	batch4-backend/venv/lib/python3.12/site-packages/pip/_internal/__init__.py
100644 blob 4f704a3547da02f913d6cfdbd4e0ed77c81caabe   10243	batch4-backend/venv/lib/python3.12/site-packages/pip/_internal/build_env.py
100644 blob f45ac23e95a3f990118fc20872a3f2aef3f767ad   10370	batch4-backend/venv/lib/python3.12/site-packages/pip/_internal/cache.py
100644 blob e589bb917e23823e25f9fff7e0849c4d6d4a62bc     132	batch4-backend/venv/lib/python3.12/site-packages/pip/_internal/cli/__init__.py
100644 blob e5950b90696de718c044a71c6dc3cb7f7138ec64    6690	batch4-backend/venv/lib/python3.12/site-packages/pip/_internal/cli/autocompletion.py
100644 blob db9d5cc6624c6797e4a383fe0e97c0a6dc07d670    8733	batch4-backend/venv/lib/python3.12/site-packages/pip/_internal/cli/base_command.py
100644 blob d6432560ecc7c05ba60b768aae6ba3698e0836f7   30063	batch4-backend/venv/lib/python3.12/site-packages/pip/_internal/cli/cmdoptions.py
100644 blob 139995ac3f109a82664e4913f7ebc32ecf7617e1     774	batch4-backend/venv/lib/python3.12/site-packages/pip/_internal/cli/command_context.py
100644 blob 7e061f5b39081f39e9f4fa2a0e88aec0e0a3da79    2816	batch4-backend/venv/lib/python3.12/site-packages/pip/_internal/cli/main.py
100644 blob 5ade356b9c2f3e375bf598635627870f248c0cc3    4338	batch4-backend/venv/lib/python3.12/site-packages/pip/_internal/cli/main_parser.py
100644 blob ae554b24cae55e6eefc43483ea75039daadaf7b3   10781	batch4-backend/venv/lib/python3.12/site-packages/pip/_internal/cli/parser.py
100644 blob 0ad14031ca50c2c348dc0daa8fe7b38af532c0f5    1968	batch4-backend/venv/lib/python3.12/site-packages/pip/_internal/cli/progress_bars.py
100644 blob 6f2f79c6b3f50f6bf5626df6418d733612776d46   18369	batch4-backend/venv/lib/python3.12/site-packages/pip/_internal/cli/req_command.py
100644 blob cf2b976f377c2656afb3d84add8d30b0fc280c03    5118	batch4-backend/venv/lib/python3.12/site-packages/pip/_internal/cli/spinners.py
100644 blob 5e29502cddfa9a9887a93399ab4193fb75dfe605     116	batch4-backend/venv/lib/python3.12/site-packages/pip/_internal/cli/status_codes.py
100644 blob 858a41014169b8f0eb1b905fa3bb69c753a1bda5    3882	batch4-backend/venv/lib/python3.12/site-packages/pip/_internal/commands/__init__.py
100644 blob 328336152cc665d02af99c588d2ad937c5800877    7944	batch4-backend/venv/lib/python3.12/site-packages/pip/_internal/commands/cache.py
100644 blob 5efd0a3416041e3afdf32a2d346db01d99e8f7d9    1782	batch4-backend/venv/lib/python3.12/site-packages/pip/_internal/commands/check.py
100644 blob 9e89e27988368821f6936cd1e94ac9395ca0312d    4287	batch4-backend/venv/lib/python3.12/site-packages/pip/_internal/commands/completion.py
100644 blob 1a1dc6b6cd841dc2a9f5666fb34d8120e612346e    9766	batch4-backend/venv/lib/python3.12/site-packages/pip/_internal/commands/configuration.py
100644 blob 7e5271c98867018e42c44504c9fef5ae3aa26d8a    6777	batch4-backend/venv/lib/python3.12/site-packages/pip/_internal/commands/debug.py
100644 blob 54247a78a654187206cd17a403913c6257ffcc7d    5335	batch4-backend/venv/lib/python3.12/site-packages/pip/_internal/commands/download.py
100644 blob e64cb3d4cefbce7078345798213b566c0cd7f9fc    3243	batch4-backend/venv/lib/python3.12/site-packages/pip/_internal/commands/freeze.py
100644 blob 042dac813e74b8187c3754cb9a937c7f7183e331    1703	batch4-backend/venv/lib/python3.12/site-packages/pip/_internal/commands/hash.py
100644 blob 62066318b74dcc5c32bcd24b9493fb34d1ce52d7    1132	batch4-backend/venv/lib/python3.12/site-packages/pip/_internal/commands/help.py
100644 blob f55e9e49974743e3c401672aae432cd2ff351354    4775	batch4-backend/venv/lib/python3.12/site-packages/pip/_internal/commands/index.py
100644 blob 27c8fa3d5b6999c77dad7aece312a5d6cf12ab48    3188	batch4-backend/venv/lib/python3.12/site-packages/pip/_internal/commands/inspect.py
100644 blob e944bb95a50801321695e03bd57d4d939bfe303b   28782	batch4-backend/venv/lib/python3.12/site-packages/pip/_internal/commands/install.py
100644 blob 32fb19b2b50d7be25b885f6083445e58d24d607c   12547	batch4-backend/venv/lib/python3.12/site-packages/pip/_internal/commands/list.py
100644 blob 03ed925b246dd551ec2ef45095ed6cad00fd2745    5697	batch4-backend/venv/lib/python3.12/site-packages/pip/_internal/commands/search.py
100644 blob 3f10701f6b28c72b62c9904fec37b96bdd199dcc    6419	batch4-backend/venv/lib/python3.12/site-packages/pip/_internal/commands/show.py
100644 blob f198fc313ff57929d95d36216e3e6ecec3877673    3886	batch4-backend/venv/lib/python3.12/site-packages/pip/_internal/commands/uninstall.py
100644 blob ed578aa2500d8917d5d3ed1249526b48ad7ee996    6476	batch4-backend/venv/lib/python3.12/site-packages/pip/_internal/commands/wheel.py
100644 blob c25273d5f0be0c2a95948853cd3442d14ea954b6   14006	batch4-backend/venv/lib/python3.12/site-packages/pip/_internal/configuration.py
100644 blob 9a89a838b9a5cb264e9ae9d269fbedca6e2d6333     858	batch4-backend/venv/lib/python3.12/site-packages/pip/_internal/distributions/__init__.py
100644 blob 6fb0d7b7772885fcaf0dcd92e44dc7164c51dacc    1743	batch4-backend/venv/lib/python3.12/site-packages/pip/_internal/distributions/base.py
100644 blob ab8d53be7408626719c27aa29fdc2e143b7c380a     842	batch4-backend/venv/lib/python3.12/site-packages/pip/_internal/distributions/installed.py
100644 blob 15ff42b7b15a6939a70bbee4ffcf0c0f4c1162d0    6709	batch4-backend/venv/lib/python3.12/site-packages/pip/_internal/distributions/sdist.py
100644 blob eb16e25cbccc55533e7f612bd95255be2e83e117    1277	batch4-backend/venv/lib/python3.12/site-packages/pip/_internal/distributions/wheel.py
100644 blob 5007a622d82763c3df8e43831b6e1ce416555157   23634	batch4-backend/venv/lib/python3.12/site-packages/pip/_internal/exceptions.py
100644 blob 7a17b7b3b6ad49157ee41f3da304fec3d32342d3      30	batch4-backend/venv/lib/python3.12/site-packages/pip/_internal/index/__init__.py
100644 blob 08c8bddcb6987f992ac4c3ea85cc24ad7d1a3324   16590	batch4-backend/venv/lib/python3.12/site-packages/pip/_internal/index/collector.py
100644 blob ec9ebc36718e2c62d8ebf4d5889cae166680e8c5   37843	batch4-backend/venv/lib/python3.12/site-packages/pip/_internal/index/package_finder.py
100644 blob f4626d71ab4214c3c88e8e3922133cde68ca8424    8688	batch4-backend/venv/lib/python3.12/site-packages/pip/_internal/index/sources.py
100644 blob d54bc63eba364bda3f869a0f3b1863b872f9682a   15365	batch4-backend/venv/lib/python3.12/site-packages/pip/_internal/locations/__init__.py
100644 blob 0e18c6e1e14a2d30e411c62911deac13e883c4ee    6009	batch4-backend/venv/lib/python3.12/site-packages/pip/_internal/locations/_distutils.py
100644 blob 97aef1f1ac237e6ef97b1a1d026818d7b8ab9be9    7680	batch4-backend/venv/lib/python3.12/site-packages/pip/_internal/locations/_sysconfig.py
100644 blob 3f9f896e632e929a63e9724ab80ecdfc9761b795    2556	batch4-backend/venv/lib/python3.12/site-packages/pip/_internal/locations/base.py
100644 blob 33c6d24cd85b55a9fb1b1e6ab784f471e2b135f0     340	batch4-backend/venv/lib/python3.12/site-packages/pip/_internal/main.py
100644 blob aa232b6cabdbfc835d76a77ea26250a8b7ef0783    4339	batch4-backend/venv/lib/python3.12/site-packages/pip/_internal/metadata/__init__.py
100644 blob 27362fc726c16be2a03bc4fb583b2aed66ca37fb    2627	batch4-backend/venv/lib/python3.12/site-packages/pip/_internal/metadata/_json.py
100644 blob 924912441087cf33a17a15369b5ab4a9614cdd13   25907	batch4-backend/venv/lib/python3.12/site-packages/pip/_internal/metadata/base.py
100644 blob a779138db1040d3903c2bb66ecb2f52a46879dae     135	batch4-backend/venv/lib/python3.12/site-packages/pip/_internal/metadata/importlib/__init__.py
100644 blob 593bff23edecd3c517c96e119ee777bd4ee1d9d0    1882	batch4-backend/venv/lib/python3.12/site-packages/pip/_internal/metadata/importlib/_compat.py
100644 blob 26370facf288a7725386b4998385b094ded9e89f    8297	batch4-backend/venv/lib/python3.12/site-packages/pip/_internal/metadata/importlib/_dists.py
100644 blob 048dc55dcb23e81932fc77c094a59b5886d4a9a7    7456	batch4-backend/venv/lib/python3.12/site-packages/pip/_internal/metadata/importlib/_envs.py
100644 blob bb11e5bd8a5c88773b283e1f78d7ac382ef087dd   10035	batch4-backend/venv/lib/python3.12/site-packages/pip/_internal/metadata/pkg_resources.py
100644 blob 7855226e4b500142deef8fb247cd33a9a991d122      63	batch4-backend/venv/lib/python3.12/site-packages/pip/_internal/models/__init__.py
100644 blob 9184a902aef07201dae1e3db2f17c9d480cc8103     931	batch4-backend/venv/lib/python3.12/site-packages/pip/_internal/models/candidate.py
100644 blob 0af884bd8e38ddaf9ab0ce1af4749ff549c8e9da    6889	batch4-backend/venv/lib/python3.12/site-packages/pip/_internal/models/direct_url.py
100644 blob ccd11272c030c2d067e1bb6d90fc744c7379a923    2486	batch4-backend/venv/lib/python3.12/site-packages/pip/_internal/models/format_control.py
100644 blob b94c32511f0cda2363bfc4f29c9c8bfcc7101f9b    1030	batch4-backend/venv/lib/python3.12/site-packages/pip/_internal/models/index.py
100644 blob b9c6330df32bd2b57c885156cb7f8c0c8c3e3741    2818	batch4-backend/venv/lib/python3.12/site-packages/pip/_internal/models/installation_report.py
100644 blob 73041b864c33def0f5d11a5b761c222cbbc62821   20777	batch4-backend/venv/lib/python3.12/site-packages/pip/_internal/models/link.py
100644 blob f51190ac60354d90eb2aef4b04c484f8517275c2     738	batch4-backend/venv/lib/python3.12/site-packages/pip/_internal/models/scheme.py
100644 blob fe61e8116b71e073351939ed7a499ee752398f1c    4643	batch4-backend/venv/lib/python3.12/site-packages/pip/_internal/models/search_scope.py
100644 blob 977bc4caa75c1e76156fa97e2841a01332f6fa47    1907	batch4-backend/venv/lib/python3.12/site-packages/pip/_internal/models/selection_prefs.py
100644 blob 67ea5da73a50919aad759cec2016f407457a0f79    4272	batch4-backend/venv/lib/python3.12/site-packages/pip/_internal/models/target_python.py
100644 blob a5dc12bdd63163c86f87ce4b5430cdb16d73769d    3600	batch4-backend/venv/lib/python3.12/site-packages/pip/_internal/models/wheel.py
100644 blob b51bde91b2e5b4e557ed9b70fc113843cc3d49ae      50	batch4-backend/venv/lib/python3.12/site-packages/pip/_internal/network/__init__.py
100644 blob 94a82fa6618270d3a16f521a0fcf710a15a8aebc   20541	batch4-backend/venv/lib/python3.12/site-packages/pip/_internal/network/auth.py
100644 blob 4d0fb545dc2b3c8865a6b57b12f0de92bd22dccf    3935	batch4-backend/venv/lib/python3.12/site-packages/pip/_internal/network/cache.py
100644 blob d1d43541e6b2f17131343e46eed04e88cb161152    6086	batch4-backend/venv/lib/python3.12/site-packages/pip/_internal/network/download.py
100644 blob 82ec50d5106ff0ac41dd1c03c2a789dbc468c401    7638	batch4-backend/venv/lib/python3.12/site-packages/pip/_internal/network/lazy_wheel.py
100644 blob f17efc52992e0a097a8174e3925f6d181e8fc88d   18698	batch4-backend/venv/lib/python3.12/site-packages/pip/_internal/network/session.py
100644 blob 134848ae526e54e2b18738f83088c4a17efcce96    4073	batch4-backend/venv/lib/python3.12/site-packages/pip/_internal/network/utils.py
100644 blob 22ec8d2f4a6b276aedf2249d50ff10a21922513c    1838	batch4-backend/venv/lib/python3.12/site-packages/pip/_internal/network/xmlrpc.py
100644 blob e69de29bb2d1d6434b8b29ae775ad8c2e48c5391       0	batch4-backend/venv/lib/python3.12/site-packages/pip/_internal/operations/__init__.py
100644 blob e69de29bb2d1d6434b8b29ae775ad8c2e48c5391       0	batch4-backend/venv/lib/python3.12/site-packages/pip/_internal/operations/build/__init__.py
100644 blob 37919322b00d820bc3fbb22280da10918e7e8d30    4832	batch4-backend/venv/lib/python3.12/site-packages/pip/_internal/operations/build/build_tracker.py
100644 blob c66ac354deb035405fe0e4040dac539d28570257    1422	batch4-backend/venv/lib/python3.12/site-packages/pip/_internal/operations/build/metadata.py
100644 blob 27c69f0d1eaf3e223d599e91f969d52a821426fe    1474	batch4-backend/venv/lib/python3.12/site-packages/pip/_internal/operations/build/metadata_editable.py
100644 blob e60988d643e007801f79e8718354e7d00c7acf18    2198	batch4-backend/venv/lib/python3.12/site-packages/pip/_internal/operations/build/metadata_legacy.py
100644 blob 064811ad11bb07b2b7bc8e30ec6c03f21997d6b2    1075	batch4-backend/venv/lib/python3.12/site-packages/pip/_internal/operations/build/wheel.py
100644 blob 719d69dd801b78b360c6c2234080eee638b8de82    1417	batch4-backend/venv/lib/python3.12/site-packages/pip/_internal/operations/build/wheel_editable.py
100644 blob c5f0492ccbe9c727c835c12c84a1d8340366fa1e    3064	batch4-backend/venv/lib/python3.12/site-packages/pip/_internal/operations/build/wheel_legacy.py
100644 blob 90c6a58a55e7afadf9b0520cf31d5a1c11b74004    6806	batch4-backend/venv/lib/python3.12/site-packages/pip/_internal/operations/check.py
100644 blob 354456845141eba23dce26482aa6d4196f4804de    9816	batch4-backend/venv/lib/python3.12/site-packages/pip/_internal/operations/freeze.py
100644 blob 24d6a5dd31fe33b03f90ed0f9ee465253686900c      51	batch4-backend/venv/lib/python3.12/site-packages/pip/_internal/operations/install/__init__.py
100644 blob bebe24e6d3ac321523e0442d28b77b6e6df85970    1282	batch4-backend/venv/lib/python3.12/site-packages/pip/_internal/operations/install/editable_legacy.py
100644 blob f67180c9e65e43d5b37be3ef91f0ef1e8201542e   27311	batch4-backend/venv/lib/python3.12/site-packages/pip/_internal/operations/install/wheel.py
100644 blob 956717d1e526535de07d63066014e7444564acf4   28128	batch4-backend/venv/lib/python3.12/site-packages/pip/_internal/operations/prepare.py
100644 blob 8de36b873eda1737cbdb7cbc6e1137d2f5441d82    7152	batch4-backend/venv/lib/python3.12/site-packages/pip/_internal/pyproject.py
100644 blob 16de903a44cbfdf2f4dc40ee581059155fa1a9b3    2738	batch4-backend/venv/lib/python3.12/site-packages/pip/_internal/req/__init__.py
100644 blob 7e2d0e5b87962a9aace7dd3d15aef34eb349f085   19018	batch4-backend/venv/lib/python3.12/site-packages/pip/_internal/req/constructors.py
100644 blob 1ef3d5ef6e7dcd5eb2a535e823bd32471d7d8f3d   17790	batch4-backend/venv/lib/python3.12/site-packages/pip/_internal/req/req_file.py
100644 blob a65611c320b9cf590b7e783fb1e4645eea881141   35460	batch4-backend/venv/lib/python3.12/site-packages/pip/_internal/req/req_install.py
100644 blob bf36114e802ac4ae52d67779e0455b935d5593cc    4704	batch4-backend/venv/lib/python3.12/site-packages/pip/_internal/req/req_set.py
100644 blob 707fde1b2b99b3a15c93a9140c58dba14357d56b   24551	batch4-backend/venv/lib/python3.12/site-packages/pip/_internal/req/req_uninstall.py
100644 blob e69de29bb2d1d6434b8b29ae775ad8c2e48c5391       0	batch4-backend/venv/lib/python3.12/site-packages/pip/_internal/resolution/__init__.py
100644 blob 42dade18c1ec2b825f756dad4aaa89f2d9e6ce21     583	batch4-backend/venv/lib/python3.12/site-packages/pip/_internal/resolution/base.py
100644 blob e69de29bb2d1d6434b8b29ae775ad8c2e48c5391       0	batch4-backend/venv/lib/python3.12/site-packages/pip/_internal/resolution/legacy/__init__.py
100644 blob 5ddb848a9bce53cbe81c08d5aee06057294b9fd8   24025	batch4-backend/venv/lib/python3.12/site-packages/pip/_internal/resolution/legacy/resolver.py
100644 blob e69de29bb2d1d6434b8b29ae775ad8c2e48c5391       0	batch4-backend/venv/lib/python3.12/site-packages/pip/_internal/resolution/resolvelib/__init__.py
100644 blob 9c0ef5ca7b957e0fb9f15ce7d2bf3a5f1bff10bc    5173	batch4-backend/venv/lib/python3.12/site-packages/pip/_internal/resolution/resolvelib/base.py
100644 blob 4125cda2b7c1832e35f749b57997390469e6545b   21052	batch4-backend/venv/lib/python3.12/site-packages/pip/_internal/resolution/resolvelib/candidates.py
100644 blob 4adeb4309ce42ee0f6c428ae6cde11bde4a2e0d1   32292	batch4-backend/venv/lib/python3.12/site-packages/pip/_internal/resolution/resolvelib/factory.py
100644 blob 8663097b447cdd80c52e2b2abde33a4736ddb9c2    5705	batch4-backend/venv/lib/python3.12/site-packages/pip/_internal/resolution/resolvelib/found_candidates.py
100644 blob 315fb9c8902c5e3f4dd8419ccdf7d85c6718096e    9824	batch4-backend/venv/lib/python3.12/site-packages/pip/_internal/resolution/resolvelib/provider.py
100644 blob 12adeff7b6eacafc9c8c655c8f6633622b646992    3100	batch4-backend/venv/lib/python3.12/site-packages/pip/_internal/resolution/resolvelib/reporter.py
100644 blob 4af4a9f25a612e439733d16e7c5735fcb2609de1    5696	batch4-backend/venv/lib/python3.12/site-packages/pip/_internal/resolution/resolvelib/requirements.py
100644 blob c12beef0b2a4344a4e0daca2540bbfd0c58ce777   12592	batch4-backend/venv/lib/python3.12/site-packages/pip/_internal/resolution/resolvelib/resolver.py
100644 blob 0f64ae0e61469213fafa03c8dbb71afcf1ba4832    8378	batch4-backend/venv/lib/python3.12/site-packages/pip/_internal/self_outdated_check.py
100644 blob e69de29bb2d1d6434b8b29ae775ad8c2e48c5391       0	batch4-backend/venv/lib/python3.12/site-packages/pip/_internal/utils/__init__.py
100644 blob e06947c051a7d2273260343eab37d9437f91e781    3351	batch4-backend/venv/lib/python3.12/site-packages/pip/_internal/utils/_jaraco_text.py
100644 blob 92c4c6a193873ce09629f6cfaa2dabc4f14ecb03    1015	batch4-backend/venv/lib/python3.12/site-packages/pip/_internal/utils/_log.py
100644 blob 16933bf8afedcbe3e9d4fcc04e5f7246228c56fc    1665	batch4-backend/venv/lib/python3.12/site-packages/pip/_internal/utils/appdirs.py
100644 blob 3f4d300cef077e698989245562375a9444d983fa    1884	batch4-backend/venv/lib/python3.12/site-packages/pip/_internal/utils/compat.py
100644 blob b6ed9a78e552806cb23d8ac48ada6d41db5b4de5    5377	batch4-backend/venv/lib/python3.12/site-packages/pip/_internal/utils/compatibility_tags.py
100644 blob 8668b3b0ec1deec2aeb7ff6bd94265d6705e05bf     242	batch4-backend/venv/lib/python3.12/site-packages/pip/_internal/utils/datetime.py
100644 blob 72bd6f25a554b303d0bf5028145cf3a5c71b3e06    3627	batch4-backend/venv/lib/python3.12/site-packages/pip/_internal/utils/deprecation.py
100644 blob 0e8e5e1608b911e789a3d346ebe48aa7cc54b79e    3206	batch4-backend/venv/lib/python3.12/site-packages/pip/_internal/utils/direct_url_helpers.py
100644 blob 4a384a63682ce53cafcf889551b13b9177a14e44    2463	batch4-backend/venv/lib/python3.12/site-packages/pip/_internal/utils/egg_link.py
100644 blob 008f06a79bf598b149bdccb73e572d13331a1631    1169	batch4-backend/venv/lib/python3.12/site-packages/pip/_internal/utils/encoding.py
100644 blob 150136938548af6aa5ae1f716b330d0eb2d3e013    3064	batch4-backend/venv/lib/python3.12/site-packages/pip/_internal/utils/entrypoints.py
100644 blob 83c2df75b963e5866b63aaf0f4446a8ca61aebce    5122	batch4-backend/venv/lib/python3.12/site-packages/pip/_internal/utils/filesystem.py
100644 blob 5948570178f3e6e79d1ff574241d09d4d8ed78de     716	batch4-backend/venv/lib/python3.12/site-packages/pip/_internal/utils/filetypes.py
100644 blob 81342afa447746dbb8f060da2d454c0175f12e30    3113	batch4-backend/venv/lib/python3.12/site-packages/pip/_internal/utils/glibc.py
100644 blob 843cffc6b3ddd6eb01483bcf1b5c33c717e027b6    5118	batch4-backend/venv/lib/python3.12/site-packages/pip/_internal/utils/hashes.py
100644 blob 95982dfb6918cec1e233207781c0c7bdd589ccda   11603	batch4-backend/venv/lib/python3.12/site-packages/pip/_internal/utils/logging.py
100644 blob 1ad3f6162a2ea39ae658faa96f6c4c701931c796   23623	batch4-backend/venv/lib/python3.12/site-packages/pip/_internal/utils/misc.py
100644 blob b6bb21a8b26680b38c3af8278ed139b6628356c5    1193	batch4-backend/venv/lib/python3.12/site-packages/pip/_internal/utils/models.py
100644 blob b9f6af4d17410ce7e1d573c41a1f04dd18ae275e    2108	batch4-backend/venv/lib/python3.12/site-packages/pip/_internal/utils/packaging.py
100644 blob 96d1b2460670e20ac92a5ade7a74b7ab1cba71d8    4435	batch4-backend/venv/lib/python3.12/site-packages/pip/_internal/utils/setuptools_build.py
100644 blob 79580b05320c1d92b1b15cbee8cad6cc64c77c52    9207	batch4-backend/venv/lib/python3.12/site-packages/pip/_internal/utils/subprocess.py
100644 blob 4eec5f37f76055097db7eaff95731c022362cd7f    9312	batch4-backend/venv/lib/python3.12/site-packages/pip/_internal/utils/temp_dir.py
100644 blob 78b5c13ced3d0a429b6d292e2b0b985d50909942    8821	batch4-backend/venv/lib/python3.12/site-packages/pip/_internal/utils/unpacking.py
100644 blob 6ba2e04f350792e2c0021cf7ba7f40b25dc6cd51    1759	batch4-backend/venv/lib/python3.12/site-packages/pip/_internal/utils/urls.py
100644 blob 882e36f5c1de19a8200000c216cf80119b37c96d    3456	batch4-backend/venv/lib/python3.12/site-packages/pip/_internal/utils/virtualenv.py
100644 blob 3551f8f19bc21f92b4cda4fddbe012bc07daab2c    4499	batch4-backend/venv/lib/python3.12/site-packages/pip/_internal/utils/wheel.py
100644 blob b6beddbe6d24d2949dc89ed07abfebd59d8b63b9     596	batch4-backend/venv/lib/python3.12/site-packages/pip/_internal/vcs/__init__.py
100644 blob 20a17ed09272a09a5b3c0bfbd0e6c43f78db4c1e    3519	batch4-backend/venv/lib/python3.12/site-packages/pip/_internal/vcs/bazaar.py
100644 blob 8c242cf89565401eda7a863b2e2829a3b4745d36   18121	batch4-backend/venv/lib/python3.12/site-packages/pip/_internal/vcs/git.py
100644 blob c183d41d09cf0752d99b74650427b2597f07d3b9    5249	batch4-backend/venv/lib/python3.12/site-packages/pip/_internal/vcs/mercurial.py
100644 blob 16d93a67b7b6feed66f2cc432f6250ca3ad34914   11729	batch4-backend/venv/lib/python3.12/site-packages/pip/_internal/vcs/subversion.py
100644 blob 46ca2799b769984bed716dc15fa8336dcc86d510   22787	batch4-backend/venv/lib/python3.12/site-packages/pip/_internal/vcs/versioncontrol.py
100644 blob b1debe3496cfc4129b6a702f957582d1888b270e   11801	batch4-backend/venv/lib/python3.12/site-packages/pip/_internal/wheel_builder.py
100644 blob c1884baf3d1287dfa62a5d7a2ecb51fd68ad5f21    4993	batch4-backend/venv/lib/python3.12/site-packages/pip/_vendor/__init__.py
100644 blob 4d20bc9b12a7f37da07caf21cebc4647e5481afb     676	batch4-backend/venv/lib/python3.12/site-packages/pip/_vendor/cachecontrol/__init__.py
100644 blob 2c84208a5d87511cc4a63dcd9c647ac75c6f4475    1737	batch4-backend/venv/lib/python3.12/site-packages/pip/_vendor/cachecontrol/_cmd.py
100644 blob 3e83e308dbad29c1401ed9220ba39c15a714f2bc    6392	batch4-backend/venv/lib/python3.12/site-packages/pip/_vendor/cachecontrol/adapter.py
100644 blob 3293b0057c789e4bfeafb926cb9647f280ce309e    1952	batch4-backend/venv/lib/python3.12/site-packages/pip/_vendor/cachecontrol/cache.py
100644 blob 24ff469ff98baf5a4457ba6a34330be310058cb4     303	batch4-backend/venv/lib/python3.12/site-packages/pip/_vendor/cachecontrol/caches/__init__.py
100644 blob 1fd2801308446ce83a31617c5fd40af21e1291d6    5352	batch4-backend/venv/lib/python3.12/site-packages/pip/_vendor/cachecontrol/caches/file_cache.py
100644 blob f4f68c47bf6e82b3faea0bd558852585f5f50a81    1386	batch4-backend/venv/lib/python3.12/site-packages/pip/_vendor/cachecontrol/caches/redis_cache.py
100644 blob 586b9f97b80d577c6ec6c1b44eaa28501b9ddb40   18384	batch4-backend/venv/lib/python3.12/site-packages/pip/_vendor/cachecontrol/controller.py
100644 blob 25143902a26b6c335c34a8304ba780ac15fb6704    4292	batch4-backend/venv/lib/python3.12/site-packages/pip/_vendor/cachecontrol/filewrapper.py
100644 blob b9d72ca4ac598759ba83d5bf462146b43bdbf599    4828	batch4-backend/venv/lib/python3.12/site-packages/pip/_vendor/cachecontrol/heuristics.py
100644 blob f9e967c3c34788deba82540d787b2728775791ec    7173	batch4-backend/venv/lib/python3.12/site-packages/pip/_vendor/cachecontrol/serialize.py
100644 blob f618bc363f12fb416b048e2a86cbddb6082874d6    1417	batch4-backend/venv/lib/python3.12/site-packages/pip/_vendor/cachecontrol/wrapper.py
100644 blob 8ce89cef706adc0d08fc4de5625a495e4003798e      94	batch4-backend/venv/lib/python3.12/site-packages/pip/_vendor/certifi/__init__.py
100644 blob 00376349e69ad8b9dbf401cddc34055951e4b02e     255	batch4-backend/venv/lib/python3.12/site-packages/pip/_vendor/certifi/__main__.py
100644 blob 02123695d01e8b7776994129cff8b99f0dd85fcc  281617	batch4-backend/venv/lib/python3.12/site-packages/pip/_vendor/certifi/cacert.pem
100644 blob 5c67600bedc5fee5c1e01dc8c92bafb4005ab0fa    4531	batch4-backend/venv/lib/python3.12/site-packages/pip/_vendor/certifi/core.py
100644 blob fe581623d89d67a49eb43f3c3e88f3f450257707    4797	batch4-backend/venv/lib/python3.12/site-packages/pip/_vendor/chardet/__init__.py
100644 blob 87d9f972edde20d1f8e391b8010703242a8de977   31274	batch4-backend/venv/lib/python3.12/site-packages/pip/_vendor/chardet/big5freq.py
100644 blob ef09c60e327a0122e32f95f2f10a826a033c573c    1763	batch4-backend/venv/lib/python3.12/site-packages/pip/_vendor/chardet/big5prober.py
100644 blob 176cb996408e6681a88722783919efc0e9dafb29   10032	batch4-backend/venv/lib/python3.12/site-packages/pip/_vendor/chardet/chardistribution.py
100644 blob 6def56b4a75f67000ed8181ae2d2c40eefb645fb    3915	batch4-backend/venv/lib/python3.12/site-packages/pip/_vendor/chardet/charsetgroupprober.py
100644 blob a103ca11356606402c03b320a4fcdb8635051623    5420	batch4-backend/venv/lib/python3.12/site-packages/pip/_vendor/chardet/charsetprober.py
100644 blob e69de29bb2d1d6434b8b29ae775ad8c2e48c5391       0	batch4-backend/venv/lib/python3.12/site-packages/pip/_vendor/chardet/cli/__init__.py
100644 blob 43f6e144f677a113b5362dcbdfb75db4f41c2b2f    3242	batch4-backend/venv/lib/python3.12/site-packages/pip/_vendor/chardet/cli/chardetect.py
100644 blob 8ed4a8773b8404c2705aa8728e5fd692362ba168    3732	batch4-backend/venv/lib/python3.12/site-packages/pip/_vendor/chardet/codingstatemachine.py
100644 blob 7a3c4c7e3fe16e91225a87cbc58b8bbd798f9cc1     542	batch4-backend/venv/lib/python3.12/site-packages/pip/_vendor/chardet/codingstatemachinedict.py
100644 blob fa7307ed8985ad7e318660da0066440f890d1624    1860	batch4-backend/venv/lib/python3.12/site-packages/pip/_vendor/chardet/cp949prober.py
100644 blob 5e3e198233698f2b007489dd299cecb87d971067    1683	batch4-backend/venv/lib/python3.12/site-packages/pip/_vendor/chardet/enums.py
100644 blob fd713830d36cabc6a0fb4ab4e8cf426a84decdc6    4006	batch4-backend/venv/lib/python3.12/site-packages/pip/_vendor/chardet/escprober.py
100644 blob 11d4adf771f3f90bb5f1cc11043599b48e955c22   12176	batch4-backend/venv/lib/python3.12/site-packages/pip/_vendor/chardet/escsm.py
100644 blob 39487f4098d7c2068b67d7d3dd85b61848974a23    3934	batch4-backend/venv/lib/python3.12/site-packages/pip/_vendor/chardet/eucjpprober.py
100644 blob 7dc3b10387d1c3d2da8b4e27e917ee2a85086e0c   13566	batch4-backend/venv/lib/python3.12/site-packages/pip/_vendor/chardet/euckrfreq.py
100644 blob 1fc5de0462cd9a09472cece4087cafe699da4fa7    1753	batch4-backend/venv/lib/python3.12/site-packages/pip/_vendor/chardet/euckrprober.py
100644 blob 4900ccc160a1dbf4de3a01c234735c21dd4417d6   36913	batch4-backend/venv/lib/python3.12/site-packages/pip/_vendor/chardet/euctwfreq.py
100644 blob a37ab18995822ad6b3372d56366becdccf9a4c26    1753	batch4-backend/venv/lib/python3.12/site-packages/pip/_vendor/chardet/euctwprober.py
100644 blob b32bfc74213d93d434f1f3a47cb5d7d0bf4863d3   20735	batch4-backend/venv/lib/python3.12/site-packages/pip/_vendor/chardet/gb2312freq.py
100644 blob d423e7311e2fbd9a014de808c107e96ad11c66e5    1759	batch4-backend/venv/lib/python3.12/site-packages/pip/_vendor/chardet/gb2312prober.py
100644 blob 785d0057bcc0ea74a4b8d65ab7a0de78474bf892   14537	batch4-backend/venv/lib/python3.12/site-packages/pip/_vendor/chardet/hebrewprober.py
100644 blob 3293576e012a1c931b5e89ebc065c67b65941084   25796	batch4-backend/venv/lib/python3.12/site-packages/pip/_vendor/chardet/jisfreq.py
100644 blob c12969990d73388f61a6ab98fb4ee8f0f5cbc44f   42498	batch4-backend/venv/lib/python3.12/site-packages/pip/_vendor/chardet/johabfreq.py
100644 blob d7364ba61eca930aa1c868abe3b322cceb995a6b    1752	batch4-backend/venv/lib/python3.12/site-packages/pip/_vendor/chardet/johabprober.py
100644 blob 2f53bdda09e92da38e31cac1a6d415f4670137f7   27055	batch4-backend/venv/lib/python3.12/site-packages/pip/_vendor/chardet/jpcntx.py
100644 blob 994668219dd4def6404e0afd3f538b29a0e50f8b  104562	batch4-backend/venv/lib/python3.12/site-packages/pip/_vendor/chardet/langbulgarianmodel.py
100644 blob cfb8639e5602578cb562ee7197d207dbb539cb74   98484	batch4-backend/venv/lib/python3.12/site-packages/pip/_vendor/chardet/langgreekmodel.py
100644 blob 56d2975877f092ac62ad403803f6456858affcba   98196	batch4-backend/venv/lib/python3.12/site-packages/pip/_vendor/chardet/langhebrewmodel.py
100644 blob 09a0d326b983b59b58f84b00e55fbe6909a23793  101363	batch4-backend/venv/lib/python3.12/site-packages/pip/_vendor/chardet/langhungarianmodel.py
100644 blob 39a5388948ef12b69b65fbfa89a84c6ef4a4bfd6  128035	batch4-backend/venv/lib/python3.12/site-packages/pip/_vendor/chardet/langrussianmodel.py
100644 blob 489cad930e0029fc2f8e5111df1bad38151a07a9  102774	batch4-backend/venv/lib/python3.12/site-packages/pip/_vendor/chardet/langthaimodel.py
100644 blob 291857c25c83f91a151c1d7760e8e5e09c1ee238   95372	batch4-backend/venv/lib/python3.12/site-packages/pip/_vendor/chardet/langturkishmodel.py
100644 blob 59a01d91b87d4282bede38ade7cc78c0f7552d0e    5380	batch4-backend/venv/lib/python3.12/site-packages/pip/_vendor/chardet/latin1prober.py
100644 blob 1425d10ecaa59a9e49b73cea2b8b4747de73f6b5    6077	batch4-backend/venv/lib/python3.12/site-packages/pip/_vendor/chardet/macromanprober.py
100644 blob 666307e8fe0608c69f2b6578a49794e1e20a139a    3715	batch4-backend/venv/lib/python3.12/site-packages/pip/_vendor/chardet/mbcharsetprober.py
100644 blob 6cb9cc7b3bc751fbb5a54ba06eaaf953bf14ed8d    2131	batch4-backend/venv/lib/python3.12/site-packages/pip/_vendor/chardet/mbcsgroupprober.py
100644 blob 7bbe97e6665356327814e2b797ffcc5724974a46   30391	batch4-backend/venv/lib/python3.12/site-packages/pip/_vendor/chardet/mbcssm.py
100644 blob e69de29bb2d1d6434b8b29ae775ad8c2e48c5391       0	batch4-backend/venv/lib/python3.12/site-packages/pip/_vendor/chardet/metadata/__init__.py
100644 blob eb40c5f0c8526208d434d762855d23079dc68b36   13560	batch4-backend/venv/lib/python3.12/site-packages/pip/_vendor/chardet/metadata/languages.py
100644 blob 7d36e64c467ca8d9cadc88ab03da71faf1aa8abb     402	batch4-backend/venv/lib/python3.12/site-packages/pip/_vendor/chardet/resultdict.py
100644 blob 0ffbcdd2c3e21b68566c88a3f05239447489df84    6400	batch4-backend/venv/lib/python3.12/site-packages/pip/_vendor/chardet/sbcharsetprober.py
100644 blob 890ae8465c5b0ad2a5f99464fe5f5c0be49809f1    4137	batch4-backend/venv/lib/python3.12/site-packages/pip/_vendor/chardet/sbcsgroupprober.py
100644 blob 91df077961b6310b8e1c708b74003d5343bff6a8    4007	batch4-backend/venv/lib/python3.12/site-packages/pip/_vendor/chardet/sjisprober.py
100644 blob 30c441dc28ee327076a850b1d3c88a9a2c8f04f0   14848	batch4-backend/venv/lib/python3.12/site-packages/pip/_vendor/chardet/universaldetector.py
100644 blob 6bdec63d6867928bf73a7e513f60cee8f49ca050    8505	batch4-backend/venv/lib/python3.12/site-packages/pip/_vendor/chardet/utf1632prober.py
100644 blob d96354d97c2195320d0acc1717a5876eafbea2af    2812	batch4-backend/venv/lib/python3.12/site-packages/pip/_vendor/chardet/utf8prober.py
100644 blob c5e9d85cd75884b129d4ab8d0453c0e50d0c1f68     244	batch4-backend/venv/lib/python3.12/site-packages/pip/_vendor/chardet/version.py
100644 blob 383101cdb38706c305449674044e9288b92b7d75     266	batch4-backend/venv/lib/python3.12/site-packages/pip/_vendor/colorama/__init__.py
100644 blob 11ec695ff79627463a0282d25079527562de9e42    2522	batch4-backend/venv/lib/python3.12/site-packages/pip/_vendor/colorama/ansi.py
100644 blob abf209e60c7c4a9b1ae57452e36b383969848c2e   11128	batch4-backend/venv/lib/python3.12/site-packages/pip/_vendor/colorama/ansitowin32.py
100644 blob d5fd4b71fed1bb4871717f978f0c470280f099c1    3325	batch4-backend/venv/lib/python3.12/site-packages/pip/_vendor/colorama/initialise.py
100644 blob 8c5661e93a205bf4fb22404d4fc50f902cc31369      75	batch4-backend/venv/lib/python3.12/site-packages/pip/_vendor/colorama/tests/__init__.py
100644 blob 0a20c80f882066e0e1323b0c7f61e22913c32e35    2839	batch4-backend/venv/lib/python3.12/site-packages/pip/_vendor/colorama/tests/ansi_test.py
100644 blob 91ca551f97b4576c680711e826a1855fb944c872   10678	batch4-backend/venv/lib/python3.12/site-packages/pip/_vendor/colorama/tests/ansitowin32_test.py
100644 blob 89f9b07511c8fee74686d9cc434bf66345a46d6d    6741	batch4-backend/venv/lib/python3.12/site-packages/pip/_vendor/colorama/tests/initialise_test.py
100644 blob 0f84e4befe550d4386d24264648abf1323e682ff    1866	batch4-backend/venv/lib/python3.12/site-packages/pip/_vendor/colorama/tests/isatty_test.py
100644 blob 472fafb4403efb9673d5cc724dafd9cf764aac5b    1079	batch4-backend/venv/lib/python3.12/site-packages/pip/_vendor/colorama/tests/utils.py
100644 blob d0955f9e608377940f0d548576964f2fcf3caf48    3709	batch4-backend/venv/lib/python3.12/site-packages/pip/_vendor/colorama/tests/winterm_test.py
100644 blob 841b0e270a381cdfaca544a9be976d7276d83b1e    6181	batch4-backend/venv/lib/python3.12/site-packages/pip/_vendor/colorama/win32.py
100644 blob aad867e8c80b826bf6a060116f17fa08a8eb0765    7134	batch4-backend/venv/lib/python3.12/site-packages/pip/_vendor/colorama/winterm.py
100644 blob e999438fe94a0cc507a89dd1824cbd879db72cd9     625	batch4-backend/venv/lib/python3.12/site-packages/pip/_vendor/distlib/__init__.py
100644 blob e93dc27a3eb059f23c4be02eb55ca83071c02b8e   41487	batch4-backend/venv/lib/python3.12/site-packages/pip/_vendor/distlib/compat.py
100644 blob eb3765f193b4915f227cea522fdd00232f47b355   51965	batch4-backend/venv/lib/python3.12/site-packages/pip/_vendor/distlib/database.py
100644 blob 56cd2867145fadb498717739ed5a7773148c7160   20797	batch4-backend/venv/lib/python3.12/site-packages/pip/_vendor/distlib/index.py
100644 blob f9f0788fc2a9bbe6b118687268f69361e4058b4b   51767	batch4-backend/venv/lib/python3.12/site-packages/pip/_vendor/distlib/locators.py
100644 blob 420dcf12ed2571245b29d3ceb96f7dd3ae3665ea   14168	batch4-backend/venv/lib/python3.12/site-packages/pip/_vendor/distlib/manifest.py
100644 blob 1514d460e7017eaf970ded430f11315dc06f756f    5268	batch4-backend/venv/lib/python3.12/site-packages/pip/_vendor/distlib/markers.py
100644 blob 7189aeef229c5085ab81532a3b918c0787cb397b   39693	batch4-backend/venv/lib/python3.12/site-packages/pip/_vendor/distlib/metadata.py
100644 blob fef52aa103ea369c96567b9af2a5a0ba14db5cb9   10820	batch4-backend/venv/lib/python3.12/site-packages/pip/_vendor/distlib/resources.py
100644 blob cfa45d2af18fc921b1a41197012d4abdd697e920   18315	batch4-backend/venv/lib/python3.12/site-packages/pip/_vendor/distlib/scripts.py
100644 blob ba58858d0fb21f8d0d30089ebadfbd9833f07e57   67530	batch4-backend/venv/lib/python3.12/site-packages/pip/_vendor/distlib/util.py
100644 blob 14171ac938df2da628b87cce85f36d4032b3f49c   23747	batch4-backend/venv/lib/python3.12/site-packages/pip/_vendor/distlib/version.py
100644 blob 4a5a30e1d8d6cd3ae99b38f8c5aafd8d6727df14   43958	batch4-backend/venv/lib/python3.12/site-packages/pip/_vendor/distlib/wheel.py
100644 blob 7686fe85a7cc94188da76bfb1c10ad2a10821256     981	batch4-backend/venv/lib/python3.12/site-packages/pip/_vendor/distro/__init__.py
100644 blob 0c01d5b08b6b44379b931d54d7fcf5221fdc9fde      64	batch4-backend/venv/lib/python3.12/site-packages/pip/_vendor/distro/__main__.py
100644 blob 89e1868047225bbcdfe04bdc4bea3281bf91bc20   49330	batch4-backend/venv/lib/python3.12/site-packages/pip/_vendor/distro/distro.py
100644 blob a40eeafcc914108ca79c5d83d6e81da1b29c6e80     849	batch4-backend/venv/lib/python3.12/site-packages/pip/_vendor/idna/__init__.py
100644 blob 1ca9ba62c208527b796b49306f4b8c95eb868a51    3374	batch4-backend/venv/lib/python3.12/site-packages/pip/_vendor/idna/codec.py
100644 blob 786e6bda63699b72d588ba91dd73df017570aee5     321	batch4-backend/venv/lib/python3.12/site-packages/pip/_vendor/idna/compat.py
100644 blob aea17acf37fd0ad2b9bb41fe3e3fb9bb8640550e   12813	batch4-backend/venv/lib/python3.12/site-packages/pip/_vendor/idna/core.py
100644 blob 5b5e02a72ec98ebb212c05e2398bc0f33bae7925   78344	batch4-backend/venv/lib/python3.12/site-packages/pip/_vendor/idna/idnadata.py
100644 blob 6a43b0475347cb50d0d65ada1000a82eeca9e882    1881	batch4-backend/venv/lib/python3.12/site-packages/pip/_vendor/idna/intranges.py
100644 blob 8501893bd153b7216524084cad23e90aeac0b1f8      21	batch4-backend/venv/lib/python3.12/site-packages/pip/_vendor/idna/package_data.py
100644 blob 186796c17b25c1e766112ef4d9f16bb2dea4b306  206539	batch4-backend/venv/lib/python3.12/site-packages/pip/_vendor/idna/uts46data.py
100644 blob 1300b866043e22e3b318ba791d31333ca8fe8514    1132	batch4-backend/venv/lib/python3.12/site-packages/pip/_vendor/msgpack/__init__.py
100644 blob d6d2615cfdd0b914d064cdf7eecd45761e4bcaf6    1081	batch4-backend/venv/lib/python3.12/site-packages/pip/_vendor/msgpack/exceptions.py
100644 blob 23e0d6b41ce6a36a2bc1a9657ff68aeb99d8b32f    6079	batch4-backend/venv/lib/python3.12/site-packages/pip/_vendor/msgpack/ext.py
100644 blob e8cebc1bef7870a5e772ea066c485eddf5c1c57c   34544	batch4-backend/venv/lib/python3.12/site-packages/pip/_vendor/msgpack/fallback.py
100644 blob 3551bc2d29846441299cf57b397b02fc164c99b9     661	batch4-backend/venv/lib/python3.12/site-packages/pip/_vendor/packaging/__about__.py
100644 blob 3c50c5dcfeeda2efed282200a5c5cc8c5f7542f7     497	batch4-backend/venv/lib/python3.12/site-packages/pip/_vendor/packaging/__init__.py
100644 blob 4c379aa6f69ff56c8f19612002c6e3e939ea6012   11488	batch4-backend/venv/lib/python3.12/site-packages/pip/_vendor/packaging/_manylinux.py
100644 blob 8ac3059ba3c246b9a5a6fb8d14936bb07777191e    4378	batch4-backend/venv/lib/python3.12/site-packages/pip/_vendor/packaging/_musllinux.py
100644 blob 90a6465f9682c886363eea5327dac64bf623a6ff    1431	batch4-backend/venv/lib/python3.12/site-packages/pip/_vendor/packaging/_structures.py
100644 blob 540e7a4dc79d02a820e291b57c43335d5aa25a41    8487	batch4-backend/venv/lib/python3.12/site-packages/pip/_vendor/packaging/markers.py
100644 blob 1eab7dd66d9bfdefea1a0e159303f1c09fa16d67    4676	batch4-backend/venv/lib/python3.12/site-packages/pip/_vendor/packaging/requirements.py
100644 blob 0e218a6f9f75ea2060a8b08d1f1a043fdad68df8   30110	batch4-backend/venv/lib/python3.12/site-packages/pip/_vendor/packaging/specifiers.py
100644 blob 9a3d25a71c75c975291cf987001ecd6882d6417d   15699	batch4-backend/venv/lib/python3.12/site-packages/pip/_vendor/packaging/tags.py
100644 blob bab11b80c60f10a4f3bccb12eb5b17c48a449767    4200	batch4-backend/venv/lib/python3.12/site-packages/pip/_vendor/packaging/utils.py
100644 blob de9a09a4ed3b078b37e7490a6686f660ae935aca   14665	batch4-backend/venv/lib/python3.12/site-packages/pip/_vendor/packaging/version.py
100644 blob ad2794077b0a0299700fd0e8a0336bd1d6e24677  109364	batch4-backend/venv/lib/python3.12/site-packages/pip/_vendor/pkg_resources/__init__.py
100644 blob 5ebf5957b46598f5d6a922edcf1c0bc162af4bab   20155	batch4-backend/venv/lib/python3.12/site-packages/pip/_vendor/platformdirs/__init__.py
100644 blob 6a0d6dd12e36092c1497f5390470f85b1afbbb17    1476	batch4-backend/venv/lib/python3.12/site-packages/pip/_vendor/platformdirs/__main__.py
100644 blob 76527dda41f578f1caf3a0ef3256cd71b8e8d67a    7211	batch4-backend/venv/lib/python3.12/site-packages/pip/_vendor/platformdirs/android.py
100644 blob d64ebb9d45c0b74527cd503f53e3758d51200199    7132	batch4-backend/venv/lib/python3.12/site-packages/pip/_vendor/platformdirs/api.py
100644 blob a753e2a3aa24383ec6ac8fd125a0120c1d6f9029    3678	batch4-backend/venv/lib/python3.12/site-packages/pip/_vendor/platformdirs/macos.py
100644 blob 468b0ab4957f7cc06070c284c4913b4fac94e198    8809	batch4-backend/venv/lib/python3.12/site-packages/pip/_vendor/platformdirs/unix.py
100644 blob dc8c44cf7b267cc122b491566af0b54c85c19c92     160	batch4-backend/venv/lib/python3.12/site-packages/pip/_vendor/platformdirs/version.py
100644 blob b52c9c6ea89fc6859fbf3e489072c1b3b0af77fc    9573	batch4-backend/venv/lib/python3.12/site-packages/pip/_vendor/platformdirs/windows.py
100644 blob 39c84aae5d8e1f4701b0b04fb9fcb8d4ca219de4    2983	batch4-backend/venv/lib/python3.12/site-packages/pip/_vendor/pygments/__init__.py
100644 blob 2f7f8cbad05d3955be8fbe68ac8ba6c13ef974e6     353	batch4-backend/venv/lib/python3.12/site-packages/pip/_vendor/pygments/__main__.py
100644 blob eec1775ba5fcba678f014f8a977259675e9c1854   23685	batch4-backend/venv/lib/python3.12/site-packages/pip/_vendor/pygments/cmdline.py
100644 blob deb4937f74f9a1ccc5fe4cc7761ff5c9d4f5c3d4    1697	batch4-backend/venv/lib/python3.12/site-packages/pip/_vendor/pygments/console.py
100644 blob dafa08d15692d56b47225b8ec22a23016c00eee1    1938	batch4-backend/venv/lib/python3.12/site-packages/pip/_vendor/pygments/filter.py
100644 blob 5aa9ecbb80cf08255f7e678432313b10b0a5f5ce   40386	batch4-backend/venv/lib/python3.12/site-packages/pip/_vendor/pygments/filters/__init__.py
100644 blob 3ca4892fa31f026428eb5c6de756f1b714656b90    4178	batch4-backend/venv/lib/python3.12/site-packages/pip/_vendor/pygments/formatter.py
100644 blob 39db84262d8647010774faa696334516fcede11b    5424	batch4-backend/venv/lib/python3.12/site-packages/pip/_vendor/pygments/formatters/__init__.py
100644 blob 72ca84040b626183e3328679db600c13472021be    4176	batch4-backend/venv/lib/python3.12/site-packages/pip/_vendor/pygments/formatters/_mapping.py
100644 blob c4db8f4ef21a1893593182b46f3fd7f2043c33a7    3314	batch4-backend/venv/lib/python3.12/site-packages/pip/_vendor/pygments/formatters/bbcode.py
100644 blob 30a528e668f8e8bcbde9b466c95a2a34bffbef8f    5094	batch4-backend/venv/lib/python3.12/site-packages/pip/_vendor/pygments/formatters/groff.py
100644 blob 931d7c3fe294f889690263be26c6b75bc043bb2e   35610	batch4-backend/venv/lib/python3.12/site-packages/pip/_vendor/pygments/formatters/html.py
100644 blob a338c1588fdda63a3dc874c5cfb10b0d340025ab   21938	batch4-backend/venv/lib/python3.12/site-packages/pip/_vendor/pygments/formatters/img.py
100644 blob 2144d439e0f15e77ed8193487db6eddbe8f5dfb6    4981	batch4-backend/venv/lib/python3.12/site-packages/pip/_vendor/pygments/formatters/irc.py
100644 blob ca539b40f6a9c59ad3937c5490426ca02221afca   19351	batch4-backend/venv/lib/python3.12/site-packages/pip/_vendor/pygments/formatters/latex.py
100644 blob 990ead480218fdc7ca01ed6d146e47205987b72e    5073	batch4-backend/venv/lib/python3.12/site-packages/pip/_vendor/pygments/formatters/other.py
100644 blob 6bb325d0788e0ef98b9f3300533c1da2d8c05aa3    2212	batch4-backend/venv/lib/python3.12/site-packages/pip/_vendor/pygments/formatters/pangomarkup.py
100644 blob 125189c6fa57d61bea0012080eba12f90faf740c    5014	batch4-backend/venv/lib/python3.12/site-packages/pip/_vendor/pygments/formatters/rtf.py
100644 blob a8727ed8592533a009b6202be92f438d4152e793    7335	batch4-backend/venv/lib/python3.12/site-packages/pip/_vendor/pygments/formatters/svg.py
100644 blob abb8770811f6d763433eaa87cf745ee720f1d7c7    4674	batch4-backend/venv/lib/python3.12/site-packages/pip/_vendor/pygments/formatters/terminal.py
100644 blob 0cfe5d1612e0cb9bb233ee452a9171bd08b50f2c   11753	batch4-backend/venv/lib/python3.12/site-packages/pip/_vendor/pygments/formatters/terminal256.py
100644 blob eb2c1b46b6928363a1db20306c379b12668c5a47   34618	batch4-backend/venv/lib/python3.12/site-packages/pip/_vendor/pygments/lexer.py
100644 blob d97c3e395ed89825b2d6ec29abcbf82292bbebab   12130	batch4-backend/venv/lib/python3.12/site-packages/pip/_vendor/pygments/lexers/__init__.py
100644 blob de6a0153b777f255a754c1ca9f8e4dc55cd3934b   72281	batch4-backend/venv/lib/python3.12/site-packages/pip/_vendor/pygments/lexers/_mapping.py
100644 blob e9bf2d3372797eedd6abe967e2e260b4c63a61dc   53424	batch4-backend/venv/lib/python3.12/site-packages/pip/_vendor/pygments/lexers/python.py
100644 blob 7b6f6a324bad46c7d78fe6ab4ad9630ba674f0a6     986	batch4-backend/venv/lib/python3.12/site-packages/pip/_vendor/pygments/modeline.py
100644 blob 7b722d58db0f35c3f6621d02876cefc74e64384a    2591	batch4-backend/venv/lib/python3.12/site-packages/pip/_vendor/pygments/plugin.py
100644 blob 45223eccc10ed35a7cade624cba9878690b88661    3072	batch4-backend/venv/lib/python3.12/site-packages/pip/_vendor/pygments/regexopt.py
100644 blob 32a2f303296d1bffce917413b2e7150a5194e32f    3092	batch4-backend/venv/lib/python3.12/site-packages/pip/_vendor/pygments/scanner.py
100644 blob 2c7facde830998f629d7abcdc0ea9ff93a96b9c9    6882	batch4-backend/venv/lib/python3.12/site-packages/pip/_vendor/pygments/sphinxext.py
100644 blob edc19627dba6835339768ccbaf726db21d8ac212    6257	batch4-backend/venv/lib/python3.12/site-packages/pip/_vendor/pygments/style.py
100644 blob 7401cf5d3a372da67d241dafe83ba756e015eafa    3700	batch4-backend/venv/lib/python3.12/site-packages/pip/_vendor/pygments/styles/__init__.py
100644 blob 7395cb6a620b4d6d4cf5f026d85639cebb137a9d    6184	batch4-backend/venv/lib/python3.12/site-packages/pip/_vendor/pygments/token.py
100644 blob 39f6baeedfb8ec129e0076cc3eb94dd5bef92ed0   63223	batch4-backend/venv/lib/python3.12/site-packages/pip/_vendor/pygments/unistring.py
100644 blob 941fdb9ec7a9699c1f4de8077eb681751446956e   10230	batch4-backend/venv/lib/python3.12/site-packages/pip/_vendor/pygments/util.py
100644 blob 88bc10ac18a6af79f962fec16091d3494adc9e66    9116	batch4-backend/venv/lib/python3.12/site-packages/pip/_vendor/pyparsing/__init__.py
100644 blob ca6e4c6afb4e1446bfb2a7bc5126f96e7eea5c6d    6567	batch4-backend/venv/lib/python3.12/site-packages/pip/_vendor/pyparsing/actions.py
100644 blob 7a666b276df018333e3243984d4182451dd7af3c   13387	batch4-backend/venv/lib/python3.12/site-packages/pip/_vendor/pyparsing/common.py
100644 blob 8d5a856ecd6810561790df0eaf24f6b61bed6f55  224445	batch4-backend/venv/lib/python3.12/site-packages/pip/_vendor/pyparsing/core.py
100644 blob 83f9018ee9357bd193e91abbc66fe9f0e7075f2c   24215	batch4-backend/venv/lib/python3.12/site-packages/pip/_vendor/pyparsing/diagram/__init__.py
100644 blob 12219f124aeca6d3d7edd2621071f100c7ecd90a    9523	batch4-backend/venv/lib/python3.12/site-packages/pip/_vendor/pyparsing/exceptions.py
100644 blob 018f0d6ac863f2e4a27636c721669061887ae554   38646	batch4-backend/venv/lib/python3.12/site-packages/pip/_vendor/pyparsing/helpers.py
100644 blob 0313049763bb09475051eff9841059fbbfa7d13f   26692	batch4-backend/venv/lib/python3.12/site-packages/pip/_vendor/pyparsing/results.py
100644 blob 6a254c1c5e2584dae80f58d38e9a48aae7ec1237   13488	batch4-backend/venv/lib/python3.12/site-packages/pip/_vendor/pyparsing/testing.py
100644 blob ec0b3a4fe6055b276d5515a4e81d60d921c6f381   10646	batch4-backend/venv/lib/python3.12/site-packages/pip/_vendor/pyparsing/unicode.py
100644 blob d8d3f414cca94e6988e04878a78916e6b042a48a    8670	batch4-backend/venv/lib/python3.12/site-packages/pip/_vendor/pyparsing/util.py
100644 blob ddfcf7f72f31658d75c8128de0732fbbf0e12b15     491	batch4-backend/venv/lib/python3.12/site-packages/pip/_vendor/pyproject_hooks/__init__.py
100644 blob 95e509c0143e14e6371ec3cd1433ffec50c297fc     138	batch4-backend/venv/lib/python3.12/site-packages/pip/_vendor/pyproject_hooks/_compat.py
100644 blob 37b0e6531f1544e1ba9b5895c48939fc97441ce7   11920	batch4-backend/venv/lib/python3.12/site-packages/pip/_vendor/pyproject_hooks/_impl.py
100644 blob 917fa065b3c7feccdef5bc666a5109c855217260     546	batch4-backend/venv/lib/python3.12/site-packages/pip/_vendor/pyproject_hooks/_in_process/__init__.py
100644 blob ee511ff20d73bb245fe7ae0c1fc31a41c33e7d29   10927	batch4-backend/venv/lib/python3.12/site-packages/pip/_vendor/pyproject_hooks/_in_process/_in_process.py
100644 blob 10ff67ff4d2bca253a91e4e6461ad096b41da03a    5169	batch4-backend/venv/lib/python3.12/site-packages/pip/_vendor/requests/__init__.py
100644 blob 5063c3f8ee7980493efcc30c24f7e7582714aa81     435	batch4-backend/venv/lib/python3.12/site-packages/pip/_vendor/requests/__version__.py
100644 blob f2cf635e2937ee9b123a1498c5c5f723a6e20084    1495	batch4-backend/venv/lib/python3.12/site-packages/pip/_vendor/requests/_internal_utils.py
100644 blob 10c176790b622465538788d73a9e3afee99b3875   19697	batch4-backend/venv/lib/python3.12/site-packages/pip/_vendor/requests/adapters.py
100644 blob cd0b3eeac3ebca7fe4a627ba5a96c1bbaf827d4f    6449	batch4-backend/venv/lib/python3.12/site-packages/pip/_vendor/requests/api.py
100644 blob 9733686ddb36b826ead4f4666d42311397fa6fec   10187	batch4-backend/venv/lib/python3.12/site-packages/pip/_vendor/requests/auth.py
100644 blob 38696a1fb3419dd810004d5aec9654e5224042ed     575	batch4-backend/venv/lib/python3.12/site-packages/pip/_vendor/requests/certs.py
100644 blob 9ab2bb48656520a95ec9ac87d090f2e741f0e544    1286	batch4-backend/venv/lib/python3.12/site-packages/pip/_vendor/requests/compat.py
100644 blob bf54ab237e410603061b8cec8fd195912d3cfb08   18560	batch4-backend/venv/lib/python3.12/site-packages/pip/_vendor/requests/cookies.py
100644 blob 168d07390dfc366102b8197e4b271e493bd94d11    3823	batch4-backend/venv/lib/python3.12/site-packages/pip/_vendor/requests/exceptions.py
100644 blob 2d292c2f062cd80cd108aac503eae7b635ceec8d    3879	batch4-backend/venv/lib/python3.12/site-packages/pip/_vendor/requests/help.py
100644 blob d181ba2ec2e55d274897315887b78fbdca757da8     733	batch4-backend/venv/lib/python3.12/site-packages/pip/_vendor/requests/hooks.py
100644 blob 76e6f199c0042cec6500f53c062ff9ea1033e79d   35288	batch4-backend/venv/lib/python3.12/site-packages/pip/_vendor/requests/models.py
100644 blob 9582fa730f121634348a79c1a8b0cc2df99c616f     695	batch4-backend/venv/lib/python3.12/site-packages/pip/_vendor/requests/packages.py
100644 blob dbcf2a7b0ee2898b72714b756e4b27fbbad4beab   30373	batch4-backend/venv/lib/python3.12/site-packages/pip/_vendor/requests/sessions.py
100644 blob 4bd072be9769748a852740d037d5c63021472c9d    4235	batch4-backend/venv/lib/python3.12/site-packages/pip/_vendor/requests/status_codes.py
100644 blob 188e13e4829591facb23ae0e2eda84b9807cb818    2912	batch4-backend/venv/lib/python3.12/site-packages/pip/_vendor/requests/structures.py
100644 blob 6adec3320b6c1831e8e33fd1017c0cd3131c3334   33189	batch4-backend/venv/lib/python3.12/site-packages/pip/_vendor/requests/utils.py
100644 blob d92acc7bedfc5c7c05130986a256e610640582e5     537	batch4-backend/venv/lib/python3.12/site-packages/pip/_vendor/resolvelib/__init__.py
100644 blob e69de29bb2d1d6434b8b29ae775ad8c2e48c5391       0	batch4-backend/venv/lib/python3.12/site-packages/pip/_vendor/resolvelib/compat/__init__.py
100644 blob 1becc5093c5ab8e196bb9fee415e2381e7158fc3     156	batch4-backend/venv/lib/python3.12/site-packages/pip/_vendor/resolvelib/compat/collections_abc.py
100644 blob e99d87ee75f6f665989a109828e07ef81cb3410c    5871	batch4-backend/venv/lib/python3.12/site-packages/pip/_vendor/resolvelib/providers.py
100644 blob 688b5e10d8608fdb324c5df0ec3d9f4aa720de0e    1601	batch4-backend/venv/lib/python3.12/site-packages/pip/_vendor/resolvelib/reporters.py
100644 blob 2c3d0e306f91f9dfac1843b40babd223766bbf50   20511	batch4-backend/venv/lib/python3.12/site-packages/pip/_vendor/resolvelib/resolvers.py
100644 blob 359a34f60187591c26ee46d60e49c136acd6c765    4963	batch4-backend/venv/lib/python3.12/site-packages/pip/_vendor/resolvelib/structs.py
100644 blob 73f58d7740813264d20047ffe918c82e1acc84eb    6090	batch4-backend/venv/lib/python3.12/site-packages/pip/_vendor/rich/__init__.py
100644 blob 270629fd8067bfc20ed4a0b39d9897791ffa93ab    8478	batch4-backend/venv/lib/python3.12/site-packages/pip/_vendor/rich/__main__.py
100644 blob 36286df379e28ea997bea3ee1fd62cadebebbba9   10096	batch4-backend/venv/lib/python3.12/site-packages/pip/_vendor/rich/_cell_widths.py
100644 blob 1f2877bb2bd520253502b1c05bb811bb0d7ef64c  140235	batch4-backend/venv/lib/python3.12/site-packages/pip/_vendor/rich/_emoji_codes.py
100644 blob bb2cafa18011e7115773055338291c366f173d6f    1064	batch4-backend/venv/lib/python3.12/site-packages/pip/_vendor/rich/_emoji_replace.py
100644 blob 094d2dc226dde3122f09e4de5de0ef05599978bd    2100	batch4-backend/venv/lib/python3.12/site-packages/pip/_vendor/rich/_export_format.py
100644 blob cbd6da9be4956ce8558304ed72ffbe88ccd22ba5     265	batch4-backend/venv/lib/python3.12/site-packages/pip/_vendor/rich/_extension.py
100644 blob b17ee6511742d7a8d5950bf0ee57ced4d5fd45c2     799	batch4-backend/venv/lib/python3.12/site-packages/pip/_vendor/rich/_fileno.py
100644 blob 30446ceb3f0235721e435f5fbd53f2e306f078cd    9695	batch4-backend/venv/lib/python3.12/site-packages/pip/_vendor/rich/_inspect.py
100644 blob fc16c84437a8a34231c44d3f0a331459ddcb0f34    3225	batch4-backend/venv/lib/python3.12/site-packages/pip/_vendor/rich/_log_render.py
100644 blob 01c6cafbe53f1fcb12f7b382b2b35e2fd2c69933    1236	batch4-backend/venv/lib/python3.12/site-packages/pip/_vendor/rich/_loop.py
100644 blob b659673ef3c1d5431e6699898ae4d073b4be764b    1387	batch4-backend/venv/lib/python3.12/site-packages/pip/_vendor/rich/_null_file.py
100644 blob 3c748d33e45bfcdc690ceee490cbb50b516cd2b3    7063	batch4-backend/venv/lib/python3.12/site-packages/pip/_vendor/rich/_palettes.py
100644 blob 4f6d8b2d79406012c5f8bae9c289ed5bf4d179cc     423	batch4-backend/venv/lib/python3.12/site-packages/pip/_vendor/rich/_pick.py
100644 blob e8a3a674e0070159b956c29c5092b0f72abc969d    5472	batch4-backend/venv/lib/python3.12/site-packages/pip/_vendor/rich/_ratio.py
100644 blob d0bb1fe751677f0ee83fc6bb876ed72443fdcde7   19919	batch4-backend/venv/lib/python3.12/site-packages/pip/_vendor/rich/_spinners.py
100644 blob 194564e761ddae165b39ef6598877e2e3820af0a     351	batch4-backend/venv/lib/python3.12/site-packages/pip/_vendor/rich/_stack.py
100644 blob a2ca6be03c43054caaa3660998273ebf704345dd     417	batch4-backend/venv/lib/python3.12/site-packages/pip/_vendor/rich/_timer.py
100644 blob 81b1082905338a74b72b9de432ece50a456687bc   22820	batch4-backend/venv/lib/python3.12/site-packages/pip/_vendor/rich/_win32_console.py
100644 blob 10fc0d7e9f398dd550a42c6b8c0637684882ee60    1926	batch4-backend/venv/lib/python3.12/site-packages/pip/_vendor/rich/_windows.py
100644 blob 5ece05649e7268a75c82de6ced552619ffc093ab    2783	batch4-backend/venv/lib/python3.12/site-packages/pip/_vendor/rich/_windows_renderer.py
100644 blob c45f193f74ad7385c84f3b935663198415cfaa4b    1840	batch4-backend/venv/lib/python3.12/site-packages/pip/_vendor/rich/_wrap.py
100644 blob e6e498efabfab0dcf31cd7731f8f821cc423bc4f     890	batch4-backend/venv/lib/python3.12/site-packages/pip/_vendor/rich/abc.py
100644 blob c310b66e783820e5596bee9e4d92e531d59d6dc9   10368	batch4-backend/venv/lib/python3.12/site-packages/pip/_vendor/rich/align.py
100644 blob 66365e6536080bd9372d2a7a58b8ffa3447fec34    6906	batch4-backend/venv/lib/python3.12/site-packages/pip/_vendor/rich/ansi.py
100644 blob ed86a552d1ca6baa0cfd48ec73a7a5c952d047c9    3264	batch4-backend/venv/lib/python3.12/site-packages/pip/_vendor/rich/bar.py
100644 blob 97d2a94445770e195b9fc73e904b920d5ff04104    9842	batch4-backend/venv/lib/python3.12/site-packages/pip/_vendor/rich/box.py
100644 blob 9354f9e3140999702ec8c140636c511d71c340b2    4509	batch4-backend/venv/lib/python3.12/site-packages/pip/_vendor/rich/cells.py
100644 blob dfe455937c86b5b7cc83f5506ae0f7010bece1b1   18224	batch4-backend/venv/lib/python3.12/site-packages/pip/_vendor/rich/color.py
100644 blob 02cab328251af9bfa809981aaa44933c407e2cd7    1054	batch4-backend/venv/lib/python3.12/site-packages/pip/_vendor/rich/color_triplet.py
100644 blob 669a3a7074f9a9e1af29cb4bc78b05851df67959    7131	batch4-backend/venv/lib/python3.12/site-packages/pip/_vendor/rich/columns.py
100644 blob e559cbb43c18392606d1212cfbde76339719a6a0   99218	batch4-backend/venv/lib/python3.12/site-packages/pip/_vendor/rich/console.py
100644 blob 65fdf56342e8b5b8e181914881025231684e1871    1288	batch4-backend/venv/lib/python3.12/site-packages/pip/_vendor/rich/constrain.py
100644 blob e29cf368991ccb083b67cda8133e4635defbfe53    5497	batch4-backend/venv/lib/python3.12/site-packages/pip/_vendor/rich/containers.py
100644 blob 88fcb9295164f4e18827ef61fff6723e94ef7381    6630	batch4-backend/venv/lib/python3.12/site-packages/pip/_vendor/rich/control.py
100644 blob dca37193abffab8b5b388018f895f197316ab652    8082	batch4-backend/venv/lib/python3.12/site-packages/pip/_vendor/rich/default_styles.py
100644 blob ad36183898eddb11e33ccb7623c0291ccc0f091d     972	batch4-backend/venv/lib/python3.12/site-packages/pip/_vendor/rich/diagnose.py
100644 blob 791f0465de136088e33cdc6ef5696590df1e4f86    2501	batch4-backend/venv/lib/python3.12/site-packages/pip/_vendor/rich/emoji.py
100644 blob 0bcbe53ef59373c608e62ea285536f8b22b47ecb     642	batch4-backend/venv/lib/python3.12/site-packages/pip/_vendor/rich/errors.py
100644 blob 4b0b0da6c2a62b2b1468c35ddd69f1bbb9b91aa8    1683	batch4-backend/venv/lib/python3.12/site-packages/pip/_vendor/rich/file_proxy.py
100644 blob 99f118e20103174993b865cfb43ac6b6e00296a4    2508	batch4-backend/venv/lib/python3.12/site-packages/pip/_vendor/rich/filesize.py
100644 blob c2646794a98578bdb735f5047dbc6b1d50b90230    9584	batch4-backend/venv/lib/python3.12/site-packages/pip/_vendor/rich/highlighter.py
100644 blob ea94493f21e6f5583469d882d08203381ee31117    5032	batch4-backend/venv/lib/python3.12/site-packages/pip/_vendor/rich/json.py
100644 blob 22f4d716ac9764ee18005b9b852946d614152375    3252	batch4-backend/venv/lib/python3.12/site-packages/pip/_vendor/rich/jupyter.py
100644 blob 849356ea9a03a031abce367b955a30fce26c9845   14007	batch4-backend/venv/lib/python3.12/site-packages/pip/_vendor/rich/layout.py
100644 blob 3ebbbc4ccbe47043eb62f8dd770f079745d3b743   14273	batch4-backend/venv/lib/python3.12/site-packages/pip/_vendor/rich/live.py
100644 blob b90fbf7f35097694f727e201b0b378942d70a443    3667	batch4-backend/venv/lib/python3.12/site-packages/pip/_vendor/rich/live_render.py
100644 blob 91368dda78aad590837aa12023dee67e224709ba   11903	batch4-backend/venv/lib/python3.12/site-packages/pip/_vendor/rich/logging.py
100644 blob fd80d8c1129722b84771bd6a0f6ccfd57f5cf78e    8198	batch4-backend/venv/lib/python3.12/site-packages/pip/_vendor/rich/markup.py
100644 blob a508ffa80bd715b47c190ed9d747dbc388fa5b19    5305	batch4-backend/venv/lib/python3.12/site-packages/pip/_vendor/rich/measure.py
100644 blob 1b2204f59f2ce4d9c8f2cca85326e4d81f8805bb    4970	batch4-backend/venv/lib/python3.12/site-packages/pip/_vendor/rich/padding.py
100644 blob a3f7aa62af1ee2690e1e17ee41f3c368953625b8     828	batch4-backend/venv/lib/python3.12/site-packages/pip/_vendor/rich/pager.py
100644 blob fa0c4dd40381addf5b42fae4228b6d8fef03abd9    3396	batch4-backend/venv/lib/python3.12/site-packages/pip/_vendor/rich/palette.py
100644 blob d522d80b5189554d1acf9b46d5db1981b946d712   10574	batch4-backend/venv/lib/python3.12/site-packages/pip/_vendor/rich/panel.py
100644 blob 2bd9eb0073d3e0a6c56311b42097ff322f75dcdd   35852	batch4-backend/venv/lib/python3.12/site-packages/pip/_vendor/rich/pretty.py
100644 blob 8b0a315f32466ac03a205898394f958f221818a7   59706	batch4-backend/venv/lib/python3.12/site-packages/pip/_vendor/rich/progress.py
100644 blob 67361df2e49d48dd56c91e291ba92553e9afe344    8165	batch4-backend/venv/lib/python3.12/site-packages/pip/_vendor/rich/progress_bar.py
100644 blob 2bd0a7724f4375a5272cb7c101be5b6a582dc031   11303	batch4-backend/venv/lib/python3.12/site-packages/pip/_vendor/rich/prompt.py
100644 blob 12ab23713a70dda46edd300bd975b02bfb2be031    1391	batch4-backend/venv/lib/python3.12/site-packages/pip/_vendor/rich/protocol.py
100644 blob 75b3631c3879294549f1f27418859aefb63925a7     166	batch4-backend/venv/lib/python3.12/site-packages/pip/_vendor/rich/region.py
100644 blob f284bcafa6ab2e1c9ae51be54107836e68cfb0d3    4431	batch4-backend/venv/lib/python3.12/site-packages/pip/_vendor/rich/repr.py
100644 blob fd00ce6e4cea506f3ab08e6412d2eb6443ef582c    4602	batch4-backend/venv/lib/python3.12/site-packages/pip/_vendor/rich/rule.py
100644 blob c9d134cc3cedae929e5bef2b5547f7e33dc10a52    2843	batch4-backend/venv/lib/python3.12/site-packages/pip/_vendor/rich/scope.py
100644 blob 7f416e1e799abfbf62382456020cc8e59e5cf01f    1591	batch4-backend/venv/lib/python3.12/site-packages/pip/_vendor/rich/screen.py
100644 blob e125798463512ce4322a2cc139b4e5c1515e5c05   24247	batch4-backend/venv/lib/python3.12/site-packages/pip/_vendor/rich/segment.py
100644 blob 91ea630e10f893bf5d6b17fcd9a1fedcecee6f02    4339	batch4-backend/venv/lib/python3.12/site-packages/pip/_vendor/rich/spinner.py
100644 blob 09eff405ec194ee2884f203cb48c5df54ff0b9c7    4425	batch4-backend/venv/lib/python3.12/site-packages/pip/_vendor/rich/status.py
100644 blob 313c889496d90cef94d5537c122e5c5e898e3bb4   27073	batch4-backend/venv/lib/python3.12/site-packages/pip/_vendor/rich/style.py
100644 blob 91cd0db31c14e30d4c1e2e9f36382b7a5e022870    1258	batch4-backend/venv/lib/python3.12/site-packages/pip/_vendor/rich/styled.py
100644 blob 570337664835d01904c8ff708626b447edc5640a   35173	batch4-backend/venv/lib/python3.12/site-packages/pip/_vendor/rich/syntax.py
100644 blob 17409f2ee8df322a5ac115d1d0ff0c2d2aa11c4e   39684	batch4-backend/venv/lib/python3.12/site-packages/pip/_vendor/rich/table.py
100644 blob 565e9d960f8604c487e063ad9ed3f6f63027f3b4    3370	batch4-backend/venv/lib/python3.12/site-packages/pip/_vendor/rich/terminal_theme.py
100644 blob 998cb87dab758332ecc17f8acddbd0378beef160   45525	batch4-backend/venv/lib/python3.12/site-packages/pip/_vendor/rich/text.py
100644 blob 471dfb2f9271c073f0713ca98f8db2f89c975071    3777	batch4-backend/venv/lib/python3.12/site-packages/pip/_vendor/rich/theme.py
100644 blob bf6db104a2c4fd4f3dc699e85f2b262c3d31e9a0     102	batch4-backend/venv/lib/python3.12/site-packages/pip/_vendor/rich/themes.py
100644 blob c4ffe1f99e6dc9c0509459196cb68fa95e79048d   29604	batch4-backend/venv/lib/python3.12/site-packages/pip/_vendor/rich/traceback.py
100644 blob afe8da1a4a30daf6e48ffba514656e7c86c9abaa    9169	batch4-backend/venv/lib/python3.12/site-packages/pip/_vendor/rich/tree.py
100644 blob 4e15675d8b5caa33255fe37271700f587bd26671   34549	batch4-backend/venv/lib/python3.12/site-packages/pip/_vendor/six.py
100644 blob 4f1603adeb6fcf9bc1c4a16a9b6e16223c6534f3   20493	batch4-backend/venv/lib/python3.12/site-packages/pip/_vendor/tenacity/__init__.py
100644 blob 2e50cd7b40ef18e7f7ee56c0f528bf0ef88b167a    3551	batch4-backend/venv/lib/python3.12/site-packages/pip/_vendor/tenacity/_asyncio.py
100644 blob f14ff32096eab20a8cc1a5d3c2b8c8cfe1fcb2d2    2179	batch4-backend/venv/lib/python3.12/site-packages/pip/_vendor/tenacity/_utils.py
100644 blob 574c9bcea6e222ea8283a3c8dafbda15a2893fe1    1682	batch4-backend/venv/lib/python3.12/site-packages/pip/_vendor/tenacity/after.py
100644 blob cfd7dc72ee7fe9300948133cfeb660f610b90e4e    1562	batch4-backend/venv/lib/python3.12/site-packages/pip/_vendor/tenacity/before.py
100644 blob 8c6167fb3a6b390c5c0a3ba455f76cedf34695f2    2372	batch4-backend/venv/lib/python3.12/site-packages/pip/_vendor/tenacity/before_sleep.py
100644 blob 72aa5bfd4b60d8e6ef6ed0cf2ae4f763d12195cc    1383	batch4-backend/venv/lib/python3.12/site-packages/pip/_vendor/tenacity/nap.py
100644 blob 38988739d6406aeb5e3be903c0ea6fb82752f328    8746	batch4-backend/venv/lib/python3.12/site-packages/pip/_vendor/tenacity/retry.py
100644 blob bb23effdf865b007756451f61fcbd7635f15b5d5    3086	batch4-backend/venv/lib/python3.12/site-packages/pip/_vendor/tenacity/stop.py
100644 blob e19c30b18905a39466ab6b51403438605e706caf    2142	batch4-backend/venv/lib/python3.12/site-packages/pip/_vendor/tenacity/tornadoweb.py
100644 blob f9349c028360d541c56962d6a09bd9c2a00e3a37    8024	batch4-backend/venv/lib/python3.12/site-packages/pip/_vendor/tenacity/wait.py
100644 blob 4c6ec97ec6961bcf184b6e0b2437b9924db0b9de     396	batch4-backend/venv/lib/python3.12/site-packages/pip/_vendor/tomli/__init__.py
100644 blob f1bb0aa19a556725aa2ae2b8cea95489c99a9078   22633	batch4-backend/venv/lib/python3.12/site-packages/pip/_vendor/tomli/_parser.py
100644 blob 994bb7493fd92865e6ab87c277ba5741b44c31a9    2943	batch4-backend/venv/lib/python3.12/site-packages/pip/_vendor/tomli/_re.py
100644 blob d949412e03b29d70592c7721fe747e5085c2e280     254	batch4-backend/venv/lib/python3.12/site-packages/pip/_vendor/tomli/_types.py
100644 blob 59930f455b0a288e958f8ae4564b02b49b8e2f9f     403	batch4-backend/venv/lib/python3.12/site-packages/pip/_vendor/truststore/__init__.py
100644 blob 829aff72672f43b8a851e1b56c771fd88455eac7    9893	batch4-backend/venv/lib/python3.12/site-packages/pip/_vendor/truststore/_api.py
100644 blob 7dc440bf3627641f71723bba5bc254aeb983d856   17694	batch4-backend/venv/lib/python3.12/site-packages/pip/_vendor/truststore/_macos.py
100644 blob 9951cf75c404b94c13a0a7b49c011b686aa1ccde    2324	batch4-backend/venv/lib/python3.12/site-packages/pip/_vendor/truststore/_openssl.py
100644 blob b1ee7a3cb13a8a3482f2cb8cadef097087e3780b    1130	batch4-backend/venv/lib/python3.12/site-packages/pip/_vendor/truststore/_ssl_constants.py
100644 blob 3de4960a1b0fdc29a3fc7d9ee6f7fe44d68d3ac6   17468	batch4-backend/venv/lib/python3.12/site-packages/pip/_vendor/truststore/_windows.py
100644 blob 4f93acffbdc1d8ba9555114c190e44140c34c291  111130	batch4-backend/venv/lib/python3.12/site-packages/pip/_vendor/typing_extensions.py
100644 blob c6fa38212fb559a9b51fe36b72892839efae63f5    3333	batch4-backend/venv/lib/python3.12/site-packages/pip/_vendor/urllib3/__init__.py
100644 blob bceb8451f0e761f623b88c9b4d5341630d05f9ce   11372	batch4-backend/venv/lib/python3.12/site-packages/pip/_vendor/urllib3/_collections.py
100644 blob cad75fb5df82a617a82573bdcff7af579efc00e7      64	batch4-backend/venv/lib/python3.12/site-packages/pip/_vendor/urllib3/_version.py
100644 blob 54b96b19154ccaa138af6bc0a4ac2b8f763017ce   20300	batch4-backend/venv/lib/python3.12/site-packages/pip/_vendor/urllib3/connection.py
100644 blob 5a6adcbdc7507d8eeb7c4a3625cc7a96680e29ee   40285	batch4-backend/venv/lib/python3.12/site-packages/pip/_vendor/urllib3/connectionpool.py
100644 blob e69de29bb2d1d6434b8b29ae775ad8c2e48c5391       0	batch4-backend/venv/lib/python3.12/site-packages/pip/_vendor/urllib3/contrib/__init__.py
100644 blob 8765b907d70c4a530bc90dc88f24b3df73473b01     957	batch4-backend/venv/lib/python3.12/site-packages/pip/_vendor/urllib3/contrib/_appengine_environ.py
100644 blob e69de29bb2d1d6434b8b29ae775ad8c2e48c5391       0	batch4-backend/venv/lib/python3.12/site-packages/pip/_vendor/urllib3/contrib/_securetransport/__init__.py
100644 blob 264d564dbda676b52f446c0d25433a15939a78a3   17632	batch4-backend/venv/lib/python3.12/site-packages/pip/_vendor/urllib3/contrib/_securetransport/bindings.py
100644 blob fa0b245d279e96724d5610f93bc3b3c8c22ca032   13922	batch4-backend/venv/lib/python3.12/site-packages/pip/_vendor/urllib3/contrib/_securetransport/low_level.py
100644 blob 1717ee22cdf77849e2e273566c877f95311e691b   11036	batch4-backend/venv/lib/python3.12/site-packages/pip/_vendor/urllib3/contrib/appengine.py
100644 blob 471665754e9f199f07f90107ebb350c38b378100    4528	batch4-backend/venv/lib/python3.12/site-packages/pip/_vendor/urllib3/contrib/ntlmpool.py
100644 blob 19e4aa97cc138e4bd39bebf6c49ff1955cb00437   17081	batch4-backend/venv/lib/python3.12/site-packages/pip/_vendor/urllib3/contrib/pyopenssl.py
100644 blob 4a06bc69d5c850fa9f7c4861bc6b3acca3905056   34448	batch4-backend/venv/lib/python3.12/site-packages/pip/_vendor/urllib3/contrib/securetransport.py
100644 blob c326e80dd117458ff6e71741ca57359629b05ae4    7097	batch4-backend/venv/lib/python3.12/site-packages/pip/_vendor/urllib3/contrib/socks.py
100644 blob cba6f3f560f71b3b15ab6aaf21dde4f1bba1bd00    8217	batch4-backend/venv/lib/python3.12/site-packages/pip/_vendor/urllib3/exceptions.py
100644 blob 9d630f491d9a39644ae65564dac88eb51f0bbe78    8579	batch4-backend/venv/lib/python3.12/site-packages/pip/_vendor/urllib3/fields.py
100644 blob 36c9252c647e67bc7353c523152568b993c1331f    2440	batch4-backend/venv/lib/python3.12/site-packages/pip/_vendor/urllib3/filepost.py
100644 blob e69de29bb2d1d6434b8b29ae775ad8c2e48c5391       0	batch4-backend/venv/lib/python3.12/site-packages/pip/_vendor/urllib3/packages/__init__.py
100644 blob e69de29bb2d1d6434b8b29ae775ad8c2e48c5391       0	batch4-backend/venv/lib/python3.12/site-packages/pip/_vendor/urllib3/packages/backports/__init__.py
100644 blob b8fb2154b6d0618b62281578e5e947bca487cee4    1417	batch4-backend/venv/lib/python3.12/site-packages/pip/_vendor/urllib3/packages/backports/makefile.py
100644 blob a2f2966e5496601787d138e9004fbb3d2ce9b64c    5343	batch4-backend/venv/lib/python3.12/site-packages/pip/_vendor/urllib3/packages/backports/weakref_finalize.py
100644 blob f099a3dcd28d2fec21457c9b6c01ded4e3e9ddee   34665	batch4-backend/venv/lib/python3.12/site-packages/pip/_vendor/urllib3/packages/six.py
100644 blob a8de7c6dfcf7ee4d61c9d3c839dfefd3db245cc1   20943	batch4-backend/venv/lib/python3.12/site-packages/pip/_vendor/urllib3/poolmanager.py
100644 blob 3b4cf999225b83c46b930f1fe7cdc63e6ce57129    6691	batch4-backend/venv/lib/python3.12/site-packages/pip/_vendor/urllib3/request.py
100644 blob 8909f8454e94752d188ed13cf36c35f93fc6c3f2   30641	batch4-backend/venv/lib/python3.12/site-packages/pip/_vendor/urllib3/response.py
100644 blob 4547fc522b690ba2697843edd044f2039a4123a9    1155	batch4-backend/venv/lib/python3.12/site-packages/pip/_vendor/urllib3/util/__init__.py
100644 blob 6af1138f260e4eaaa0aa242f7f50b918a283b49f    4901	batch4-backend/venv/lib/python3.12/site-packages/pip/_vendor/urllib3/util/connection.py
100644 blob 2199cc7b7f004009493d032720c36d6568f9d89e    1605	batch4-backend/venv/lib/python3.12/site-packages/pip/_vendor/urllib3/util/proxy.py
100644 blob 41784104ee4bd5796006d1052536325d52db1e8c     498	batch4-backend/venv/lib/python3.12/site-packages/pip/_vendor/urllib3/util/queue.py
100644 blob 330766ef4f3403e05a6ad8ec30f25fe05fdbc199    3997	batch4-backend/venv/lib/python3.12/site-packages/pip/_vendor/urllib3/util/request.py
100644 blob 5ea609ccedf18eb4ab70f8fc6990448eb6407237    3510	batch4-backend/venv/lib/python3.12/site-packages/pip/_vendor/urllib3/util/response.py
100644 blob 9a1e90d0b236420d7f8b4c5c0325a7c17a1f3703   22050	batch4-backend/venv/lib/python3.12/site-packages/pip/_vendor/urllib3/util/retry.py
100644 blob 2b45d391d4d7398e4769f45f9dd25eb55daef437   17177	batch4-backend/venv/lib/python3.12/site-packages/pip/_vendor/urllib3/util/ssl_.py
100644 blob 1dd950c489607d06ecc5218292a1b55558b47be8    5758	batch4-backend/venv/lib/python3.12/site-packages/pip/_vendor/urllib3/util/ssl_match_hostname.py
100644 blob 4a7105d17916a7237f3df6e59d65ca82375f8803    6895	batch4-backend/venv/lib/python3.12/site-packages/pip/_vendor/urllib3/util/ssltransport.py
100644 blob 78e18a6272482e3946de83c0274badc4a5cfcdfa   10168	batch4-backend/venv/lib/python3.12/site-packages/pip/_vendor/urllib3/util/timeout.py
100644 blob a960b2f3c5f3d11fc9ae43638da9877d635e8d91   14296	batch4-backend/venv/lib/python3.12/site-packages/pip/_vendor/urllib3/util/url.py
100644 blob 21b4590b3dc9b58902b0d47164b9023e54a85ef8    5403	batch4-backend/venv/lib/python3.12/site-packages/pip/_vendor/urllib3/util/wait.py
100644 blob 5554c38ecbf5726f6063e2c0962c1298d2bc9019     493	batch4-backend/venv/lib/python3.12/site-packages/pip/_vendor/vendor.txt
100644 blob d21d697c887bed1f8ab7f36d10185e986d9f1e54   10579	batch4-backend/venv/lib/python3.12/site-packages/pip/_vendor/webencodings/__init__.py
100644 blob 29cbf91ef79b89971e51db9ddfc3720d8b4db82a    8979	batch4-backend/venv/lib/python3.12/site-packages/pip/_vendor/webencodings/labels.py
100644 blob 295dc928ba71fc00caa52708ac70097abe6dc3e4    1305	batch4-backend/venv/lib/python3.12/site-packages/pip/_vendor/webencodings/mklabels.py
100644 blob e12c10d033026f09cf97b81d29555e12aae8c762    6563	batch4-backend/venv/lib/python3.12/site-packages/pip/_vendor/webencodings/tests.py
100644 blob d16e326024c05a59548619e13258acad781e0a6d    4307	batch4-backend/venv/lib/python3.12/site-packages/pip/_vendor/webencodings/x_user_defined.py
100644 blob 493b53e4e7a3984ddd49780313bf3bd9901dc1e0     286	batch4-backend/venv/lib/python3.12/site-packages/pip/py.typed
100644 blob a1b589e38a32041e49332e5e81c2d363dc418d68       4	batch4-backend/venv/lib/python3.12/site-packages/pluggy-1.6.0.dist-info/INSTALLER
100644 blob 12345f88ebe873247f9298feca3e469e7e8af87f    4811	batch4-backend/venv/lib/python3.12/site-packages/pluggy-1.6.0.dist-info/METADATA
100644 blob 99939faf2fdc7ace5a8930315c8a77e4c7269f53    1617	batch4-backend/venv/lib/python3.12/site-packages/pluggy-1.6.0.dist-info/RECORD
100644 blob e69de29bb2d1d6434b8b29ae775ad8c2e48c5391       0	batch4-backend/venv/lib/python3.12/site-packages/pluggy-1.6.0.dist-info/REQUESTED
100644 blob e9653ae033ea36c4cecbdb5a1e4f6b376733b414      91	batch4-backend/venv/lib/python3.12/site-packages/pluggy-1.6.0.dist-info/WHEEL
100644 blob 85f4dd63d2da8e31d7e84d5180f016fdfe315c2c    1110	batch4-backend/venv/lib/python3.12/site-packages/pluggy-1.6.0.dist-info/licenses/LICENSE
100644 blob 11bdb5c1f5fcdd91af5d587c352039cb8476af49       7	batch4-backend/venv/lib/python3.12/site-packages/pluggy-1.6.0.dist-info/top_level.txt
100644 blob 8a651f499d9da137fd61a1aefcd8a031a86372c2     811	batch4-backend/venv/lib/python3.12/site-packages/pluggy/__init__.py
100644 blob 472d5dd05be442ad0dbe8ea5b8ca98b86e569fdc    5991	batch4-backend/venv/lib/python3.12/site-packages/pluggy/_callers.py
100644 blob 97fef0d75fc2c8c3fee866ce8d2cc19f9ab54c7c   25218	batch4-backend/venv/lib/python3.12/site-packages/pluggy/_hooks.py
100644 blob ff1e3ce6e300eaed456bf67cf61aa4d15fceeb1f   20219	batch4-backend/venv/lib/python3.12/site-packages/pluggy/_manager.py
100644 blob 656a58416cae5d9c9967f0e0b28052252a513704    3098	batch4-backend/venv/lib/python3.12/site-packages/pluggy/_result.py
100644 blob f0b36db1524ffe1dac4c93561d952ef0a7dbfd8a    2073	batch4-backend/venv/lib/python3.12/site-packages/pluggy/_tracing.py
100644 blob 6b8420c0cf04fcea74d1a3e80e6648132930972e     511	batch4-backend/venv/lib/python3.12/site-packages/pluggy/_version.py
100644 blob 6356c770c7d1f26ef4f90a4781b1386209f8169c     828	batch4-backend/venv/lib/python3.12/site-packages/pluggy/_warnings.py
100644 blob e69de29bb2d1d6434b8b29ae775ad8c2e48c5391       0	batch4-backend/venv/lib/python3.12/site-packages/pluggy/py.typed
100644 blob 85155a8c0a7bfb1f50a0323aa4631e50a2af9625    1673	batch4-backend/venv/lib/python3.12/site-packages/proto/__init__.py
100644 blob 6337a4792204d02264e4efa9f965c006c12dd078    7833	batch4-backend/venv/lib/python3.12/site-packages/proto/_file_info.py
100644 blob 75e89ebaac18b581197b10dc8b2e27111df621e1    1906	batch4-backend/venv/lib/python3.12/site-packages/proto/_package_info.py
100644 blob 2e2c5616644450c44656d67971f715449140b611    7354	batch4-backend/venv/lib/python3.12/site-packages/proto/datetime_helpers.py
100644 blob ab7e8b6e65f210d4a8284e91b431a4e1e2631ef2    5910	batch4-backend/venv/lib/python3.12/site-packages/proto/enums.py
100644 blob deb5fb4f60b89866bee0a3a8c5ba5021b57cbd2b    5373	batch4-backend/venv/lib/python3.12/site-packages/proto/fields.py
100644 blob 2e9fdcd1cdfc3595f03a2993bff6e428b6911b53     629	batch4-backend/venv/lib/python3.12/site-packages/proto/marshal/__init__.py
100644 blob 70906b51a741bedf601700a7aad0eb0125467d79     733	batch4-backend/venv/lib/python3.12/site-packages/proto/marshal/collections/__init__.py
100644 blob b067f4f639e3d4a7e0c5a9e08aad93c880a8f336    2877	batch4-backend/venv/lib/python3.12/site-packages/proto/marshal/collections/maps.py
100644 blob 3ce3923f6dc8434f53a243be61a8225c169a7f00    6912	batch4-backend/venv/lib/python3.12/site-packages/proto/marshal/collections/repeated.py
100644 blob b393acf5a447cc79913be8d3420e0bdc64c77382    2349	batch4-backend/venv/lib/python3.12/site-packages/proto/marshal/compat.py
100644 blob 8c612d181055158679da06c9aa0392c1ed1983cb   12696	batch4-backend/venv/lib/python3.12/site-packages/proto/marshal/marshal.py
100644 blob b0c7da3d7725b221298f8a38dadf11d4802dce0d     575	batch4-backend/venv/lib/python3.12/site-packages/proto/marshal/rules/__init__.py
100644 blob 080b0a03d4a028705ebd67978310e32c99ec740c    1593	batch4-backend/venv/lib/python3.12/site-packages/proto/marshal/rules/bytes.py
100644 blob 78abaab2e1dadc72045a732a9b66b9c4ba382abe    3052	batch4-backend/venv/lib/python3.12/site-packages/proto/marshal/rules/dates.py
100644 blob cedec9dbf84a80ea94676b1a3d596d1f0413f230    2213	batch4-backend/venv/lib/python3.12/site-packages/proto/marshal/rules/enums.py
100644 blob 348e7e3995d4e5fe810f87567a1296eb0b6510dd    1182	batch4-backend/venv/lib/python3.12/site-packages/proto/marshal/rules/field_mask.py
100644 blob c8e247898e5f332625ce82d1909cacc12ec5ec0d    2358	batch4-backend/venv/lib/python3.12/site-packages/proto/marshal/rules/message.py
100644 blob dae69e9c9121d9b71b2c98a2f2028ca2c9c7d66d    1787	batch4-backend/venv/lib/python3.12/site-packages/proto/marshal/rules/stringy_numbers.py
100644 blob 802702cd4da80596bd65ba1fead398493c670cb7    5189	batch4-backend/venv/lib/python3.12/site-packages/proto/marshal/rules/struct.py
100644 blob 5bc89e595851e42e70c32cb6d970084c48959d57    2280	batch4-backend/venv/lib/python3.12/site-packages/proto/marshal/rules/wrappers.py
100644 blob 1e5cd9cca62305028fe388718801728586a6ee7b   38791	batch4-backend/venv/lib/python3.12/site-packages/proto/message.py
100644 blob 4c5a3fa0e82806bf675eec5c1c70b28038334778    1584	batch4-backend/venv/lib/python3.12/site-packages/proto/modules.py
100644 blob cff2094c678bb52e75bf48271ae5c8e1d603310c    1000	batch4-backend/venv/lib/python3.12/site-packages/proto/primitives.py
100644 blob 2c5d9c871b200cebb4d5ba3a6e01160f375e9f39    1632	batch4-backend/venv/lib/python3.12/site-packages/proto/utils.py
100644 blob 48619a389c2033a7076ebb3bf8026e53e6a8bd6f     599	batch4-backend/venv/lib/python3.12/site-packages/proto/version.py
100644 blob a1b589e38a32041e49332e5e81c2d363dc418d68       4	batch4-backend/venv/lib/python3.12/site-packages/proto_plus-1.29.0.dist-info/INSTALLER
100644 blob 7299b1eb234637b130f052636d60d9c128e87a13    2250	batch4-backend/venv/lib/python3.12/site-packages/proto_plus-1.29.0.dist-info/METADATA
100644 blob fa444b7bb319435efc3b2fb13a8019845ccfd625    4160	batch4-backend/venv/lib/python3.12/site-packages/proto_plus-1.29.0.dist-info/RECORD
100644 blob e69de29bb2d1d6434b8b29ae775ad8c2e48c5391       0	batch4-backend/venv/lib/python3.12/site-packages/proto_plus-1.29.0.dist-info/REQUESTED
100644 blob 13013d7b49be5a84c3ee5931b06285b9553cf5d0      91	batch4-backend/venv/lib/python3.12/site-packages/proto_plus-1.29.0.dist-info/WHEEL
100644 blob d645695673349e3947e8e5ae42332d0ac3164cd7   11358	batch4-backend/venv/lib/python3.12/site-packages/proto_plus-1.29.0.dist-info/licenses/LICENSE
100644 blob 2ff540d5764b76cf7bac64fc2bb9df6e9c1b398a       6	batch4-backend/venv/lib/python3.12/site-packages/proto_plus-1.29.0.dist-info/top_level.txt
100644 blob a1b589e38a32041e49332e5e81c2d363dc418d68       4	batch4-backend/venv/lib/python3.12/site-packages/protobuf-7.36.2.dist-info/INSTALLER
100755 blob 19b305b00060a774a9180fb916c14b49edb2008f    1732	batch4-backend/venv/lib/python3.12/site-packages/protobuf-7.36.2.dist-info/LICENSE
100755 blob ee1cbed74149a4955440e0fde2b00b5622467787     595	batch4-backend/venv/lib/python3.12/site-packages/protobuf-7.36.2.dist-info/METADATA
100644 blob 60e880d00ea02251b95db6e6ff454ef74144e971    9642	batch4-backend/venv/lib/python3.12/site-packages/protobuf-7.36.2.dist-info/RECORD
100644 blob e69de29bb2d1d6434b8b29ae775ad8c2e48c5391       0	batch4-backend/venv/lib/python3.12/site-packages/protobuf-7.36.2.dist-info/REQUESTED
100755 blob 32a36992138eb4b08b3a7512306b10bb368edeb5     111	batch4-backend/venv/lib/python3.12/site-packages/protobuf-7.36.2.dist-info/WHEEL
100644 blob 5c661e66c1fa1c66721b3a330a5bc583937d08c9     329	batch4-backend/venv/lib/python3.12/site-packages/py.py
100644 blob a1b589e38a32041e49332e5e81c2d363dc418d68       4	batch4-backend/venv/lib/python3.12/site-packages/pyasn1-0.6.4.dist-info/INSTALLER
100644 blob c1c7f51bfb1bcee26c253d654f2b47e92ef11b15    8411	batch4-backend/venv/lib/python3.12/site-packages/pyasn1-0.6.4.dist-info/METADATA
100644 blob 41655f5b1b5d236e35f1a392c986016f3d601903    4953	batch4-backend/venv/lib/python3.12/site-packages/pyasn1-0.6.4.dist-info/RECORD
100644 blob e69de29bb2d1d6434b8b29ae775ad8c2e48c5391       0	batch4-backend/venv/lib/python3.12/site-packages/pyasn1-0.6.4.dist-info/REQUESTED
100644 blob 1d472b6c22838de58d1c3c0dd2c795a5cde9e415      91	batch4-backend/venv/lib/python3.12/site-packages/pyasn1-0.6.4.dist-info/WHEEL
100644 blob 598b8430eff95ffcc7152feb2c9668d716f1c8eb    1334	batch4-backend/venv/lib/python3.12/site-packages/pyasn1-0.6.4.dist-info/licenses/LICENSE.rst
100644 blob 38fe4145754bf81c4dea2535da2bd438975e7da5       7	batch4-backend/venv/lib/python3.12/site-packages/pyasn1-0.6.4.dist-info/top_level.txt
100644 blob 8b137891791fe96927ad78e64b0aad7bded08bdc       1	batch4-backend/venv/lib/python3.12/site-packages/pyasn1-0.6.4.dist-info/zip-safe
100644 blob b252b99d6ed7dba39e89eaf248e2ea03f6a93add      66	batch4-backend/venv/lib/python3.12/site-packages/pyasn1/__init__.py
100644 blob 8c3066b2e68f1883e46f696491daad967ba606bf      59	batch4-backend/venv/lib/python3.12/site-packages/pyasn1/codec/__init__.py
100644 blob 8c3066b2e68f1883e46f696491daad967ba606bf      59	batch4-backend/venv/lib/python3.12/site-packages/pyasn1/codec/ber/__init__.py
100644 blob e1b74e113fedc36938a78e62a9844c5b4a4ccc85   81248	batch4-backend/venv/lib/python3.12/site-packages/pyasn1/codec/ber/decoder.py
100644 blob f06b19e8539b5579a903f1493c6e9467bbf24695   29850	batch4-backend/venv/lib/python3.12/site-packages/pyasn1/codec/ber/encoder.py
100644 blob 8c91a3d285d30fc06838e70478eeea8c64c9c2bc     639	batch4-backend/venv/lib/python3.12/site-packages/pyasn1/codec/ber/eoo.py
100644 blob 8c3066b2e68f1883e46f696491daad967ba606bf      59	batch4-backend/venv/lib/python3.12/site-packages/pyasn1/codec/cer/__init__.py
100644 blob 4610446850e7039a84879d9b283d06202684a9bc    4603	batch4-backend/venv/lib/python3.12/site-packages/pyasn1/codec/cer/decoder.py
100644 blob 15a806459870dbabbddce63277e885ba7ab27d79    9852	batch4-backend/venv/lib/python3.12/site-packages/pyasn1/codec/cer/encoder.py
100644 blob 8c3066b2e68f1883e46f696491daad967ba606bf      59	batch4-backend/venv/lib/python3.12/site-packages/pyasn1/codec/der/__init__.py
100644 blob 2bef454f0b01717942af8a67e839f9871f9f01c3    3442	batch4-backend/venv/lib/python3.12/site-packages/pyasn1/codec/der/decoder.py
100644 blob 8e00138defa73e60a81364b3e70344f0603fc28a    3493	batch4-backend/venv/lib/python3.12/site-packages/pyasn1/codec/der/encoder.py
100644 blob 8c3066b2e68f1883e46f696491daad967ba606bf      59	batch4-backend/venv/lib/python3.12/site-packages/pyasn1/codec/native/__init__.py
100644 blob 881ce19b7dd79f2879c77a8b224ec6cfe79a4f50    9132	batch4-backend/venv/lib/python3.12/site-packages/pyasn1/codec/native/decoder.py
100644 blob ed5446bf1ad531e6b6aec5490ae91e13eae768bc    9198	batch4-backend/venv/lib/python3.12/site-packages/pyasn1/codec/native/encoder.py
100644 blob c35f24899bca4defd54ec0744bf46a8f831f69a7    6377	batch4-backend/venv/lib/python3.12/site-packages/pyasn1/codec/streaming.py
100644 blob d3e676ac6a56b74a71c8b915ab2b432deb8bf027     112	batch4-backend/venv/lib/python3.12/site-packages/pyasn1/compat/__init__.py
100644 blob 306210e5d9e7abf77946d545bd8e8c90bd50ab8e     404	batch4-backend/venv/lib/python3.12/site-packages/pyasn1/compat/integer.py
100644 blob 07194235466a40c96ed0bb81f4874793e7680cbf    3494	batch4-backend/venv/lib/python3.12/site-packages/pyasn1/debug.py
100644 blob 75c9a3f4cd09dd531f7eea8738d9ba4191389b78    3258	batch4-backend/venv/lib/python3.12/site-packages/pyasn1/error.py
100644 blob 8c3066b2e68f1883e46f696491daad967ba606bf      59	batch4-backend/venv/lib/python3.12/site-packages/pyasn1/type/__init__.py
100644 blob aa86e520c8407a243232612b7146bf89756ddb73   22050	batch4-backend/venv/lib/python3.12/site-packages/pyasn1/type/base.py
100644 blob ec65f00621dc958075cbc42948886dd9d622729e    9438	batch4-backend/venv/lib/python3.12/site-packages/pyasn1/type/char.py
100644 blob 02368d0a3cbf4d62b2e948d157d686b4a4780dcd   21915	batch4-backend/venv/lib/python3.12/site-packages/pyasn1/type/constraint.py
100644 blob 0ff082abc2a97da934b6c86aad57dde542f2d001     259	batch4-backend/venv/lib/python3.12/site-packages/pyasn1/type/error.py
100644 blob 5f6c4ca35263b09fd180d02cd78962047cd65123   16179	batch4-backend/venv/lib/python3.12/site-packages/pyasn1/type/namedtype.py
100644 blob 46a6496d03601eb6e1a7677053c0db542f7ced28    4899	batch4-backend/venv/lib/python3.12/site-packages/pyasn1/type/namedval.py
100644 blob 5a15f896da338a4dee9979f31b68d42594e92989    2861	batch4-backend/venv/lib/python3.12/site-packages/pyasn1/type/opentype.py
100644 blob 28cd3fdb411ccc854a8042e72f384424ba0b91ec    9865	batch4-backend/venv/lib/python3.12/site-packages/pyasn1/type/tag.py
100644 blob 7f8a955ac28e54ba63be39ee5d24fcb0c918c107    3000	batch4-backend/venv/lib/python3.12/site-packages/pyasn1/type/tagmap.py
100644 blob 8b786dd9bc845070c6b5ec877fff0c337904ba82  109578	batch4-backend/venv/lib/python3.12/site-packages/pyasn1/type/univ.py
100644 blob 49c00f5eb0363685b1ab5127abf7f91f2427b296    5389	batch4-backend/venv/lib/python3.12/site-packages/pyasn1/type/useful.py
100644 blob a1b589e38a32041e49332e5e81c2d363dc418d68       4	batch4-backend/venv/lib/python3.12/site-packages/pyasn1_modules-0.4.2.dist-info/INSTALLER
100644 blob 55fc9058fb77e7d4dc7ed0a96264d65a8e300739    3484	batch4-backend/venv/lib/python3.12/site-packages/pyasn1_modules-0.4.2.dist-info/METADATA
100644 blob b8dd9b453776f2591d7c4d2e6b5d5a638f8284b2   18800	batch4-backend/venv/lib/python3.12/site-packages/pyasn1_modules-0.4.2.dist-info/RECORD
100644 blob e69de29bb2d1d6434b8b29ae775ad8c2e48c5391       0	batch4-backend/venv/lib/python3.12/site-packages/pyasn1_modules-0.4.2.dist-info/REQUESTED
100644 blob 1eb3c49d99559863120cfb8433fc8738fba43ba9      91	batch4-backend/venv/lib/python3.12/site-packages/pyasn1_modules-0.4.2.dist-info/WHEEL
100644 blob 598b8430eff95ffcc7152feb2c9668d716f1c8eb    1334	batch4-backend/venv/lib/python3.12/site-packages/pyasn1_modules-0.4.2.dist-info/licenses/LICENSE.txt
100644 blob 9dad8496eeb6d7f49d6ce3392dc7d52e6e5c226a      15	batch4-backend/venv/lib/python3.12/site-packages/pyasn1_modules-0.4.2.dist-info/top_level.txt
100644 blob 8b137891791fe96927ad78e64b0aad7bded08bdc       1	batch4-backend/venv/lib/python3.12/site-packages/pyasn1_modules-0.4.2.dist-info/zip-safe
100644 blob 5b90010d7a0834169ef5324cf1d07ce985813038      65	batch4-backend/venv/lib/python3.12/site-packages/pyasn1_modules/__init__.py
100644 blob 29235ab5cf9a3c8c340e978c307f1424d03cebd6    1821	batch4-backend/venv/lib/python3.12/site-packages/pyasn1_modules/pem.py
100644 blob 18702345d136e30da968206754a757ca6afddd8c    2683	batch4-backend/venv/lib/python3.12/site-packages/pyasn1_modules/rfc1155.py
100644 blob df49e482db687471f80cef2fdd542f72719e7783    3554	batch4-backend/venv/lib/python3.12/site-packages/pyasn1_modules/rfc1157.py
100644 blob 658dcb938169eed38a4a2da5d43e523487223308     646	batch4-backend/venv/lib/python3.12/site-packages/pyasn1_modules/rfc1901.py
100644 blob 063998a9481ebdbdcf38c7af824719d9e544c2fe    3705	batch4-backend/venv/lib/python3.12/site-packages/pyasn1_modules/rfc1902.py
100644 blob 435427b2bc2ed528ceafe561c54d2072ce53be59    4831	batch4-backend/venv/lib/python3.12/site-packages/pyasn1_modules/rfc1905.py
100644 blob 094922cad0cd052e5b20d6e1078cc740b68de1eb   26931	batch4-backend/venv/lib/python3.12/site-packages/pyasn1_modules/rfc2251.py
100644 blob b0edfe09170a6b688a532fc8fc5ae9d4cf4d2abb    1313	batch4-backend/venv/lib/python3.12/site-packages/pyasn1_modules/rfc2314.py
100644 blob 1069fc27dd7ca67f49bb34cf52296adeb3ea396c    9666	batch4-backend/venv/lib/python3.12/site-packages/pyasn1_modules/rfc2315.py
100644 blob 88641cf07d4edd3639a7fce4f8085c921c40f9c0    2623	batch4-backend/venv/lib/python3.12/site-packages/pyasn1_modules/rfc2437.py
100644 blob 57f783e45159f9886758dd73d4892f63c2fc844f   50002	batch4-backend/venv/lib/python3.12/site-packages/pyasn1_modules/rfc2459.py
100644 blob 8935cdabe33251cc5d6e1ebc51578845143194d5   10350	batch4-backend/venv/lib/python3.12/site-packages/pyasn1_modules/rfc2511.py
100644 blob 017ac0b66e638e1dcff4a038699f426e9ce8ac84    8406	batch4-backend/venv/lib/python3.12/site-packages/pyasn1_modules/rfc2560.py
100644 blob 44e537101c433bf35b87b2b2947f33f58fb58f98    1219	batch4-backend/venv/lib/python3.12/site-packages/pyasn1_modules/rfc2631.py
100644 blob 2099a4b206ef1323fa0fbd8b7d3d5c9b83d61dac    9425	batch4-backend/venv/lib/python3.12/site-packages/pyasn1_modules/rfc2634.py
100644 blob 04c402b7ea6cddf9058e587bd6e3299838eebd58    1438	batch4-backend/venv/lib/python3.12/site-packages/pyasn1_modules/rfc2876.py
100644 blob 75bccf097dcd4c1f704f3207e5c35c562a90097b   14359	batch4-backend/venv/lib/python3.12/site-packages/pyasn1_modules/rfc2985.py
100644 blob 309637d1fe275f1ce34fb9711ff4f704431bc78a    1896	batch4-backend/venv/lib/python3.12/site-packages/pyasn1_modules/rfc2986.py
100644 blob 725de82ae71866187e685b32ea67f7e7e821926d     992	batch4-backend/venv/lib/python3.12/site-packages/pyasn1_modules/rfc3058.py
100644 blob badcb1f2140383a12b286f7db1be1cf640df89ac    1961	batch4-backend/venv/lib/python3.12/site-packages/pyasn1_modules/rfc3114.py
100644 blob 00ff9bff48046eb43c7b611cae59a0fb61987991   16707	batch4-backend/venv/lib/python3.12/site-packages/pyasn1_modules/rfc3125.py
100644 blob 0e1dcedb393be1ae9e2f270533e1d62f99d01308    4260	batch4-backend/venv/lib/python3.12/site-packages/pyasn1_modules/rfc3161.py
100644 blob 425e006f3ddb54e3ddbf3a85da585815943bfb25    1670	batch4-backend/venv/lib/python3.12/site-packages/pyasn1_modules/rfc3274.py
100644 blob f6e24deafc3e52bb79b0ff0811747b1d75899c65    6807	batch4-backend/venv/lib/python3.12/site-packages/pyasn1_modules/rfc3279.py
100644 blob 4c6df13280461ffe38e1e32f0ef8e759242b16fe   46620	batch4-backend/venv/lib/python3.12/site-packages/pyasn1_modules/rfc3280.py
100644 blob a78abf9feaa0b3d8b8d37ffab34a2060480e6eee    9866	batch4-backend/venv/lib/python3.12/site-packages/pyasn1_modules/rfc3281.py
100644 blob 51a9d5c5b1d8944c72222fc52998bed240afb09d    2811	batch4-backend/venv/lib/python3.12/site-packages/pyasn1_modules/rfc3370.py
100644 blob 2cf1e1020f2aeb86b7b52335fd536e6593cdcc4d    1956	batch4-backend/venv/lib/python3.12/site-packages/pyasn1_modules/rfc3412.py
100644 blob 00420cb01cd9f6cdc6751cdc4a35908b7341f824    1167	batch4-backend/venv/lib/python3.12/site-packages/pyasn1_modules/rfc3414.py
100644 blob 3352b70c9e7e0cb4f06a8e8cb09c78795fe5cba1    1605	batch4-backend/venv/lib/python3.12/site-packages/pyasn1_modules/rfc3447.py
100644 blob 374dd8193ca54427fd3b47ebd2fa213180ba8a3d     796	batch4-backend/venv/lib/python3.12/site-packages/pyasn1_modules/rfc3537.py
100644 blob 8365436df57b890b66afb762853c105c68f107d2    1818	batch4-backend/venv/lib/python3.12/site-packages/pyasn1_modules/rfc3560.py
100644 blob ec75e234892581f8c94dbdf180ee2af9150bc594    1438	batch4-backend/venv/lib/python3.12/site-packages/pyasn1_modules/rfc3565.py
100644 blob ebf23dabcb6ed0e5f27a6023df9cf7d9b5b5de60    1746	batch4-backend/venv/lib/python3.12/site-packages/pyasn1_modules/rfc3657.py
100644 blob aa1d5b6abff14a564094bb3cd2d8d96e39ab4feb    6469	batch4-backend/venv/lib/python3.12/site-packages/pyasn1_modules/rfc3709.py
100644 blob 4aa5aaf0de80c14c7bec5d8f840dfccdca50dd39    5122	batch4-backend/venv/lib/python3.12/site-packages/pyasn1_modules/rfc3739.py
100644 blob 3fefe1d90e2c6efdf1aa95bc1d4f09719f826d53    1743	batch4-backend/venv/lib/python3.12/site-packages/pyasn1_modules/rfc3770.py
100644 blob 8e6eaa3e7b293d62a8a66077c7d7e64fa9157332    3260	batch4-backend/venv/lib/python3.12/site-packages/pyasn1_modules/rfc3779.py
100644 blob b4ba34c05c228789195716b77d30cf4fd31c4c78    1478	batch4-backend/venv/lib/python3.12/site-packages/pyasn1_modules/rfc3820.py
100644 blob cf1bb85ad8af94cb05fde9b6ded429ea20113c73   20101	batch4-backend/venv/lib/python3.12/site-packages/pyasn1_modules/rfc3852.py
100644 blob 4981f76bedca81cd0f5146cd8c13effea9459d5d    1228	batch4-backend/venv/lib/python3.12/site-packages/pyasn1_modules/rfc4010.py
100644 blob cf0a801419bb94e56839e2142ba11d193d08f9bc    1067	batch4-backend/venv/lib/python3.12/site-packages/pyasn1_modules/rfc4043.py
100644 blob bdc128632a577621205d5da83a2d62889aaec761   10392	batch4-backend/venv/lib/python3.12/site-packages/pyasn1_modules/rfc4055.py
100644 blob 3f425b28eddb46b619c06f00fcc366e454734639    1636	batch4-backend/venv/lib/python3.12/site-packages/pyasn1_modules/rfc4073.py
100644 blob ecace9e3ee958500c827ac3d1cda8232e91db992   10598	batch4-backend/venv/lib/python3.12/site-packages/pyasn1_modules/rfc4108.py
100644 blob 0935e3e9acea85dd2c723c922b3ae017afbc4d37   28469	batch4-backend/venv/lib/python3.12/site-packages/pyasn1_modules/rfc4210.py
100644 blob c47b3c5dd25a4f11d17ed43c7a5383278af090b9   12110	batch4-backend/venv/lib/python3.12/site-packages/pyasn1_modules/rfc4211.py
100644 blob 44cd31b16699ea923fca604e209f0bb99ff5106e    1586	batch4-backend/venv/lib/python3.12/site-packages/pyasn1_modules/rfc4334.py
100644 blob 42b9e3ecb87a33027a79fcd5fff4fdf67c1f043e   15036	batch4-backend/venv/lib/python3.12/site-packages/pyasn1_modules/rfc4357.py
100644 blob c1f4e79acf4f9d839a18d817ffad72293b2a0757     441	batch4-backend/venv/lib/python3.12/site-packages/pyasn1_modules/rfc4387.py
100644 blob 25a0ccb7e88d3c5a12f15861b9f5ba59537b1742    1960	batch4-backend/venv/lib/python3.12/site-packages/pyasn1_modules/rfc4476.py
100644 blob b8fe32134e19f38dc385ab67082697235662868c    3401	batch4-backend/venv/lib/python3.12/site-packages/pyasn1_modules/rfc4490.py
100644 blob 60b5560dccaeabe54359e86244156e153120340f    1054	batch4-backend/venv/lib/python3.12/site-packages/pyasn1_modules/rfc4491.py
100644 blob 11ac65aa6860c0db8b0235f5b2882e6a20d951c4    1839	batch4-backend/venv/lib/python3.12/site-packages/pyasn1_modules/rfc4683.py
100644 blob 318e412380dfc345bb8c0bdf1e6d74afca370d58     961	batch4-backend/venv/lib/python3.12/site-packages/pyasn1_modules/rfc4985.py
100644 blob 1cec98249cb7395a3c8e48a1efb6f6c2362ff558    4523	batch4-backend/venv/lib/python3.12/site-packages/pyasn1_modules/rfc5035.py
100644 blob 26ef550c4795eb678bb10420aa5f162667121d23    1888	batch4-backend/venv/lib/python3.12/site-packages/pyasn1_modules/rfc5083.py
100644 blob 76868395619c618edf5a39bba97e9f7a0b9f0785    2855	batch4-backend/venv/lib/python3.12/site-packages/pyasn1_modules/rfc5084.py
100644 blob 8e016c209fea96cef48739ae42ec14ca71ed6a14   15780	batch4-backend/venv/lib/python3.12/site-packages/pyasn1_modules/rfc5126.py
100644 blob 295fdbf388bfed5c9c040d4c8690cc5cbb97d793    1432	batch4-backend/venv/lib/python3.12/site-packages/pyasn1_modules/rfc5208.py
100644 blob 1be959814264706401bf7178ebafff0f09062f7a   11605	batch4-backend/venv/lib/python3.12/site-packages/pyasn1_modules/rfc5275.py
100644 blob ed5d28f7516bd5e356bccb410a96ba9ee2b47557   51236	batch4-backend/venv/lib/python3.12/site-packages/pyasn1_modules/rfc5280.py
100644 blob 84c0c11b880a63f2af5f39ca0702b64fe58b3446    4834	batch4-backend/venv/lib/python3.12/site-packages/pyasn1_modules/rfc5480.py
100644 blob f87bc4ec82f0b2452c63f896bf45f21513977369    2324	batch4-backend/venv/lib/python3.12/site-packages/pyasn1_modules/rfc5636.py
100644 blob d48d30044b07a7344bfc105ad2a8bd5b4e343d92    1025	batch4-backend/venv/lib/python3.12/site-packages/pyasn1_modules/rfc5639.py
100644 blob 84809eeb188d23648f30940b9892619ad0699d58     830	batch4-backend/venv/lib/python3.12/site-packages/pyasn1_modules/rfc5649.py
100644 blob 1e958293df5e01d79b64c9c8798202079f3c4269   21451	batch4-backend/venv/lib/python3.12/site-packages/pyasn1_modules/rfc5652.py
100644 blob 8c5a9d3ecf37c51697443c3f85909afe235e0951    1702	batch4-backend/venv/lib/python3.12/site-packages/pyasn1_modules/rfc5697.py
100644 blob 7e200012c6bda47ed30e5dcd7f3a9daf898dc3f9    3198	batch4-backend/venv/lib/python3.12/site-packages/pyasn1_modules/rfc5751.py
100644 blob 1d0df8f45977effaf711079f0aa92980755b4e32    1431	batch4-backend/venv/lib/python3.12/site-packages/pyasn1_modules/rfc5752.py
100644 blob 94c37c2ab10ca604fbbef5260ac8565bc2a78d6c    4534	batch4-backend/venv/lib/python3.12/site-packages/pyasn1_modules/rfc5753.py
100644 blob 14f56fc600051edfe4b2dafce032aba8df45b674   12081	batch4-backend/venv/lib/python3.12/site-packages/pyasn1_modules/rfc5755.py
100644 blob 0bd065330d5c06dba90a984ed821bc90745ec3bb    1161	batch4-backend/venv/lib/python3.12/site-packages/pyasn1_modules/rfc5913.py
100644 blob d125ea2a65f3d9309446c0c06c0ed92035607daa    3714	batch4-backend/venv/lib/python3.12/site-packages/pyasn1_modules/rfc5914.py
100644 blob 82ff4a338bc14aa1924d7d2d16e95753db4194f5    1056	batch4-backend/venv/lib/python3.12/site-packages/pyasn1_modules/rfc5915.py
100644 blob ac23c86b79a8a800f2ee269863268fe086114e54     800	batch4-backend/venv/lib/python3.12/site-packages/pyasn1_modules/rfc5916.py
100644 blob ed9af987db5e9250eb722e45d799994c0bce09a4    1511	batch4-backend/venv/lib/python3.12/site-packages/pyasn1_modules/rfc5917.py
100644 blob 4358e4f52970ead3f77be63f9576e18ec7f9876b     425	batch4-backend/venv/lib/python3.12/site-packages/pyasn1_modules/rfc5924.py
100644 blob e3ad247aa07006fab85becd64fb34682cfebb402   23798	batch4-backend/venv/lib/python3.12/site-packages/pyasn1_modules/rfc5934.py
100644 blob e105923358b795b1547a1fae4aa29fffbbd80317    1613	batch4-backend/venv/lib/python3.12/site-packages/pyasn1_modules/rfc5940.py
100644 blob 1aaa9286aded7db76b8e3b1dab84bc61b8c367a8    2650	batch4-backend/venv/lib/python3.12/site-packages/pyasn1_modules/rfc5958.py
100644 blob 281316fb81a0b20f5e353f07c3a95b39777709d3    5505	batch4-backend/venv/lib/python3.12/site-packages/pyasn1_modules/rfc5990.py
100644 blob 250e207ba4e87f77d5e30ed87dd69e219728be69    2347	batch4-backend/venv/lib/python3.12/site-packages/pyasn1_modules/rfc6010.py
100644 blob c6872c76699c9fd4f80e8b58ecda934f2e8d724a    1086	batch4-backend/venv/lib/python3.12/site-packages/pyasn1_modules/rfc6019.py
100644 blob 6e1bb2261d57cc3f537814493a8a0c3c1b18ba29   12137	batch4-backend/venv/lib/python3.12/site-packages/pyasn1_modules/rfc6031.py
100644 blob 563639a8d66e1dd571ca0f819ab55d59c66b831b    1950	batch4-backend/venv/lib/python3.12/site-packages/pyasn1_modules/rfc6032.py
100644 blob ab256203a08e3d468f76ffd79968dcb164f61e9b     818	batch4-backend/venv/lib/python3.12/site-packages/pyasn1_modules/rfc6120.py
100644 blob e2876167b705a19f49247bdaa16cb099463c589c     409	batch4-backend/venv/lib/python3.12/site-packages/pyasn1_modules/rfc6170.py
100644 blob 4be005471623acbe31f20e608fdaddda9830a30b     489	batch4-backend/venv/lib/python3.12/site-packages/pyasn1_modules/rfc6187.py
100644 blob 28587b9e70b0fc0b2e2504ca8963d1c4af50eae4    1052	batch4-backend/venv/lib/python3.12/site-packages/pyasn1_modules/rfc6210.py
100644 blob abd7a8688d0ca856c525d138564dacb5fb945a3e    2257	batch4-backend/venv/lib/python3.12/site-packages/pyasn1_modules/rfc6211.py
100644 blob 5490b05fb973082255802cd9cc53c7f90e04a4b0   17148	batch4-backend/venv/lib/python3.12/site-packages/pyasn1_modules/rfc6402.py
100644 blob d213a46f8de4f2e71f2a363bd637929b0f6936fa    2085	batch4-backend/venv/lib/python3.12/site-packages/pyasn1_modules/rfc6482.py
100644 blob 31c936a4f259cdf194d768bdc47249816d761c48    1916	batch4-backend/venv/lib/python3.12/site-packages/pyasn1_modules/rfc6486.py
100644 blob d8c2f87423f98a0157f7bbd26152a39ede1d5acb     472	batch4-backend/venv/lib/python3.12/site-packages/pyasn1_modules/rfc6487.py
100644 blob 41629d8d7f85ef45a8b28dee523055807eb858dc    4270	batch4-backend/venv/lib/python3.12/site-packages/pyasn1_modules/rfc6664.py
100644 blob 09f2d6562ee6343bc8f8cc3056270ecab6169b2c    2814	batch4-backend/venv/lib/python3.12/site-packages/pyasn1_modules/rfc6955.py
100644 blob e5f13056490151af1baa46e90870a6f9485df609    7913	batch4-backend/venv/lib/python3.12/site-packages/pyasn1_modules/rfc6960.py
100644 blob 84b6dc5f9a35e63a4bc31d7e0715217c62a469c7    1441	batch4-backend/venv/lib/python3.12/site-packages/pyasn1_modules/rfc7030.py
100644 blob 7c2be1156278fb36441bf0e94a260e056fede4a4    7062	batch4-backend/venv/lib/python3.12/site-packages/pyasn1_modules/rfc7191.py
100644 blob e9bce2d5b61e14fe6428b438fbf8b7cce06cf147     743	batch4-backend/venv/lib/python3.12/site-packages/pyasn1_modules/rfc7229.py
100644 blob 1c9f319a5ddbd77fcc524aba8dfc51607d988247    8478	batch4-backend/venv/lib/python3.12/site-packages/pyasn1_modules/rfc7292.py
100644 blob 95a191a14ded9bf30fddb5b2d2654eb9382e8bae     885	batch4-backend/venv/lib/python3.12/site-packages/pyasn1_modules/rfc7296.py
100644 blob 66460240f149edf865f46759e862729655a872a0    2182	batch4-backend/venv/lib/python3.12/site-packages/pyasn1_modules/rfc7508.py
100644 blob b3fd4a5bacab6a00a68b78620ff832b0852b5c43    1076	batch4-backend/venv/lib/python3.12/site-packages/pyasn1_modules/rfc7585.py
100644 blob f518440ff4746dd7ad353d1dca0262c70cc84f6d     841	batch4-backend/venv/lib/python3.12/site-packages/pyasn1_modules/rfc7633.py
100644 blob 0fee2aa346c1da71e57c0143a0bf7515f3ee2bac    1315	batch4-backend/venv/lib/python3.12/site-packages/pyasn1_modules/rfc7773.py
100644 blob 41936433d14bf6e0ce074649931e826758251ade    2769	batch4-backend/venv/lib/python3.12/site-packages/pyasn1_modules/rfc7894.py
100644 blob fa5f6b0733c6cc12f4effd830db579b705f90ed3   18921	batch4-backend/venv/lib/python3.12/site-packages/pyasn1_modules/rfc7906.py
100644 blob 99e95515672280db5df6d0e7e336d678e89d89aa    1493	batch4-backend/venv/lib/python3.12/site-packages/pyasn1_modules/rfc7914.py
100644 blob fefed1dcd6b5e015824bf3df34ed0879dcc9327b    4178	batch4-backend/venv/lib/python3.12/site-packages/pyasn1_modules/rfc8017.py
100644 blob 7a44eea8d25e9cb59c44442e0dc683e3b30237f3    6166	batch4-backend/venv/lib/python3.12/site-packages/pyasn1_modules/rfc8018.py
100644 blob 6429e8635f6d6db06dc3f981dbb80edb3940517a    1017	batch4-backend/venv/lib/python3.12/site-packages/pyasn1_modules/rfc8103.py
100644 blob 7d70f51b0c001f5d8165d90bb066f51b68892996     393	batch4-backend/venv/lib/python3.12/site-packages/pyasn1_modules/rfc8209.py
100644 blob e7fe9460e95d8cef0effb2198859afaf73d5c910    4291	batch4-backend/venv/lib/python3.12/site-packages/pyasn1_modules/rfc8226.py
100644 blob 647a366622ade8f56675ef9eae282a1a7661cc34    1136	batch4-backend/venv/lib/python3.12/site-packages/pyasn1_modules/rfc8358.py
100644 blob ca180c18d81b728938526992b9e314009a9eb1de    1075	batch4-backend/venv/lib/python3.12/site-packages/pyasn1_modules/rfc8360.py
100644 blob 151b6321079543ee2ec40dcf7204be5262c314c2    1192	batch4-backend/venv/lib/python3.12/site-packages/pyasn1_modules/rfc8398.py
100644 blob 98bc97bb14b297a5f3024fb32270201d623e25dd     971	batch4-backend/venv/lib/python3.12/site-packages/pyasn1_modules/rfc8410.py
100644 blob 6e76487c88b18d8bd1a1109141add4e6d750f2e5    1109	batch4-backend/venv/lib/python3.12/site-packages/pyasn1_modules/rfc8418.py
100644 blob f10994be28e889a056cd136a83a2f62b3d192834    1704	batch4-backend/venv/lib/python3.12/site-packages/pyasn1_modules/rfc8419.py
100644 blob 57f78b62f2c2334827caedee36b9fa74dcc1ba86    1142	batch4-backend/venv/lib/python3.12/site-packages/pyasn1_modules/rfc8479.py
100644 blob fe349e14ca1233f4fbb1f0c7093a3c69a60303b6    2363	batch4-backend/venv/lib/python3.12/site-packages/pyasn1_modules/rfc8494.py
100644 blob b9eb6e93778620646e66da18b755266ef29121db    1496	batch4-backend/venv/lib/python3.12/site-packages/pyasn1_modules/rfc8520.py
100644 blob 0aaa811bad0e8cb1f1d7ade6d59c95e702591916    1136	batch4-backend/venv/lib/python3.12/site-packages/pyasn1_modules/rfc8619.py
100644 blob c405f050e8e68e22be0b3308b30185ec57742278     982	batch4-backend/venv/lib/python3.12/site-packages/pyasn1_modules/rfc8649.py
100644 blob 7a6791ad200a4e51a182c79ee5959823de436512    2098	batch4-backend/venv/lib/python3.12/site-packages/pyasn1_modules/rfc8692.py
100644 blob 4c6d38d4410b427ed6939daa62fe82c3f9942ee7    3479	batch4-backend/venv/lib/python3.12/site-packages/pyasn1_modules/rfc8696.py
100644 blob 977c278760fbb30da1682c5d0d862ae54cdfc86f    2739	batch4-backend/venv/lib/python3.12/site-packages/pyasn1_modules/rfc8702.py
100644 blob 3e9909cf906bf00135faec6916bcf2d1f38b3935     978	batch4-backend/venv/lib/python3.12/site-packages/pyasn1_modules/rfc8708.py
100644 blob 5d2b3006748a8710cd46fd63eed1a589a7e1e69c     441	batch4-backend/venv/lib/python3.12/site-packages/pyasn1_modules/rfc8769.py
100644 blob a1b589e38a32041e49332e5e81c2d363dc418d68       4	batch4-backend/venv/lib/python3.12/site-packages/pycparser-3.0.dist-info/INSTALLER
100644 blob b94a88bb3f4d9b5d41bd639b818f79c01dce4fd1    8229	batch4-backend/venv/lib/python3.12/site-packages/pycparser-3.0.dist-info/METADATA
100644 blob a29596d04aef24aec01d865ed17cab0885a465ff    1572	batch4-backend/venv/lib/python3.12/site-packages/pycparser-3.0.dist-info/RECORD
100644 blob e69de29bb2d1d6434b8b29ae775ad8c2e48c5391       0	batch4-backend/venv/lib/python3.12/site-packages/pycparser-3.0.dist-info/REQUESTED
100644 blob fbbd86cb272bc6e329803bf67f442f2a124caa95      92	batch4-backend/venv/lib/python3.12/site-packages/pycparser-3.0.dist-info/WHEEL
100644 blob bee14a47d2d83f2d4e3aca6d5a41e587ebf3c516    1543	batch4-backend/venv/lib/python3.12/site-packages/pycparser-3.0.dist-info/licenses/LICENSE
100644 blob dc1c9e101ad9ccd943b359338ef42c342ebc84a1      10	batch4-backend/venv/lib/python3.12/site-packages/pycparser-3.0.dist-info/top_level.txt
100644 blob 0606c03e205a154bb751de57fe8e03e277491fb0    2829	batch4-backend/venv/lib/python3.12/site-packages/pycparser/__init__.py
100644 blob 6df0b6a9b37e4cfc70a49c20c42b8a5e1828827c   11292	batch4-backend/venv/lib/python3.12/site-packages/pycparser/_ast_gen.py
100644 blob 0626533e8adf517da897ec047c8deb6ad41c38c9    4255	batch4-backend/venv/lib/python3.12/site-packages/pycparser/_c_ast.cfg
100644 blob 1051737f65d106e23acf8685b57dfd12c811b934    5899	batch4-backend/venv/lib/python3.12/site-packages/pycparser/ast_transforms.py
100644 blob b6f42af8a183ee61b9ff8f2d85c60cd3eb18afc4   32954	batch4-backend/venv/lib/python3.12/site-packages/pycparser/c_ast.py
100644 blob 424e00e06bec67f6285e51947a3896a81592ae49   20661	batch4-backend/venv/lib/python3.12/site-packages/pycparser/c_generator.py
100644 blob ef59d695448751017f34fb033196a0217f48e5f0   25155	batch4-backend/venv/lib/python3.12/site-packages/pycparser/c_lexer.py
100644 blob f980672cf5eeccea5dc2e60b264d17dd1fbcd058   89798	batch4-backend/venv/lib/python3.12/site-packages/pycparser/c_parser.py
100644 blob a1b589e38a32041e49332e5e81c2d363dc418d68       4	batch4-backend/venv/lib/python3.12/site-packages/pydantic-2.13.5.dist-info/INSTALLER
100644 blob 10d0af0e7f62b3bf1d852e0b2d7a60ab45e6f50b  110178	batch4-backend/venv/lib/python3.12/site-packages/pydantic-2.13.5.dist-info/METADATA
100644 blob 15e41d3231668562cbacea15889eebe39607886e   15546	batch4-backend/venv/lib/python3.12/site-packages/pydantic-2.13.5.dist-info/RECORD
100644 blob e69de29bb2d1d6434b8b29ae775ad8c2e48c5391       0	batch4-backend/venv/lib/python3.12/site-packages/pydantic-2.13.5.dist-info/REQUESTED
100644 blob 51abe1f5e66cc9d07fda22a3bbe1f89475795969      87	batch4-backend/venv/lib/python3.12/site-packages/pydantic-2.13.5.dist-info/WHEEL
100644 blob 488c6260c10f2e88fa1fae58a63fccec8d600cd1    1129	batch4-backend/venv/lib/python3.12/site-packages/pydantic-2.13.5.dist-info/licenses/LICENSE
100644 blob 01212849e733d8f07df79b27f328a294c54d7fe3   15812	batch4-backend/venv/lib/python3.12/site-packages/pydantic/__init__.py
100644 blob e69de29bb2d1d6434b8b29ae775ad8c2e48c5391       0	batch4-backend/venv/lib/python3.12/site-packages/pydantic/_internal/__init__.py
100644 blob 73b5870891629a6f1351ef825cc1e2a3d1728268   14839	batch4-backend/venv/lib/python3.12/site-packages/pydantic/_internal/_config.py
100644 blob 9f2510c03429b6de24063bec5937e4334077722d    5162	batch4-backend/venv/lib/python3.12/site-packages/pydantic/_internal/_core_metadata.py
100644 blob caa51e8c4630458020486407c032f0a8b78bba75    6487	batch4-backend/venv/lib/python3.12/site-packages/pydantic/_internal/_core_utils.py
100644 blob f00c8b77723ba2c269d858c0c7c6bb9f04fba7f2   13188	batch4-backend/venv/lib/python3.12/site-packages/pydantic/_internal/_dataclasses.py
100644 blob e24ad2cf924b0940b1d1d41f2ccbe4b20f380947   33620	batch4-backend/venv/lib/python3.12/site-packages/pydantic/_internal/_decorators.py
100644 blob 34273779d77666f5cd775f6a2684641092db67ee    6185	batch4-backend/venv/lib/python3.12/site-packages/pydantic/_internal/_decorators_v1.py
100644 blob fc52f30889816b7161f41ae030df05e46ec5f557   26255	batch4-backend/venv/lib/python3.12/site-packages/pydantic/_internal/_discriminated_union.py
100644 blob 6df77bf6c7786a480a9b5aa4c9a816944dc72ed2    4127	batch4-backend/venv/lib/python3.12/site-packages/pydantic/_internal/_docs_extraction.py
100644 blob 9a2a96b9269c18a40550cb8bd4965e31e8e8c605   31557	batch4-backend/venv/lib/python3.12/site-packages/pydantic/_internal/_fields.py
100644 blob 231f81d11b87ef05d4765cd61d88d7348eb9e401     611	batch4-backend/venv/lib/python3.12/site-packages/pydantic/_internal/_forward_ref.py
100644 blob 98fae40d6e311c432cc108ae6accf774d3c5c4e7  136348	batch4-backend/venv/lib/python3.12/site-packages/pydantic/_internal/_generate_schema.py
100644 blob f3e927cb0697f162039ebf6371e1b4903d8417a5   23393	batch4-backend/venv/lib/python3.12/site-packages/pydantic/_internal/_generics.py
100644 blob 96dcda28f801cd19989838b029f6f2b250dedc52     809	batch4-backend/venv/lib/python3.12/site-packages/pydantic/_internal/_git.py
100644 blob 638102f771dd674799255cc6ef69cacb2c184d13     402	batch4-backend/venv/lib/python3.12/site-packages/pydantic/_internal/_import_utils.py
100644 blob 33e152cc8d178486ef016285855495a86d5991d8     144	batch4-backend/venv/lib/python3.12/site-packages/pydantic/_internal/_internal_dataclass.py
100644 blob 5954dba7017edd9b55ddb0eb1831fa449a8edf7c   16805	batch4-backend/venv/lib/python3.12/site-packages/pydantic/_internal/_known_annotated_metadata.py
100644 blob 9125ab32e5348b6e873c4b1939a887ebde35d97a    8885	batch4-backend/venv/lib/python3.12/site-packages/pydantic/_internal/_mock_val_ser.py
100644 blob b7945442fb20d23ae16a2603130ffe566fb0989f   38928	batch4-backend/venv/lib/python3.12/site-packages/pydantic/_internal/_model_construction.py
100644 blob af0cddb03d6700b5f292c7231b32d9a92a8472eb   12878	batch4-backend/venv/lib/python3.12/site-packages/pydantic/_internal/_namespace_utils.py
100644 blob 7e80a9c83db0f142fd5ae577a4388aa8ad4d0444    5172	batch4-backend/venv/lib/python3.12/site-packages/pydantic/_internal/_repr.py
100644 blob 8e07b20e70990287a874c8cf5bd932fb57d30d45    9052	batch4-backend/venv/lib/python3.12/site-packages/pydantic/_internal/_schema_gather.py
100644 blob b231a82e1969822695bb3680217b66e73c81d017    4842	batch4-backend/venv/lib/python3.12/site-packages/pydantic/_internal/_schema_generation_shared.py
100644 blob a4058e009020e28658e13e30731b2eb29eb0d154    1491	batch4-backend/venv/lib/python3.12/site-packages/pydantic/_internal/_serializers.py
100644 blob 3b0c5ae8c40158a28a3b0cf21116c9695208076e    6808	batch4-backend/venv/lib/python3.12/site-packages/pydantic/_internal/_signature.py
100644 blob c217f1127d7c71ab47720263384b9564abe69a29   31574	batch4-backend/venv/lib/python3.12/site-packages/pydantic/_internal/_typing_extra.py
100644 blob 7a0346d8470c4a4827f785905a596e9e992ec741   15959	batch4-backend/venv/lib/python3.12/site-packages/pydantic/_internal/_utils.py
100644 blob 49ccd4f2d321128dbabb02a2eef2616875da0b95    5366	batch4-backend/venv/lib/python3.12/site-packages/pydantic/_internal/_validate_call.py
100644 blob 3ad6c92790404b7b63cafed02e9dccb5c4fb7a3a   20563	batch4-backend/venv/lib/python3.12/site-packages/pydantic/_internal/_validators.py
100644 blob b4ecd283a0ac53c55ff75e9a03669d03b2d0ea30   12160	batch4-backend/venv/lib/python3.12/site-packages/pydantic/_migration.py
100644 blob 0b7653f5825979edcd446d698d320bdb980b8e9e    2124	batch4-backend/venv/lib/python3.12/site-packages/pydantic/alias_generators.py
100644 blob ac2273701b5a0ae7cb0d0171cd08a7bbf77a9178    4937	batch4-backend/venv/lib/python3.12/site-packages/pydantic/aliases.py
100644 blob d0cb5d3d4616f938aea2aae42985b4c166b500cc    4407	batch4-backend/venv/lib/python3.12/site-packages/pydantic/annotated_handlers.py
100644 blob 9977150c92fcb083fcdfa632c9de3b5fa92470cb     148	batch4-backend/venv/lib/python3.12/site-packages/pydantic/class_validators.py
100644 blob 9a42d586fd71a786ba63a4d5ce55a0ed93d866b0   21481	batch4-backend/venv/lib/python3.12/site-packages/pydantic/color.py
100644 blob 6d895258c50e3d29fc556824f56c4216b00a1599   44533	batch4-backend/venv/lib/python3.12/site-packages/pydantic/config.py
100644 blob 46401c310ee7d950d671368eb7e2899ed5b80ca1   18963	batch4-backend/venv/lib/python3.12/site-packages/pydantic/dataclasses.py
100644 blob 53d52649e7620965ed194240a3becaa3ce3e3448     150	batch4-backend/venv/lib/python3.12/site-packages/pydantic/datetime_parse.py
100644 blob 0d97560c1b791956726b04fd66740a947647aabe     145	batch4-backend/venv/lib/python3.12/site-packages/pydantic/decorator.py
100644 blob e69de29bb2d1d6434b8b29ae775ad8c2e48c5391       0	batch4-backend/venv/lib/python3.12/site-packages/pydantic/deprecated/__init__.py
100644 blob e6ba195064646af6b128c6be769790d8fa06c925   10281	batch4-backend/venv/lib/python3.12/site-packages/pydantic/deprecated/class_validators.py
100644 blob bd4692ace9b4594799974d6ecf8d44357d1d02c5    2663	batch4-backend/venv/lib/python3.12/site-packages/pydantic/deprecated/config.py
100644 blob 0170dc08bc13d29ef4b23476877fc22dc81bdfff    7618	batch4-backend/venv/lib/python3.12/site-packages/pydantic/deprecated/copy_internals.py
100644 blob e73ad209ae86b26d6fa892f1eba39cfc28980970   10845	batch4-backend/venv/lib/python3.12/site-packages/pydantic/deprecated/decorator.py
100644 blob 1e216a765d15d5dd9e379f9de4f8f91ab8063877    4657	batch4-backend/venv/lib/python3.12/site-packages/pydantic/deprecated/json.py
100644 blob 2a92e62b7b2e8dab77cbe0c2dbb79c810af7f452    2511	batch4-backend/venv/lib/python3.12/site-packages/pydantic/deprecated/parse.py
100644 blob 5ad7faef2ec69eaa737a58d3587770a612a510d8    3330	batch4-backend/venv/lib/python3.12/site-packages/pydantic/deprecated/tools.py
100644 blob cd0b04e6a43c1bb3767dd136a19a9873fa547514     148	batch4-backend/venv/lib/python3.12/site-packages/pydantic/env_settings.py
100644 blob 2985419abf23f5e529af43883f1d365452e4190a     150	batch4-backend/venv/lib/python3.12/site-packages/pydantic/error_wrappers.py
100644 blob 33851bded20b1125a3b55ecc03727692ed78e1db    6013	batch4-backend/venv/lib/python3.12/site-packages/pydantic/errors.py
100644 blob 5b5add10921077da0928529592a75e7ada7ecee5     104	batch4-backend/venv/lib/python3.12/site-packages/pydantic/experimental/__init__.py
100644 blob af4a8f3be3242519b529668e321dd8393241f7ea    1866	batch4-backend/venv/lib/python3.12/site-packages/pydantic/experimental/arguments_schema.py
100644 blob 3e7f820ceda3b8d984f01ad0aaa1e150f06beda3     127	batch4-backend/venv/lib/python3.12/site-packages/pydantic/experimental/missing_sentinel.py
100644 blob 9ead658f06ff547613803ac852be85e643bfc584   23956	batch4-backend/venv/lib/python3.12/site-packages/pydantic/experimental/pipeline.py
100644 blob ede966fa8010c070fede69d8f048b618a1b38f17   82023	batch4-backend/venv/lib/python3.12/site-packages/pydantic/fields.py
100644 blob ed6333694a99892db37497f6ccc587ecd72fe1aa   18117	batch4-backend/venv/lib/python3.12/site-packages/pydantic/functional_serializers.py
100644 blob 558e99c1e7a09e3c894d769c96cb28e25dc537ca   31724	batch4-backend/venv/lib/python3.12/site-packages/pydantic/functional_validators.py
100644 blob 3f1070d08f3ac5bd554794401734eb349373ab8e     144	batch4-backend/venv/lib/python3.12/site-packages/pydantic/generics.py
100644 blob bcaff9f57958b8c0938255fd8f937293c5850cbd     140	batch4-backend/venv/lib/python3.12/site-packages/pydantic/json.py
100644 blob b9b21fd52a4235e740a85793e45b2b7b58e02d0b  125955	batch4-backend/venv/lib/python3.12/site-packages/pydantic/json_schema.py
100644 blob 2ed62e5f3eded5d1e6b0052130e8d5f8627a60c6   85334	batch4-backend/venv/lib/python3.12/site-packages/pydantic/main.py
100644 blob 4c73b5448dec28841bf2fc9b471e9f5d8fffa534   61074	batch4-backend/venv/lib/python3.12/site-packages/pydantic/mypy.py
100644 blob 4015bad6b0db49006923bc1ba05fd0b8c06e072a   42102	batch4-backend/venv/lib/python3.12/site-packages/pydantic/networks.py
100644 blob 68b7f0464ece32edfb955eec0cb24655752716d6     141	batch4-backend/venv/lib/python3.12/site-packages/pydantic/parse.py
100644 blob 840d20a09ef27b084440ad16e221403bddd2ac3a    7333	batch4-backend/venv/lib/python3.12/site-packages/pydantic/plugin/__init__.py
100644 blob e8226fafe98131afa3bee9b70d0324d694c72da5    2213	batch4-backend/venv/lib/python3.12/site-packages/pydantic/plugin/_loader.py
100644 blob 6ca55634aa07cd5180b1562e88167f94fcdf5232    5815	batch4-backend/venv/lib/python3.12/site-packages/pydantic/plugin/_schema_validator.py
100644 blob e69de29bb2d1d6434b8b29ae775ad8c2e48c5391       0	batch4-backend/venv/lib/python3.12/site-packages/pydantic/py.typed
100644 blob d2900433ed5d2d186f3dca0cbdaabfeecaaf5cde    6394	batch4-backend/venv/lib/python3.12/site-packages/pydantic/root_model.py
100644 blob a3245a61afd0f59143f38ee809ee2d784d9198eb     142	batch4-backend/venv/lib/python3.12/site-packages/pydantic/schema.py
100644 blob fdc68c4f4a35e8d8200b3aafcda63d43839da375     141	batch4-backend/venv/lib/python3.12/site-packages/pydantic/tools.py
100644 blob d962305f2c923a6046b8234a334bdca0e644b159   36123	batch4-backend/venv/lib/python3.12/site-packages/pydantic/type_adapter.py
100644 blob 467bc8285b4d6a1fa271d0aaa7d1f6fb7735c7a0  105961	batch4-backend/venv/lib/python3.12/site-packages/pydantic/types.py
100644 blob 0bda22d02ffc59f306ded475805343aef2855f49     138	batch4-backend/venv/lib/python3.12/site-packages/pydantic/typing.py
100644 blob 8d1e2a81c5f0d1bd858bf12ccf15b1461008cf99     141	batch4-backend/venv/lib/python3.12/site-packages/pydantic/utils.py
100644 blob 6ad3f466684df5c377480a8e181971a1b2f0016a    2946	batch4-backend/venv/lib/python3.12/site-packages/pydantic/v1/__init__.py
100644 blob b62234d50750cbcf6d3ebba02d2ee54afb8c7347   14847	batch4-backend/venv/lib/python3.12/site-packages/pydantic/v1/_hypothesis_plugin.py
100644 blob d9eaaafd5b6b2617baf3b3c889659c5bac807ff2    3157	batch4-backend/venv/lib/python3.12/site-packages/pydantic/v1/annotated_types.py
100644 blob 2f68fc8600038d8de10017b0d02a3fde77a06ba6   14672	batch4-backend/venv/lib/python3.12/site-packages/pydantic/v1/class_validators.py
100644 blob b0bbf78f4367c3e13a5aac0df09b5824d8f7e6ea   16844	batch4-backend/venv/lib/python3.12/site-packages/pydantic/v1/color.py
100644 blob 18f7c999bee0fab95293b2434047fd20532a6446    6532	batch4-backend/venv/lib/python3.12/site-packages/pydantic/v1/config.py
100644 blob bd1670291d6622a28ecb5b8e9ad68f4bac9305d7   18172	batch4-backend/venv/lib/python3.12/site-packages/pydantic/v1/dataclasses.py
100644 blob a7598fc6c56688c4dd6526fc6e8b8e03682f62e8    7724	batch4-backend/venv/lib/python3.12/site-packages/pydantic/v1/datetime_parse.py
100644 blob 2c7c2c2ffdb45ca50cd2b7e57bde1fc711adb851   10339	batch4-backend/venv/lib/python3.12/site-packages/pydantic/v1/decorator.py
100644 blob 5f6f217500d8ca1e7717f59ae372ee9a27660fe3   14105	batch4-backend/venv/lib/python3.12/site-packages/pydantic/v1/env_settings.py
100644 blob bc7f263146ee4f1701391a2436ab38e5e16f0e1a    5196	batch4-backend/venv/lib/python3.12/site-packages/pydantic/v1/error_wrappers.py
100644 blob 6e8644258a6ccf999a19f69c359452a109e54ffe   17726	batch4-backend/venv/lib/python3.12/site-packages/pydantic/v1/errors.py
100644 blob 002b60cde1bf28bbbf20af824638503d598fbc60   50649	batch4-backend/venv/lib/python3.12/site-packages/pydantic/v1/fields.py
100644 blob fa1dcec42d7fc6310f0f243dd1a50f296d0146f4   17829	batch4-backend/venv/lib/python3.12/site-packages/pydantic/v1/generics.py
100644 blob 41d0d5fcae0d946401c2d089b69143f540618b90    3390	batch4-backend/venv/lib/python3.12/site-packages/pydantic/v1/json.py
100644 blob 36e9c44c98735ece2d784f5ad1d60b783e39ce59   45697	batch4-backend/venv/lib/python3.12/site-packages/pydantic/v1/main.py
100644 blob 0a77569218ce6f832e7221b1f557d811318402e7   38860	batch4-backend/venv/lib/python3.12/site-packages/pydantic/v1/mypy.py
100644 blob ba07b74867b83beaaabc3afe2e19d77d71544338   22124	batch4-backend/venv/lib/python3.12/site-packages/pydantic/v1/networks.py
100644 blob 431d75a6406f3cf79ae4fcd26a2ad35fb5030526    1821	batch4-backend/venv/lib/python3.12/site-packages/pydantic/v1/parse.py
100644 blob e69de29bb2d1d6434b8b29ae775ad8c2e48c5391       0	batch4-backend/venv/lib/python3.12/site-packages/pydantic/v1/py.typed
100644 blob a91fe2cd4ae12e619a0ca34baf14400ded5f14cf   47801	batch4-backend/venv/lib/python3.12/site-packages/pydantic/v1/schema.py
100644 blob 6838a23ecc7419f0478449d9d680c230a99c20e0    2881	batch4-backend/venv/lib/python3.12/site-packages/pydantic/v1/tools.py
100644 blob e1840d99f79683412aebfc23ced893d0716c1400   35455	batch4-backend/venv/lib/python3.12/site-packages/pydantic/v1/types.py
100644 blob c5c59794b9b3d29765e24bfb05880de78e6f5a25   20102	batch4-backend/venv/lib/python3.12/site-packages/pydantic/v1/typing.py
100644 blob 2094e84fad951d6620635cf86f7f5fb647c5c20b   26014	batch4-backend/venv/lib/python3.12/site-packages/pydantic/v1/utils.py
100644 blob c0940e8114a47ceacf21f4df946a6401946b9b8f   22187	batch4-backend/venv/lib/python3.12/site-packages/pydantic/v1/validators.py
100644 blob 6ba1cb08332b03fc85194d29ee76ab993ea951c9    1039	batch4-backend/venv/lib/python3.12/site-packages/pydantic/v1/version.py
100644 blob 4bc899146d96b216fa7b02b951bc271243bdf3ee    4416	batch4-backend/venv/lib/python3.12/site-packages/pydantic/validate_call_decorator.py
100644 blob 7921b04f05d5ef0ad20365e7372a48d86724dc51     146	batch4-backend/venv/lib/python3.12/site-packages/pydantic/validators.py
100644 blob 560f34a29332eb2207f7d3e4ca011ba04e12c26a    3985	batch4-backend/venv/lib/python3.12/site-packages/pydantic/version.py
100644 blob 02323b8da5924aa3285dd557b2a33533053534bd    4822	batch4-backend/venv/lib/python3.12/site-packages/pydantic/warnings.py
100644 blob a1b589e38a32041e49332e5e81c2d363dc418d68       4	batch4-backend/venv/lib/python3.12/site-packages/pydantic_core-2.46.5.dist-info/INSTALLER
100644 blob d3f72db07f6572c94a43cb2698914731559b0ee0    6573	batch4-backend/venv/lib/python3.12/site-packages/pydantic_core-2.46.5.dist-info/METADATA
100644 blob 41c220ef8f63c5bf88b3016c03217f4772b03a75    1222	batch4-backend/venv/lib/python3.12/site-packages/pydantic_core-2.46.5.dist-info/RECORD
100644 blob e69de29bb2d1d6434b8b29ae775ad8c2e48c5391       0	batch4-backend/venv/lib/python3.12/site-packages/pydantic_core-2.46.5.dist-info/REQUESTED
100644 blob 8cb0d6de817f7465cb6ec7350875faa12c62365a     147	batch4-backend/venv/lib/python3.12/site-packages/pydantic_core-2.46.5.dist-info/WHEEL
100644 blob 0716871caabdbbb3e77a0371d49936cef1923ea1    1080	batch4-backend/venv/lib/python3.12/site-packages/pydantic_core-2.46.5.dist-info/licenses/LICENSE
100644 blob 33f43e2c960cb7c51ad619645e939be105a266b1  125376	batch4-backend/venv/lib/python3.12/site-packages/pydantic_core-2.46.5.dist-info/sboms/pydantic-core.cyclonedx.json
100644 blob d5facd16196818c1cc9a4cf78e4fae6efb273b40    5115	batch4-backend/venv/lib/python3.12/site-packages/pydantic_core/__init__.py
100755 blob a2dcaf3fc6986f2bf3531a5c7a0b628dd2a70cf8 4692312	batch4-backend/venv/lib/python3.12/site-packages/pydantic_core/_pydantic_core.cpython-312-x86_64-linux-gnu.so
100644 blob 122c86faae3998f4e594c791ae1afab8f332850f   45932	batch4-backend/venv/lib/python3.12/site-packages/pydantic_core/_pydantic_core.pyi
100644 blob 6ff202c151423de6fa50a0290e264e8eef83c4fa  155574	batch4-backend/venv/lib/python3.12/site-packages/pydantic_core/core_schema.py
100644 blob e69de29bb2d1d6434b8b29ae775ad8c2e48c5391       0	batch4-backend/venv/lib/python3.12/site-packages/pydantic_core/py.typed
100644 blob a1b589e38a32041e49332e5e81c2d363dc418d68       4	batch4-backend/venv/lib/python3.12/site-packages/pydantic_settings-2.15.0.dist-info/INSTALLER
100644 blob 52926c23920ed83aca521f3f8a5431941842ce6f    3885	batch4-backend/venv/lib/python3.12/site-packages/pydantic_settings-2.15.0.dist-info/METADATA
100644 blob 0ed48784ddb30e225c7fdc62a51ffd54127da581    4261	batch4-backend/venv/lib/python3.12/site-packages/pydantic_settings-2.15.0.dist-info/RECORD
100644 blob e69de29bb2d1d6434b8b29ae775ad8c2e48c5391       0	batch4-backend/venv/lib/python3.12/site-packages/pydantic_settings-2.15.0.dist-info/REQUESTED
100644 blob 7401812e19af977cc5088f3b8fb1ef6bc0441c0a      87	batch4-backend/venv/lib/python3.12/site-packages/pydantic_settings-2.15.0.dist-info/WHEEL
100644 blob d90598f2a8740731fa4c637870bd1f8a1a23bfb4    1103	batch4-backend/venv/lib/python3.12/site-packages/pydantic_settings-2.15.0.dist-info/licenses/LICENSE
100644 blob 8cdd40c32c3895e96300e449f87829ad03007cfb    1781	batch4-backend/venv/lib/python3.12/site-packages/pydantic_settings/__init__.py
100644 blob dab7c71ca8fa40b883fb3787f0b471b5c3a7a23f     426	batch4-backend/venv/lib/python3.12/site-packages/pydantic_settings/exceptions.py
100644 blob 33662418fe8bfb0dc35ed9be182bf41c6061c093   47390	batch4-backend/venv/lib/python3.12/site-packages/pydantic_settings/main.py
100644 blob e69de29bb2d1d6434b8b29ae775ad8c2e48c5391       0	batch4-backend/venv/lib/python3.12/site-packages/pydantic_settings/py.typed
100644 blob a9afe6e4d653e79e484e51d37eed46d5d5786b5b    2404	batch4-backend/venv/lib/python3.12/site-packages/pydantic_settings/sources/__init__.py
100644 blob 9d73d14a48f4671ba0b25349f516dc39088f2d8f   26340	batch4-backend/venv/lib/python3.12/site-packages/pydantic_settings/sources/base.py
100644 blob b55a2edb29062158474ead0ca8d44d21d4dd0e86    1281	batch4-backend/venv/lib/python3.12/site-packages/pydantic_settings/sources/providers/__init__.py
100644 blob 848c2d0c2e3832ec6a2ecf1f116a785c8191436a    2729	batch4-backend/venv/lib/python3.12/site-packages/pydantic_settings/sources/providers/aws.py
100644 blob 7bda681da400a59e6eabc8641ce9289d7791e430    5689	batch4-backend/venv/lib/python3.12/site-packages/pydantic_settings/sources/providers/azure.py
100644 blob 106475967624f6e7f58539a3086a3f193880198b   79106	batch4-backend/venv/lib/python3.12/site-packages/pydantic_settings/sources/providers/cli.py
100644 blob d4b784837364ea392020133f2d1906efe56ec716    8328	batch4-backend/venv/lib/python3.12/site-packages/pydantic_settings/sources/providers/dotenv.py
100644 blob e6c3993aef9db0b0547f7651b31b6f3fa1acd886   16235	batch4-backend/venv/lib/python3.12/site-packages/pydantic_settings/sources/providers/env.py
100644 blob f3a926167e6cf4f49f7d2a28a7f265fdad826975   15238	batch4-backend/venv/lib/python3.12/site-packages/pydantic_settings/sources/providers/gcp.py
100644 blob 872917cfe89b479ebbc0a0c195ce0353fc4b727d    1673	batch4-backend/venv/lib/python3.12/site-packages/pydantic_settings/sources/providers/json.py
100644 blob e25df061e974ac86b5237c852b99dcd2eb40533b    9260	batch4-backend/venv/lib/python3.12/site-packages/pydantic_settings/sources/providers/nested_secrets.py
100644 blob 309b6b63b431003d0c9792bc0eb573d246c9d79c    2153	batch4-backend/venv/lib/python3.12/site-packages/pydantic_settings/sources/providers/pyproject.py
100644 blob df22acf19b53a495640eaa4a70fa901f4e2f7dd2    5188	batch4-backend/venv/lib/python3.12/site-packages/pydantic_settings/sources/providers/secrets.py
100644 blob 9147adc5ef5e486461f443532dd4e22fb497d0cd    3351	batch4-backend/venv/lib/python3.12/site-packages/pydantic_settings/sources/providers/toml.py
100644 blob b3aa64ec0cebf7a643473a0ba985511455ac9a11    5726	batch4-backend/venv/lib/python3.12/site-packages/pydantic_settings/sources/providers/yaml.py
100644 blob 29f449f30afedf0023a86070ce8cc9770f65d8ca    2617	batch4-backend/venv/lib/python3.12/site-packages/pydantic_settings/sources/types.py
100644 blob d4bec221ad5aa67249b64e2ce1715df19a56d782   14570	batch4-backend/venv/lib/python3.12/site-packages/pydantic_settings/sources/utils.py
100644 blob 7bd6fe82f25e9b01357831a4494316d20988e4b4    1703	batch4-backend/venv/lib/python3.12/site-packages/pydantic_settings/utils.py
100644 blob b4e42de0394a32734437b438e67c85d65970e18d      19	batch4-backend/venv/lib/python3.12/site-packages/pydantic_settings/version.py
100644 blob a1b589e38a32041e49332e5e81c2d363dc418d68       4	batch4-backend/venv/lib/python3.12/site-packages/pygments-2.21.0.dist-info/INSTALLER
100644 blob cc4e5734b999d8563bf83b1911a47270c4976913    2527	batch4-backend/venv/lib/python3.12/site-packages/pygments-2.21.0.dist-info/METADATA
100644 blob fd4a528ff34fd7f0162ddf24574e0579d0cef626   48212	batch4-backend/venv/lib/python3.12/site-packages/pygments-2.21.0.dist-info/RECORD
100644 blob e69de29bb2d1d6434b8b29ae775ad8c2e48c5391       0	batch4-backend/venv/lib/python3.12/site-packages/pygments-2.21.0.dist-info/REQUESTED
100644 blob 51abe1f5e66cc9d07fda22a3bbe1f89475795969      87	batch4-backend/venv/lib/python3.12/site-packages/pygments-2.21.0.dist-info/WHEEL
100644 blob 15498e35f53320bd5e1de176928daabf26be0109      53	batch4-backend/venv/lib/python3.12/site-packages/pygments-2.21.0.dist-info/entry_points.txt
100644 blob 4794e296f491b1f4b59244eaff5251c07e01a817   11048	batch4-backend/venv/lib/python3.12/site-packages/pygments-2.21.0.dist-info/licenses/AUTHORS
100644 blob 446a1a805c8a949579fb8a9799f2bec7777349dc    1331	batch4-backend/venv/lib/python3.12/site-packages/pygments-2.21.0.dist-info/licenses/LICENSE
100644 blob 1d41b0a400d23fa0216c17e45de2a3de0c9f8e12    2962	batch4-backend/venv/lib/python3.12/site-packages/pygments/__init__.py
100644 blob 818bfc3ae6ac4b79e029f714c56101ab2b1076ea     351	batch4-backend/venv/lib/python3.12/site-packages/pygments/__main__.py
100644 blob 06a5fa8c965fd2ba82b9d6ba6c907a141fe89ae5   23542	batch4-backend/venv/lib/python3.12/site-packages/pygments/cmdline.py
100644 blob d9009168cadbe25ba0bb1fc5427a5db0f1582830    1721	batch4-backend/venv/lib/python3.12/site-packages/pygments/console.py
100644 blob 6c926c26cfcf0ca7579f05affcab46c389595b71    1913	batch4-backend/venv/lib/python3.12/site-packages/pygments/filter.py
100644 blob c7ba6adb5b75ac3bf8e9e94868575e6ce770e6c1   40349	batch4-backend/venv/lib/python3.12/site-packages/pygments/filters/__init__.py
100644 blob 4fa603d551c99fab81f2aa29037c3b8b89d0fcd5    4369	batch4-backend/venv/lib/python3.12/site-packages/pygments/formatter.py
100644 blob 829496dc97e147d159e106ddc12a49e8e416faf1    5352	batch4-backend/venv/lib/python3.12/site-packages/pygments/formatters/__init__.py
100644 blob 72ca84040b626183e3328679db600c13472021be    4176	batch4-backend/venv/lib/python3.12/site-packages/pygments/formatters/_mapping.py
100644 blob 90d8d806f202e9dff22e33c431f3e35cefdd6642    3299	batch4-backend/venv/lib/python3.12/site-packages/pygments/formatters/bbcode.py
100644 blob 4a463b569c95078a76bfa9e9d32db52d4a2ebd8b    5089	batch4-backend/venv/lib/python3.12/site-packages/pygments/formatters/groff.py
100644 blob 3e279bac13535e002ff5fdda23efe8892215b328   36351	batch4-backend/venv/lib/python3.12/site-packages/pygments/formatters/html.py
100644 blob 43d841b58a4c62a86756daee16f9e503d00196e2   23304	batch4-backend/venv/lib/python3.12/site-packages/pygments/formatters/img.py
100644 blob ed8dbb22baa04a8588fb40f872775fd0ae736153    4907	batch4-backend/venv/lib/python3.12/site-packages/pygments/formatters/irc.py
100644 blob cdd566a6407eef0afe13d760c412f60f10784f72   19814	batch4-backend/venv/lib/python3.12/site-packages/pygments/formatters/latex.py
100644 blob 2bd58b0130eec03fb2552616a7236d6cb5c399f8    5007	batch4-backend/venv/lib/python3.12/site-packages/pygments/formatters/other.py
100644 blob c5046c6c873ee8fe523ee4a8fbcdfd7c3d168644    2209	batch4-backend/venv/lib/python3.12/site-packages/pygments/formatters/pangomarkup.py
100644 blob bab6066a6613e38391fd3a6eb4964f9fec5a8f32   11924	batch4-backend/venv/lib/python3.12/site-packages/pygments/formatters/rtf.py
100644 blob 789e99ee4cdd3b26fe93c96846c684d194374a9b    6852	batch4-backend/venv/lib/python3.12/site-packages/pygments/formatters/svg.py
100644 blob 7b501c274e4b12721eb53cdcfa0be579c9782a52    4629	batch4-backend/venv/lib/python3.12/site-packages/pygments/formatters/terminal.py
100644 blob 68011c4589263bafb0c37a01773087ba510825e4   11718	batch4-backend/venv/lib/python3.12/site-packages/pygments/formatters/terminal256.py
100644 blob ba60ad4ae3c1e805daacaca401a9adbe96e31f42   35155	batch4-backend/venv/lib/python3.12/site-packages/pygments/lexer.py
100644 blob 2a10d7c786261c67b3028c8bd8f42bd78c0030fd   12070	batch4-backend/venv/lib/python3.12/site-packages/pygments/lexers/__init__.py
100644 blob bf76c4216578d4a7ff6f3aa16325dc1f2168b094    1546	batch4-backend/venv/lib/python3.12/site-packages/pygments/lexers/_ada_builtins.py
100644 blob 9f9b3a6cdd98d91bb136f7bc7f2d33b0564ed3a7   27290	batch4-backend/venv/lib/python3.12/site-packages/pygments/lexers/_asy_builtins.py
100644 blob 1a8ac20b612c596ca1357a7e71254c1342863b08   13997	batch4-backend/venv/lib/python3.12/site-packages/pygments/lexers/_cl_builtins.py
100644 blob 1398d7d3b8b2766d73371b5299bf86d6e9f6403c  105176	batch4-backend/venv/lib/python3.12/site-packages/pygments/lexers/_cocoa_builtins.py
100644 blob 9f0ea6ae30b4879b748c3cb22d9ac898f0922bd6   18417	batch4-backend/venv/lib/python3.12/site-packages/pygments/lexers/_csound_builtins.py
100644 blob 4e8149347aace59dcd8d0f18044c7abf4349f78a   12449	batch4-backend/venv/lib/python3.12/site-packages/pygments/lexers/_css_builtins.py
100644 blob 250c1a39fe838e68728133c141c7a8b875f8697c   16135	batch4-backend/venv/lib/python3.12/site-packages/pygments/lexers/_googlesql_builtins.py
100644 blob cbb83d78c5a9ecf5247ed4ff880d5d44e3fec160   11886	batch4-backend/venv/lib/python3.12/site-packages/pygments/lexers/_julia_builtins.py
100644 blob eb3b7edd0f7ca70347b6a9c82d3a9c1f663b2db8  134513	batch4-backend/venv/lib/python3.12/site-packages/pygments/lexers/_lasso_builtins.py
100644 blob 2d5074ff42196c20d7387717616615bea1e07577  115114	batch4-backend/venv/lib/python3.12/site-packages/pygments/lexers/_lilypond_builtins.py
100644 blob 3c6fdbd0900dcbdd12c4a8d0d6dc74f64ddf631b    8110	batch4-backend/venv/lib/python3.12/site-packages/pygments/lexers/_lua_builtins.py
100644 blob d63971ee940732ab572506e46c3721753c8a43c8     958	batch4-backend/venv/lib/python3.12/site-packages/pygments/lexers/_luau_builtins.py
100644 blob 2242e0b9bcd07458f419bf3df6c50f43aa36a13a   71218	batch4-backend/venv/lib/python3.12/site-packages/pygments/lexers/_mapping.py
100644 blob f1c88a2090b8c725204869b809d93471a6c34da1   24716	batch4-backend/venv/lib/python3.12/site-packages/pygments/lexers/_mql_builtins.py
100644 blob b1c82f57c0df159b5ca4186853a39911af76a3df   26876	batch4-backend/venv/lib/python3.12/site-packages/pygments/lexers/_mysql_builtins.py
100644 blob 7e0555deaf35d6b865b10c57112b1900db25d026   49401	batch4-backend/venv/lib/python3.12/site-packages/pygments/lexers/_openedge_builtins.py
100644 blob 1f93215d78a5617fcc98b0d52b5b9ee8720d52cf  108054	batch4-backend/venv/lib/python3.12/site-packages/pygments/lexers/_php_builtins.py
100644 blob 7a0a5848c3c9ec8b526ef961b18eaf80ecf67398   13346	batch4-backend/venv/lib/python3.12/site-packages/pygments/lexers/_postgres_builtins.py
100644 blob 78d4e9a577812707eb4ac8edb109f559ceaa9f0a   12598	batch4-backend/venv/lib/python3.12/site-packages/pygments/lexers/_qlik_builtins.py
100644 blob 5c468ff3c9f2d65d342b2f335379f182d2c3ce9d   32567	batch4-backend/venv/lib/python3.12/site-packages/pygments/lexers/_scheme_builtins.py
100644 blob f5a14b314d9b12f0ff1eb5ed72db25b8bd6a4888   52414	batch4-backend/venv/lib/python3.12/site-packages/pygments/lexers/_scilab_builtins.py
100644 blob 8e29543634907174ff0d61eeeb980611979cb7f1   26780	batch4-backend/venv/lib/python3.12/site-packages/pygments/lexers/_sourcemod_builtins.py
100644 blob 32c720a2273aa67a45685c4211aad8aac85cabe0    6770	batch4-backend/venv/lib/python3.12/site-packages/pygments/lexers/_sql_builtins.py
100644 blob 3a0ccc17e386f2972721167b5bab3931d9a83418   16623	batch4-backend/venv/lib/python3.12/site-packages/pygments/lexers/_stan_builtins.py
100644 blob b6111a1a79f1a7da0b6511646f0ff078a61ad3e2   27230	batch4-backend/venv/lib/python3.12/site-packages/pygments/lexers/_stata_builtins.py
100644 blob 22079e53f2ab25481be63f22b0b3dbf8ba9413c5   15463	batch4-backend/venv/lib/python3.12/site-packages/pygments/lexers/_tsql_builtins.py
100644 blob 8d5a7422e07ecdb5c3069e623a1aeab4b37604e1    1661	batch4-backend/venv/lib/python3.12/site-packages/pygments/lexers/_usd_builtins.py
100644 blob a4a6961fac675c76d89c36a92b6c9a9afb1c85db    4228	batch4-backend/venv/lib/python3.12/site-packages/pygments/lexers/_vbscript_builtins.py
100644 blob 52dabc58e5a950676fe2c1dc61cacd8be9ea8041  120501	batch4-backend/venv/lib/python3.12/site-packages/pygments/lexers/_vim_builtins.py
100644 blob c6001c479f3f9dd8b8bcd00b80e51846b821641f   11738	batch4-backend/venv/lib/python3.12/site-packages/pygments/lexers/actionscript.py
100644 blob e97af7817cc330cf06d0f745135f491de2064c04    5323	batch4-backend/venv/lib/python3.12/site-packages/pygments/lexers/ada.py
100644 blob ac88cf67907214cdb5c8dc5bf55376678d95a218     899	batch4-backend/venv/lib/python3.12/site-packages/pygments/lexers/agile.py
100644 blob 06fa404a218c5beafd9e6f8f74dd5c4a27198928   10161	batch4-backend/venv/lib/python3.12/site-packages/pygments/lexers/algebra.py
100644 blob 2da64d12d63c594d75e20e57a3131b45f8adf00c    2608	batch4-backend/venv/lib/python3.12/site-packages/pygments/lexers/ambient.py
100644 blob 0d8c98896581e9bb7fc8e581b15b583ac7fb5c67    1725	batch4-backend/venv/lib/python3.12/site-packages/pygments/lexers/amdgpu.py
100644 blob bb5ba26807f6386db0cdc3c0e57c7d75096ee8c6    4179	batch4-backend/venv/lib/python3.12/site-packages/pygments/lexers/ampl.py
100644 blob eca004e24955303e37d88c1eeeb538a47e96563c   30803	batch4-backend/venv/lib/python3.12/site-packages/pygments/lexers/apdlexer.py
100644 blob 147a7e21c7b105b0e7ee7b2e153ac5d64fd654dd    3407	batch4-backend/venv/lib/python3.12/site-packages/pygments/lexers/apl.py
100644 blob 977b02f7516a28f470b4d78003f30ab15e3ef93a   11577	batch4-backend/venv/lib/python3.12/site-packages/pygments/lexers/archetype.py
100644 blob 3e55725b95a66a29a9e437a67bf71e4883b66eeb    3567	batch4-backend/venv/lib/python3.12/site-packages/pygments/lexers/arrow.py
100644 blob c082a898173ad005909d6c2d17de99dc6df6a63f   11417	batch4-backend/venv/lib/python3.12/site-packages/pygments/lexers/arturo.py
100644 blob 49b82f5aa93ec5b7731e344ffbad1e9971f22bbc    1696	batch4-backend/venv/lib/python3.12/site-packages/pygments/lexers/asc.py
100644 blob ff2ac67a913fd979cf1e4fe7173d67cff9e4c5ae   42201	batch4-backend/venv/lib/python3.12/site-packages/pygments/lexers/asm.py
100644 blob 711801dc548c5101f43ed0858a8e34df0562b017    4267	batch4-backend/venv/lib/python3.12/site-packages/pygments/lexers/asn1.py
100644 blob 7fd0862684256e4a4f65b3bdaec390f1c54a1e71   19834	batch4-backend/venv/lib/python3.12/site-packages/pygments/lexers/automation.py
100644 blob ba512b9d0aa833f5440dae2d30438d419f31b54c    3023	batch4-backend/venv/lib/python3.12/site-packages/pygments/lexers/bare.py
100644 blob b2e9e52f7f0cf5e9670b65f9e03678a643504a23   27949	batch4-backend/venv/lib/python3.12/site-packages/pygments/lexers/basic.py
100644 blob 82a03b64a3ec855a61c5d8ecfc608e46731a1d0c    1644	batch4-backend/venv/lib/python3.12/site-packages/pygments/lexers/bdd.py
100644 blob 3702c1867ebff304bebb04bd1b0b9fa0fc854233    3212	batch4-backend/venv/lib/python3.12/site-packages/pygments/lexers/berry.py
100644 blob 069219635d436219093abe9ae9197ef5cd0f9b11    4814	batch4-backend/venv/lib/python3.12/site-packages/pygments/lexers/bibtex.py
100644 blob 3b459b5c5b503051595ad01a1144330311ec5238    6132	batch4-backend/venv/lib/python3.12/site-packages/pygments/lexers/bitbake.py
100644 blob 1dcc235e2624b163c9d2d4b5f0182fc527a93eb7    6191	batch4-backend/venv/lib/python3.12/site-packages/pygments/lexers/blueprint.py
100644 blob 06977dd198e573f17e5d3d9d37a74b4da2eeb929    3924	batch4-backend/venv/lib/python3.12/site-packages/pygments/lexers/boa.py
100644 blob beb292fbf48d0fcccd07120cfad2c4dd18abc302    3674	batch4-backend/venv/lib/python3.12/site-packages/pygments/lexers/bqn.py
100644 blob 3f9a86829b46c4444f3e4aa4dbc7ba64f7fc7599   28348	batch4-backend/venv/lib/python3.12/site-packages/pygments/lexers/business.py
100644 blob 136448022df1510c5b5efd396269311b2fc1a9e8   21069	batch4-backend/venv/lib/python3.12/site-packages/pygments/lexers/c_cpp.py
100644 blob a5f991cb27e5fba8d4d26686efd0e113682e8f01   32374	batch4-backend/venv/lib/python3.12/site-packages/pygments/lexers/c_like.py
100644 blob 1e819c7f876f06b481d03b15c24e4b5140dc5414    2177	batch4-backend/venv/lib/python3.12/site-packages/pygments/lexers/capnproto.py
100644 blob d45b78800cd6b9082f5c83950b12761dfe24f74c    3214	batch4-backend/venv/lib/python3.12/site-packages/pygments/lexers/carbon.py
100644 blob 38346ddb9ddbba4b9e83488124b56ad372fdcaf6    5079	batch4-backend/venv/lib/python3.12/site-packages/pygments/lexers/cddl.py
100644 blob f636b6171a9fffd97fadf016d5bef52fc2d5dc99    5063	batch4-backend/venv/lib/python3.12/site-packages/pygments/lexers/cel.py
100644 blob 585be75d8a6ba3d1779c7782b80ce26a018fae8d    5159	batch4-backend/venv/lib/python3.12/site-packages/pygments/lexers/chapel.py
100644 blob 1500e2c4c599487665a25b347afeca774fe8224f    6421	batch4-backend/venv/lib/python3.12/site-packages/pygments/lexers/clean.py
100644 blob ab27bf508311214e062dd88aa8b2247cd3d87cdb    2579	batch4-backend/venv/lib/python3.12/site-packages/pygments/lexers/codeql.py
100644 blob 6b0a8d11a8135f7fdf3424622cb1d5e3c227075a    3182	batch4-backend/venv/lib/python3.12/site-packages/pygments/lexers/comal.py
100644 blob fb0a70364dd8b13555b74b31eafcb738972e16b7    1429	batch4-backend/venv/lib/python3.12/site-packages/pygments/lexers/compiled.py
100644 blob 9f0bb447db9f3c852908378545b1c1344657b845   53776	batch4-backend/venv/lib/python3.12/site-packages/pygments/lexers/configs.py
100644 blob d0e827e6141cea2bc842cd01b5ad91a1615349d1    4752	batch4-backend/venv/lib/python3.12/site-packages/pygments/lexers/console.py
100644 blob eaa70f20fa8766e7033f21a4c3ea06e0a2eebc22    1391	batch4-backend/venv/lib/python3.12/site-packages/pygments/lexers/cplint.py
100644 blob 8fb471e97806a5204bc8eef68bd363a1db44eea4   15757	batch4-backend/venv/lib/python3.12/site-packages/pygments/lexers/crystal.py
100644 blob a8813faff2179d422a4acc5995deb9a19e71de83   17006	batch4-backend/venv/lib/python3.12/site-packages/pygments/lexers/csound.py
100644 blob 9ed5621b36cb2a7f3ba46859c6b8657ee79edb25   26457	batch4-backend/venv/lib/python3.12/site-packages/pygments/lexers/css.py
100644 blob 4de84204cb8a1b31df9d8a23e6053562ef9a1624    9917	batch4-backend/venv/lib/python3.12/site-packages/pygments/lexers/d.py
100644 blob 2d70562955c4778ca4168484a703bc9c7775255a    4609	batch4-backend/venv/lib/python3.12/site-packages/pygments/lexers/dalvik.py
100644 blob 7ed50c44c39374c5d4c099b1bbf85efe2f3ea1e4   27068	batch4-backend/venv/lib/python3.12/site-packages/pygments/lexers/data.py
100644 blob d9b7970518ac399c146da2d050390ebda34639f2    8101	batch4-backend/venv/lib/python3.12/site-packages/pygments/lexers/dax.py
100644 blob 09860b960ccb1c644b37d536390fe10f2cb8e607    4826	batch4-backend/venv/lib/python3.12/site-packages/pygments/lexers/devicetree.py
100644 blob b298a3c1235de078d470e5f44b5456d10ba303bc    5385	batch4-backend/venv/lib/python3.12/site-packages/pygments/lexers/diff.py
100644 blob 121cf1f797a781fbae29fd22367b061a76f0b32a    3894	batch4-backend/venv/lib/python3.12/site-packages/pygments/lexers/dns.py
100644 blob da370a2dfef06610f77b5ccf714737e62ed8c40d   40222	batch4-backend/venv/lib/python3.12/site-packages/pygments/lexers/dotnet.py
100644 blob 3a831a7dbe540f69e1c4dd49187c5c270e8a3911   36750	batch4-backend/venv/lib/python3.12/site-packages/pygments/lexers/dsls.py
100644 blob c75781580e6d901d952d8c00a2e4871a3f9e8a20   10412	batch4-backend/venv/lib/python3.12/site-packages/pygments/lexers/dylan.py
100644 blob 353766c14e30bfd0d69e66587531a30deb66b9c8    6374	batch4-backend/venv/lib/python3.12/site-packages/pygments/lexers/ecl.py
100644 blob 38e79be16cc253d54d948a3790d81dbba9b385c2    2656	batch4-backend/venv/lib/python3.12/site-packages/pygments/lexers/eiffel.py
100644 blob 201ffc340e2b56d393c1888024666bb8f824e020    3155	batch4-backend/venv/lib/python3.12/site-packages/pygments/lexers/elm.py
100644 blob 4e099ba62de15e47f48de796d128f3fd26242b43    7904	batch4-backend/venv/lib/python3.12/site-packages/pygments/lexers/elpi.py
100644 blob afe5c1e910574afd96ffe8685126ffa7029b27da    4690	batch4-backend/venv/lib/python3.12/site-packages/pygments/lexers/email.py
100644 blob 5c7cd6163815f2c92dba6eba50a2e3d4fd9a345f   19150	batch4-backend/venv/lib/python3.12/site-packages/pygments/lexers/erlang.py
100644 blob cef773d764bb73699edcbf59a1638e2f6a55da3c   10502	batch4-backend/venv/lib/python3.12/site-packages/pygments/lexers/esoteric.py
100644 blob 164424d8aa5285e9d744705052903942caa9057e    3275	batch4-backend/venv/lib/python3.12/site-packages/pygments/lexers/ezhil.py
100644 blob 9a76f64c321d2e1c51bdcad4f9486e12d9218354   19403	batch4-backend/venv/lib/python3.12/site-packages/pygments/lexers/factor.py
100644 blob ab4d9973d680d3f8fc22a34a0dc0a7e01270420a   10200	batch4-backend/venv/lib/python3.12/site-packages/pygments/lexers/fantom.py
100644 blob 442616248d28a99838131f467000e9b10be68bdd    9658	batch4-backend/venv/lib/python3.12/site-packages/pygments/lexers/felix.py
100644 blob c813ee788fcc6d47c8c9326213108be3ce9fde4d    1647	batch4-backend/venv/lib/python3.12/site-packages/pygments/lexers/fift.py
100644 blob d656596c6bb3a1ca6778024bd3a25afce33203fc    3028	batch4-backend/venv/lib/python3.12/site-packages/pygments/lexers/floscript.py
100644 blob 6d6c764db6649afdcae7386123ef0b1b87402f62    7196	batch4-backend/venv/lib/python3.12/site-packages/pygments/lexers/forth.py
100644 blob d4bceb8c450533568643d21f2c3e3a10648677b9   10385	batch4-backend/venv/lib/python3.12/site-packages/pygments/lexers/fortran.py
100644 blob 9ce82c12d07a70482437b1106dc9a2882fc90488   26298	batch4-backend/venv/lib/python3.12/site-packages/pygments/lexers/foxpro.py
100644 blob 895806991541ea428661a34bf970ca0cda7a0a41   26916	batch4-backend/venv/lib/python3.12/site-packages/pygments/lexers/freefem.py
100644 blob ef4b27e7530b48d9a46a35a65689145245e5827e    3703	batch4-backend/venv/lib/python3.12/site-packages/pygments/lexers/func.py
100644 blob 261d7d87615a78b0510be326eaa02f124fe9d003     697	batch4-backend/venv/lib/python3.12/site-packages/pygments/lexers/functional.py
100644 blob 207742cebf8111b6647742028baf222c6d4d94af    3709	batch4-backend/venv/lib/python3.12/site-packages/pygments/lexers/futhark.py
100644 blob c7d64de00f17ad6496a76852cf2db3ecb26525e3     877	batch4-backend/venv/lib/python3.12/site-packages/pygments/lexers/gcodelexer.py
100644 blob 5b129d70335308e290f66738b73c6b4b9053778b    7565	batch4-backend/venv/lib/python3.12/site-packages/pygments/lexers/gdscript.py
100644 blob 0df79553e4c12b1a6e16745847731a23446761ca    2395	batch4-backend/venv/lib/python3.12/site-packages/pygments/lexers/gleam.py
100644 blob 9cc08a2599256813eaaa5e4fef54205002162c04    3416	batch4-backend/venv/lib/python3.12/site-packages/pygments/lexers/go.py
100644 blob 4290f2124615ebad93b357ad69798f46092ebfed    8046	batch4-backend/venv/lib/python3.12/site-packages/pygments/lexers/grammar_notation.py
100644 blob 28487174ade8d4d83997ffe2ee42fa4aa2fa1279    4111	batch4-backend/venv/lib/python3.12/site-packages/pygments/lexers/graph.py
100644 blob 27cfa019f620dc95085f42ec5dcc8518a547974f   39137	batch4-backend/venv/lib/python3.12/site-packages/pygments/lexers/graphics.py
100644 blob 466bcf3959b4516f3dd3e7dcd0570892f6a6cb89    5604	batch4-backend/venv/lib/python3.12/site-packages/pygments/lexers/graphql.py
100644 blob 6cc9ab6e2b43bcfd6476fea1a3ac0fa9aae0b089    1937	batch4-backend/venv/lib/python3.12/site-packages/pygments/lexers/graphviz.py
100644 blob b88eb23e99eede9914c1367c7c77bcc44366a38a    3993	batch4-backend/venv/lib/python3.12/site-packages/pygments/lexers/gsql.py
100644 blob 378f099a29401d42f3f8df6bf1374d1527369302    2652	batch4-backend/venv/lib/python3.12/site-packages/pygments/lexers/hare.py
100644 blob c6561d883bdacc8a9b827508e0aaf25f803ce236   33323	batch4-backend/venv/lib/python3.12/site-packages/pygments/lexers/haskell.py
100644 blob 7af240178635f46f9e71218d557e32ed3a7a4e7b   31169	batch4-backend/venv/lib/python3.12/site-packages/pygments/lexers/haxe.py
100644 blob bc38c3a31fa5e953b63b222d75073441e9fb9d21   22742	batch4-backend/venv/lib/python3.12/site-packages/pygments/lexers/hdl.py
100644 blob 879469bfbf0601128c77cedfdc9dbd801b1a117f    3656	batch4-backend/venv/lib/python3.12/site-packages/pygments/lexers/hexdump.py
100644 blob 209e06b095843ce6916c22bae99a7e55f40ebf70   22007	batch4-backend/venv/lib/python3.12/site-packages/pygments/lexers/html.py
100644 blob 985a2743091c2805a57adf9cf9d48636901fefbf   15451	batch4-backend/venv/lib/python3.12/site-packages/pygments/lexers/idl.py
100644 blob efda038abaf2e9265db5252d71738467cf3c6872   31636	batch4-backend/venv/lib/python3.12/site-packages/pygments/lexers/igor.py
100644 blob 7b3d580fe843a01b416b93dde7d4e04833ee2948    3138	batch4-backend/venv/lib/python3.12/site-packages/pygments/lexers/inferno.py
100644 blob c45bac90e837e70b9600763e348c350a34143832   14494	batch4-backend/venv/lib/python3.12/site-packages/pygments/lexers/installers.py
100644 blob 75b1ab98bebf0d56983c916e778ba23f01d57944   56547	batch4-backend/venv/lib/python3.12/site-packages/pygments/lexers/int_fiction.py
100644 blob 8be8abd7b7682db8a6829e111828501a05345143    1908	batch4-backend/venv/lib/python3.12/site-packages/pygments/lexers/iolang.py
100644 blob 3a1144c85365073f9833a624814346c07eb3737c    4856	batch4-backend/venv/lib/python3.12/site-packages/pygments/lexers/j.py
100644 blob a8ec54527a916d86779e59b03376c27fffe9446b   63365	batch4-backend/venv/lib/python3.12/site-packages/pygments/lexers/javascript.py
100644 blob 09d8d512c7c179c068a33b37d945b36b3e9272d0    2087	batch4-backend/venv/lib/python3.12/site-packages/pygments/lexers/jmespath.py
100644 blob 28dd53f1454955e7519317daee20c46b38ce69ef    3703	batch4-backend/venv/lib/python3.12/site-packages/pygments/lexers/jslt.py
100644 blob 265c58305dedd8495190a2a16e9acb4a4ca432b7    2505	batch4-backend/venv/lib/python3.12/site-packages/pygments/lexers/json5.py
100644 blob d56e5f5dae5ac5907a42bd1cdda4c166e3880fab    5543	batch4-backend/venv/lib/python3.12/site-packages/pygments/lexers/jsonnet.py
100644 blob be5150fbd84a291a45ad7f7aab9cea4fe8bb2168    2748	batch4-backend/venv/lib/python3.12/site-packages/pygments/lexers/jsx.py
100644 blob 4d1f6d65e680d4e5b2a5ab263154baa06bf7403d   11688	batch4-backend/venv/lib/python3.12/site-packages/pygments/lexers/julia.py
100644 blob caac40aa341dcca324815e0d8075bc5bcd776f64   73264	batch4-backend/venv/lib/python3.12/site-packages/pygments/lexers/jvm.py
100644 blob d15effc21ff07e619d837366cacdb83ea1925125   11401	batch4-backend/venv/lib/python3.12/site-packages/pygments/lexers/kuin.py
100644 blob 216330bb1ef56d539aef7060fb4aace3534b0298    3486	batch4-backend/venv/lib/python3.12/site-packages/pygments/lexers/kusto.py
100644 blob b95fc0c285766ec49f4dcea1d63e7ccebc257594    6554	batch4-backend/venv/lib/python3.12/site-packages/pygments/lexers/ldap.py
100644 blob 41658c5ef263a0cb76951c4e621116da3a179272    8588	batch4-backend/venv/lib/python3.12/site-packages/pygments/lexers/lean.py
100644 blob 7e702928572e6254bd0d30c01977fdff1aec10ed    9755	batch4-backend/venv/lib/python3.12/site-packages/pygments/lexers/lilypond.py
100644 blob f1391b3dcc563d2df2b6ca306d1badba4fb45b75  157900	batch4-backend/venv/lib/python3.12/site-packages/pygments/lexers/lisp.py
100644 blob de7bd0cf37bbd4a04cfbb645810e0b80cf449572   35392	batch4-backend/venv/lib/python3.12/site-packages/pygments/lexers/macaulay2.py
100644 blob 21cffbaa029d688c58ac0f3f4add9913e26f920e    7834	batch4-backend/venv/lib/python3.12/site-packages/pygments/lexers/make.py
100644 blob 6eed9682e00d2040e5f5a90975ddcd1330c93498    7965	batch4-backend/venv/lib/python3.12/site-packages/pygments/lexers/maple.py
100644 blob c8a971ab4c1b2bab8361a0c472c538ab72cb0243   66526	batch4-backend/venv/lib/python3.12/site-packages/pygments/lexers/markup.py
100644 blob b38c13e1209ae49df646465b00c5fd3df40bf30a     698	batch4-backend/venv/lib/python3.12/site-packages/pygments/lexers/math.py
100644 blob 5cc815ca697340faa0413001e98b5602761f746c  132992	batch4-backend/venv/lib/python3.12/site-packages/pygments/lexers/matlab.py
100644 blob f66b8321b3798fcac5ec1bb974ef27be74c31770    2718	batch4-backend/venv/lib/python3.12/site-packages/pygments/lexers/maxima.py
100644 blob 0ef5a630d469e91881f6b4cc02cc9eaf25d7c060    4347	batch4-backend/venv/lib/python3.12/site-packages/pygments/lexers/meson.py
100644 blob a2bf7c58e7049fc22586ffa0ca2a0606294aa277    7585	batch4-backend/venv/lib/python3.12/site-packages/pygments/lexers/mime.py
100644 blob c1b580035d51cfa4383b93ec4008af98ad7394c0   13701	batch4-backend/venv/lib/python3.12/site-packages/pygments/lexers/minecraft.py
100644 blob 332bc9f3d552a9fa7ebbcbcdb6c39bec51d09b69    4659	batch4-backend/venv/lib/python3.12/site-packages/pygments/lexers/mips.py
100644 blob 1764fb438806b98c6779f4e44f65ceed65f07648   35398	batch4-backend/venv/lib/python3.12/site-packages/pygments/lexers/ml.py
100644 blob fbb0d30ddce5ccca0aa4d6da4802d40d4b9ecfe7   14664	batch4-backend/venv/lib/python3.12/site-packages/pygments/lexers/modeling.py
100644 blob c0ebd5c14c33767f8374de499baa938b2c943425   53075	batch4-backend/venv/lib/python3.12/site-packages/pygments/lexers/modula2.py
100644 blob 2483ef04018526abbc621cdd34416b4757843c72   24232	batch4-backend/venv/lib/python3.12/site-packages/pygments/lexers/mojo.py
100644 blob 7aeabb232c76d61929092880740354d637c892d9    6292	batch4-backend/venv/lib/python3.12/site-packages/pygments/lexers/monte.py
100644 blob 8a4c2eead8823f6d1ce461b4cb0b13a0e45b9ffe    9300	batch4-backend/venv/lib/python3.12/site-packages/pygments/lexers/mosel.py
100644 blob a2729efba6e23c1d9d3ca86c8971649f2e964c17   64002	batch4-backend/venv/lib/python3.12/site-packages/pygments/lexers/ncl.py
100644 blob b99e246d707f30d4c0c3fab50d7293fcd34e3510    6416	batch4-backend/venv/lib/python3.12/site-packages/pygments/lexers/nimrod.py
100644 blob 826d108dad9c51ed85f2314a2c7bd3c8cc4fe6be    2727	batch4-backend/venv/lib/python3.12/site-packages/pygments/lexers/nit.py
100644 blob 16572afe48a097271dcf017a1d1f53e89b000916    4424	batch4-backend/venv/lib/python3.12/site-packages/pygments/lexers/nix.py
100644 blob dea623e4030d8b7bf9143f9a147a2b8e34fb6ded    1756	batch4-backend/venv/lib/python3.12/site-packages/pygments/lexers/numbair.py
100644 blob 11cf571dfd6097354117f2842246eeb06ff696ea    4216	batch4-backend/venv/lib/python3.12/site-packages/pygments/lexers/oberon.py
100644 blob 98553775a005c0da933d29883c4ce205f083c49a   23663	batch4-backend/venv/lib/python3.12/site-packages/pygments/lexers/objective.py
100644 blob f6aea8c830689523903c913699927004208652bb    3005	batch4-backend/venv/lib/python3.12/site-packages/pygments/lexers/ooc.py
100644 blob 1ec8fea051ca0d0c1e13a281158bfe85c63ec365    3703	batch4-backend/venv/lib/python3.12/site-packages/pygments/lexers/openscad.py
100644 blob 8767d73037b75095486aa46ad3b89a002156fc8b    1766	batch4-backend/venv/lib/python3.12/site-packages/pygments/lexers/other.py
100644 blob d795a92abc806f47dd02a3241f3ecccede515d95    2987	batch4-backend/venv/lib/python3.12/site-packages/pygments/lexers/parasail.py
100644 blob f14b1fd2d3227f1acebf08c779f46b6ae18c3262   26598	batch4-backend/venv/lib/python3.12/site-packages/pygments/lexers/parsers.py
100644 blob ad8a0aec62a515a601b0b866ae4d64cf62c28afb   30992	batch4-backend/venv/lib/python3.12/site-packages/pygments/lexers/pascal.py
100644 blob f63518bec84177b803edfe0f33d1d3d813116426    8256	batch4-backend/venv/lib/python3.12/site-packages/pygments/lexers/pawn.py
100644 blob a86ab8b8f6dd8fd13d3d9b656746bc9ce10117e9    2992	batch4-backend/venv/lib/python3.12/site-packages/pygments/lexers/pddl.py
100644 blob fe7009f428975fbcdff834725dd68182491af78f   39195	batch4-backend/venv/lib/python3.12/site-packages/pygments/lexers/perl.py
100644 blob c4cb35d5b13c96d4619a2801715117b788b47226   23252	batch4-backend/venv/lib/python3.12/site-packages/pygments/lexers/phix.py
100644 blob ac935c4717498a7c2c3acb40156f80c2fc69d901   13171	batch4-backend/venv/lib/python3.12/site-packages/pygments/lexers/php.py
100644 blob aab0a5684fe7b6c7c37372fefbf48630d2c96d4f    1977	batch4-backend/venv/lib/python3.12/site-packages/pygments/lexers/pointless.py
100644 blob 40fae6147b03c404ad58455c2c80efb8f9532c62    3280	batch4-backend/venv/lib/python3.12/site-packages/pygments/lexers/pony.py
100644 blob c50e9279f88c4f235262f748f62563b099f58d0b   12679	batch4-backend/venv/lib/python3.12/site-packages/pygments/lexers/praat.py
100644 blob f62c27b2bc05993afcb8adfe0004009a5e21e5ff    1158	batch4-backend/venv/lib/python3.12/site-packages/pygments/lexers/procfile.py
100644 blob 81ec7e924045a1f34d5dcf92ccf9b638d54daff9   12866	batch4-backend/venv/lib/python3.12/site-packages/pygments/lexers/prolog.py
100644 blob 5cfa73fe1e619918e80828ab1529f268938adcd0    4741	batch4-backend/venv/lib/python3.12/site-packages/pygments/lexers/promql.py
100644 blob a62cb6bcd1a9ff89660b996ebda8106f687d296a    8750	batch4-backend/venv/lib/python3.12/site-packages/pygments/lexers/prql.py
100644 blob ba60da9b9dd0c32b2daacbc372daa983b0b3d32c    4498	batch4-backend/venv/lib/python3.12/site-packages/pygments/lexers/ptx.py
100644 blob 8c25383d9f380b3e3e373d7e1c3ef68ed18e11f4    6086	batch4-backend/venv/lib/python3.12/site-packages/pygments/lexers/purescript.py
100644 blob 0501ff5bab3aa5bdefe13856cd8190f7d39a1f06   54574	batch4-backend/venv/lib/python3.12/site-packages/pygments/lexers/python.py
100644 blob 2b8f0a9de935004e7031eb532140320a3160468c    6939	batch4-backend/venv/lib/python3.12/site-packages/pygments/lexers/q.py
100644 blob 6972ed9d03bf447f6215fbba65e96eb4455a8248    3696	batch4-backend/venv/lib/python3.12/site-packages/pygments/lexers/qlik.py
100644 blob 7fc70364ab23c94c71926e47ed93d554eb782e6c    6106	batch4-backend/venv/lib/python3.12/site-packages/pygments/lexers/qvt.py
100644 blob 40d55060d8d78f248f230473006c0085458f8b6e    6476	batch4-backend/venv/lib/python3.12/site-packages/pygments/lexers/r.py
100644 blob f2ecf7a11f3072e3f009c22ebd0808905e2fbbcf   16063	batch4-backend/venv/lib/python3.12/site-packages/pygments/lexers/rdf.py
100644 blob fcff62be14de1f3d89c43600daa10f33e7acbc8a   18262	batch4-backend/venv/lib/python3.12/site-packages/pygments/lexers/rebol.py
100644 blob b2e8b75473ce1f8b72a94f7de904d9f3b23c3a9f    1751	batch4-backend/venv/lib/python3.12/site-packages/pygments/lexers/rego.py
100644 blob c260f1c55d2544d4f0f65317209b8664d60c88e0    2484	batch4-backend/venv/lib/python3.12/site-packages/pygments/lexers/rell.py
100644 blob eb6cb4a2ee6b9a661613d68fcd8f1fc2d77e96a2    2930	batch4-backend/venv/lib/python3.12/site-packages/pygments/lexers/resource.py
100644 blob 1ed8f38412baa74fc0ed6b53709cdcb41afeb893    5038	batch4-backend/venv/lib/python3.12/site-packages/pygments/lexers/ride.py
100644 blob 99a574c2a1a4d83050389f07dbb5052a3c39b180    1130	batch4-backend/venv/lib/python3.12/site-packages/pygments/lexers/rita.py
100644 blob 7ddd33e44474451c6f1cff5a9ac35eb40df3783a    1975	batch4-backend/venv/lib/python3.12/site-packages/pygments/lexers/rnc.py
100644 blob bf0570cc37161e82e34a31113731d723b662128f    2077	batch4-backend/venv/lib/python3.12/site-packages/pygments/lexers/roboconf.py
100644 blob a481136cc7b8c08182e10fc5c57d9aa41ceedaf1   18451	batch4-backend/venv/lib/python3.12/site-packages/pygments/lexers/robotframework.py
100644 blob 0668e2abffdc4639d26f08c0b67279fd4abe166f   22987	batch4-backend/venv/lib/python3.12/site-packages/pygments/lexers/ruby.py
100644 blob 6c9e6217a4e88ca15012c5ea57181a8eaa37e0cf    8263	batch4-backend/venv/lib/python3.12/site-packages/pygments/lexers/rust.py
100644 blob 5da5a119d92ef985693807446994e2f0dc19f804    9457	batch4-backend/venv/lib/python3.12/site-packages/pygments/lexers/sas.py
100644 blob 548a05665fb166f2e3bbd400a3a09630b709eb4e    4881	batch4-backend/venv/lib/python3.12/site-packages/pygments/lexers/savi.py
100644 blob 9b2e01da1f8443a0f7ddf8952531fb94f1e35e2e    2527	batch4-backend/venv/lib/python3.12/site-packages/pygments/lexers/scdoc.py
100644 blob 76c591119f0e692126b5ce439d6886614f357e1d   83232	batch4-backend/venv/lib/python3.12/site-packages/pygments/lexers/scripting.py
100644 blob 6d7c30432cc39e99f3cacebde19db1550c814ac8    1988	batch4-backend/venv/lib/python3.12/site-packages/pygments/lexers/sgf.py
100644 blob c3b956b9e1c11e1360d9fadb6121bce33e1fa12d   36425	batch4-backend/venv/lib/python3.12/site-packages/pygments/lexers/shell.py
100644 blob 4bda3517e83e2ba20c57b165b237f845796d6727    2517	batch4-backend/venv/lib/python3.12/site-packages/pygments/lexers/sieve.py
100644 blob ade9849512d6469ec466f2e0386b22a0a9b3eb74    8491	batch4-backend/venv/lib/python3.12/site-packages/pygments/lexers/slash.py
100644 blob 69e0519b77f612145f5ac56f3260bfe4ad863d97    7207	batch4-backend/venv/lib/python3.12/site-packages/pygments/lexers/smalltalk.py
100644 blob b1bb1c058fbd4fa8dfab666fc8d259611aa3067e    3233	batch4-backend/venv/lib/python3.12/site-packages/pygments/lexers/smithy.py
100644 blob 3d06f99f60b3af912d889faba24993a9b69ea5ca    2808	batch4-backend/venv/lib/python3.12/site-packages/pygments/lexers/smv.py
100644 blob 7016c96a5fdbaa7ed5e531a78584faf903d99841    2781	batch4-backend/venv/lib/python3.12/site-packages/pygments/lexers/snobol.py
100644 blob 3f2d1dd0ac19bd5d9eb90939da249d4505286803    3166	batch4-backend/venv/lib/python3.12/site-packages/pygments/lexers/solidity.py
100644 blob b8b4106841d92bf5a1e245e7e930869446a13817    2342	batch4-backend/venv/lib/python3.12/site-packages/pygments/lexers/soong.py
100644 blob 86435f3fe7e482cd069f2cdae33fe32a69f08434    3379	batch4-backend/venv/lib/python3.12/site-packages/pygments/lexers/sophia.py
100644 blob ea345226fc7beca9290514d90dfef58bc8512a3a    3588	batch4-backend/venv/lib/python3.12/site-packages/pygments/lexers/special.py
100644 blob 0ea33140573fc37c49b325450729a4cf514c8bdb    2801	batch4-backend/venv/lib/python3.12/site-packages/pygments/lexers/spice.py
100644 blob 904de1ad6df81df1c1eadfda11d3e52b272c5cae   41901	batch4-backend/venv/lib/python3.12/site-packages/pygments/lexers/sql.py
100644 blob f5681ac72cbc049635b5fffbf2462d994792a197    1749	batch4-backend/venv/lib/python3.12/site-packages/pygments/lexers/srcinfo.py
100644 blob 3e51bf297a8cc1cbffd755a7b50640f1e633e41e    6418	batch4-backend/venv/lib/python3.12/site-packages/pygments/lexers/stata.py
100644 blob 7d4b7fcf99176a17633f5e90b0aeb1e5fa75ca39    3700	batch4-backend/venv/lib/python3.12/site-packages/pygments/lexers/supercollider.py
100644 blob fc44ee7c00bfe7bbc28439bedb14951b2e3f698b    4012	batch4-backend/venv/lib/python3.12/site-packages/pygments/lexers/tablegen.py
100644 blob 8018b331aaae4e81ea622e614e0ece024e923aa9   10812	batch4-backend/venv/lib/python3.12/site-packages/pygments/lexers/tact.py
100644 blob 57e3643ca73a52429ff8d57c440d0849c139a0d9    2907	batch4-backend/venv/lib/python3.12/site-packages/pygments/lexers/tal.py
100644 blob 00836811da67e1d2752d528ce5303552e3edbed7    5661	batch4-backend/venv/lib/python3.12/site-packages/pygments/lexers/tcl.py
100644 blob b80ff99ca593fd6188df94818faefe230aabb84b    3525	batch4-backend/venv/lib/python3.12/site-packages/pygments/lexers/teal.py
100644 blob 0777fda3e17a7d3ed9e9abe7bf0d692ed1616d9f   75715	batch4-backend/venv/lib/python3.12/site-packages/pygments/lexers/templates.py
100644 blob 1670c9ae071b01d0ddda5b8414b8fe44f17a3fce   10045	batch4-backend/venv/lib/python3.12/site-packages/pygments/lexers/teraterm.py
100644 blob 8b7ace8a1e78b6bad71420d381eb7b967f40434f   10813	batch4-backend/venv/lib/python3.12/site-packages/pygments/lexers/testing.py
100644 blob 017e3f73d51908912d6ce1f67cc0a7dae976f733    1071	batch4-backend/venv/lib/python3.12/site-packages/pygments/lexers/text.py
100644 blob 3a06be66101262ad83f1184909c04dbbb483eea1    8065	batch4-backend/venv/lib/python3.12/site-packages/pygments/lexers/textedit.py
100644 blob c97db4100e69a83b586f10e6e695c5a2ac79b136   15527	batch4-backend/venv/lib/python3.12/site-packages/pygments/lexers/textfmts.py
100644 blob ef94dcecc9642fc2a640a69d0de0b1a57368b7d3   17903	batch4-backend/venv/lib/python3.12/site-packages/pygments/lexers/theorem.py
100644 blob 3826bbbe39b32883b2a463f2f1a19699e64bb702    6257	batch4-backend/venv/lib/python3.12/site-packages/pygments/lexers/thingsdb.py
100644 blob c58d208eaff4226d3fa0db88891c8870c7b8f462    1453	batch4-backend/venv/lib/python3.12/site-packages/pygments/lexers/tlb.py
100644 blob 16dfe81b50a741db37938d01cea70278af74281d    1543	batch4-backend/venv/lib/python3.12/site-packages/pygments/lexers/tls.py
100644 blob 45232df6247336f9df5f6a408f892c30cb2cd763   10459	batch4-backend/venv/lib/python3.12/site-packages/pygments/lexers/tnt.py
100644 blob cbffad5b2e233746d62d87d1a57fddb007afe98d    1509	batch4-backend/venv/lib/python3.12/site-packages/pygments/lexers/trafficscript.py
100644 blob 6f51fc68b85aec30f6302cd195cac68577f6e8fa    8335	batch4-backend/venv/lib/python3.12/site-packages/pygments/lexers/typoscript.py
100644 blob ce167fabaa49ebdae80ac8ce01534b708b002bb0    7168	batch4-backend/venv/lib/python3.12/site-packages/pygments/lexers/typst.py
100644 blob 609b07729ec36254ceb047570a9d67450c53246f   10502	batch4-backend/venv/lib/python3.12/site-packages/pygments/lexers/ul4.py
100644 blob cf0348f34cf182afff19738da38334af39fa8aa4   18562	batch4-backend/venv/lib/python3.12/site-packages/pygments/lexers/unicon.py
100644 blob 0de9626ad5ec6600dc09ae68d25142265653ace3    6085	batch4-backend/venv/lib/python3.12/site-packages/pygments/lexers/urbi.py
100644 blob 003cc4c6f8c4a76cb4f47d0b2141da63e9ea7733    3303	batch4-backend/venv/lib/python3.12/site-packages/pygments/lexers/usd.py
100644 blob e4822edaa2dc53ee86d8816ed53d88b944a799b9    7476	batch4-backend/venv/lib/python3.12/site-packages/pygments/lexers/varnish.py
100644 blob 29082097637bb28ce69139d30e8e1219ef4232f3    4256	batch4-backend/venv/lib/python3.12/site-packages/pygments/lexers/verification.py
100644 blob 1c8ed66b05c684d2a9a8afdbeb790c8b8ac76c35    2664	batch4-backend/venv/lib/python3.12/site-packages/pygments/lexers/verifpal.py
100644 blob 08d356b7d221cdc8f585229d508fddec03cd4232    5714	batch4-backend/venv/lib/python3.12/site-packages/pygments/lexers/vip.py
100644 blob 1afd7f12aebbd80553fd0838fb7474b39312beee    5618	batch4-backend/venv/lib/python3.12/site-packages/pygments/lexers/vyper.py
100644 blob 23cb478514a419fc801b344ce56b12c3df6f5eaa     916	batch4-backend/venv/lib/python3.12/site-packages/pygments/lexers/web.py
100644 blob e076bb139d116f54e8c020e9cb3e6c386845f888    5828	batch4-backend/venv/lib/python3.12/site-packages/pygments/lexers/webassembly.py
100644 blob 5638f2e1cc11099eb222902b39d09e68b95ab11b   10519	batch4-backend/venv/lib/python3.12/site-packages/pygments/lexers/webidl.py
100644 blob 032c0eef5bd086837b57ce319e70be375eaf18e7   40563	batch4-backend/venv/lib/python3.12/site-packages/pygments/lexers/webmisc.py
100644 blob f21836dc017cc2d27a603161b5620d961702d667   11883	batch4-backend/venv/lib/python3.12/site-packages/pygments/lexers/wgsl.py
100644 blob 8809d3d79437c2d3328de798f17645731e9e756c    4020	batch4-backend/venv/lib/python3.12/site-packages/pygments/lexers/whiley.py
100644 blob edc7d06f5f73db429cb10ea75c128ee0d1ef97ce    4079	batch4-backend/venv/lib/python3.12/site-packages/pygments/lexers/wowtoc.py
100644 blob f6989a7d8f33d10fd77b0febed2c4a4d3c6d6f94    3232	batch4-backend/venv/lib/python3.12/site-packages/pygments/lexers/wren.py
100644 blob 7b9c42657c660b18e17396fd0c4b847f7e8b3198    1946	batch4-backend/venv/lib/python3.12/site-packages/pygments/lexers/x10.py
100644 blob e795e4b50e942d615ef24d95f63e5f3e202af39d     928	batch4-backend/venv/lib/python3.12/site-packages/pygments/lexers/xorg.py
100644 blob 3b9dec91d07fe0098b677b68ebf3a933494647bd    4502	batch4-backend/venv/lib/python3.12/site-packages/pygments/lexers/yang.py
100644 blob 4ea427fe75c96f66a7c3bbbffe8f0d2a2fe8b1eb    2430	batch4-backend/venv/lib/python3.12/site-packages/pygments/lexers/yara.py
100644 blob 533393d7a6ff974e79d9fadcf3e4aaf1ad32b0a1    3976	batch4-backend/venv/lib/python3.12/site-packages/pygments/lexers/zig.py
100644 blob 81ec15773dd6cdc40c72e7bda280ce33f645ef1a    1008	batch4-backend/venv/lib/python3.12/site-packages/pygments/modeline.py
100644 blob 32500d34bf21afeab9a2ced9ea5e09911e0f0750    1933	batch4-backend/venv/lib/python3.12/site-packages/pygments/plugin.py
100644 blob 48ddc387f59a4312d17eda7efea429e4a8e0ff21    3313	batch4-backend/venv/lib/python3.12/site-packages/pygments/regexopt.py
100644 blob 067ebfa9c65a9ea3b3ac3e1d4cf815eee2f1f32b    3095	batch4-backend/venv/lib/python3.12/site-packages/pygments/scanner.py
100644 blob 5c03e4c64419af844b0ab0cf9645b5769accb2f8    7901	batch4-backend/venv/lib/python3.12/site-packages/pygments/sphinxext.py
100644 blob c766fd05e33d6fd32b99baa0a41ec18a01e03d89    6479	batch4-backend/venv/lib/python3.12/site-packages/pygments/style.py
100644 blob 58d1d77756782cf4a31da742a612178600639ee9    2009	batch4-backend/venv/lib/python3.12/site-packages/pygments/styles/__init__.py
100644 blob 5a6edc4bd739a3dcab64ea538df34bbd7ae0da95    3381	batch4-backend/venv/lib/python3.12/site-packages/pygments/styles/_mapping.py
100644 blob 235bed759159c9b4633eb6b5eef3b7531de5cd63     752	batch4-backend/venv/lib/python3.12/site-packages/pygments/styles/abap.py
100644 blob c8bea2ee2b9edea8873a09febba28927fbe56cea    2265	batch4-backend/venv/lib/python3.12/site-packages/pygments/styles/algol.py
100644 blob b8c052657e648724bac695d0579e49a26c13492c    2286	batch4-backend/venv/lib/python3.12/site-packages/pygments/styles/algol_nu.py
100644 blob 651f33984bba6cbf63b59569ae3fbd3316a56f27    4560	batch4-backend/venv/lib/python3.12/site-packages/pygments/styles/arduino.py
100644 blob 75283e2d9d69ecb0acf1cc127106af5f113226d3    2198	batch4-backend/venv/lib/python3.12/site-packages/pygments/styles/autumn.py
100644 blob 73e9cd1b0eb97d7cae7151940875e18bc166a5b9    1614	batch4-backend/venv/lib/python3.12/site-packages/pygments/styles/borland.py
100644 blob 9fa0baa57f9bbf43d90ae683946cc24063e854ee    1409	batch4-backend/venv/lib/python3.12/site-packages/pygments/styles/bw.py
100644 blob 98da14e0030dc7d78fa7fbf3387fb8c0740ec835    2311	batch4-backend/venv/lib/python3.12/site-packages/pygments/styles/coffee.py
100644 blob 5511fba1d827423c6261659a7aac4675e3341233    2835	batch4-backend/venv/lib/python3.12/site-packages/pygments/styles/colorful.py
100644 blob 521cdf5264910dc3a46c1d7de19f501fc5e1b28c    2591	batch4-backend/venv/lib/python3.12/site-packages/pygments/styles/default.py
100644 blob 552668ddae11c890ce2eb6ab879da372e014fd23    2185	batch4-backend/venv/lib/python3.12/site-packages/pygments/styles/dracula.py
100644 blob 8860c7aab3458806b2dadb38615ed7614f3d4b3a    2538	batch4-backend/venv/lib/python3.12/site-packages/pygments/styles/emacs.py
100644 blob aeee356b3cdf64424111190c803798b0df78cd42    2607	batch4-backend/venv/lib/python3.12/site-packages/pygments/styles/friendly.py
100644 blob 8e25b591933630873625a1b41f8e96d9ed81b32a    2831	batch4-backend/venv/lib/python3.12/site-packages/pygments/styles/friendly_grayscale.py
100644 blob cf3de88679464dcd10335daaa68f8ba66ddd5234    1327	batch4-backend/venv/lib/python3.12/site-packages/pygments/styles/fruity.py
100644 blob d0d32f6c3342a0abc6f840ce04259832ad46fd5a    3593	batch4-backend/venv/lib/python3.12/site-packages/pygments/styles/gh_dark.py
100644 blob 20eaeb55191d42bdaa44f3a40a9dd5bb9f856e5b    3390	batch4-backend/venv/lib/python3.12/site-packages/pygments/styles/gruvbox.py
100644 blob 3958b000679a8dfa639a816d20b3bf1a6cb06b93     740	batch4-backend/venv/lib/python3.12/site-packages/pygments/styles/igor.py
100644 blob a5dd5298215c7f1b7d86d0077d359f87585cc868    2407	batch4-backend/venv/lib/python3.12/site-packages/pygments/styles/inkpot.py
100644 blob faba6eed95b4602bcf0487b48d5979f65d1a0901    3175	batch4-backend/venv/lib/python3.12/site-packages/pygments/styles/lightbulb.py
100644 blob 113809875b014db2a6efc770f9d888a55143a6c7    2069	batch4-backend/venv/lib/python3.12/site-packages/pygments/styles/lilypond.py
100644 blob 3158e83ab8a9eb4637514e8998519e972d9b1179    3181	batch4-backend/venv/lib/python3.12/site-packages/pygments/styles/lovelace.py
100644 blob e57b7bab778d0e9abfb90c3959b21d67eab9fce8    2446	batch4-backend/venv/lib/python3.12/site-packages/pygments/styles/manni.py
100644 blob 27c0f30403c594c3b958e971f439a57348030876    4204	batch4-backend/venv/lib/python3.12/site-packages/pygments/styles/material.py
100644 blob dc9b381b15d8246a771db4fdc56b7c90b4b1a77b    5187	batch4-backend/venv/lib/python3.12/site-packages/pygments/styles/monokai.py
100644 blob 64af6e4bfc7207cd7c9ccdcba4b8cd4647d64b75    2808	batch4-backend/venv/lib/python3.12/site-packages/pygments/styles/murphy.py
100644 blob ae47e3e6b3880a268ecbefd58141bceccb07048d    2046	batch4-backend/venv/lib/python3.12/site-packages/pygments/styles/native.py
100644 blob 20be6986ea329e9e22864a7e265046d1f2c8f135    4565	batch4-backend/venv/lib/python3.12/site-packages/pygments/styles/night_owl.py
100644 blob 7a3a9594169fc689ec04f3006a306eb024453465    5394	batch4-backend/venv/lib/python3.12/site-packages/pygments/styles/nord.py
100644 blob cc341f63bae10bd68deba2c289fae52dfeffbf8f    2126	batch4-backend/venv/lib/python3.12/site-packages/pygments/styles/onedark.py
100644 blob e460e434f6b3f562cd0a4ea9af55ba0c2f6ba717    5665	batch4-backend/venv/lib/python3.12/site-packages/pygments/styles/paraiso_dark.py
100644 blob 6ba861b95e893753f708bb916d5d08956b991ac6    5671	batch4-backend/venv/lib/python3.12/site-packages/pygments/styles/paraiso_light.py
100644 blob 5b493fa025173251668e08a43927714fdb293042    2528	batch4-backend/venv/lib/python3.12/site-packages/pygments/styles/pastie.py
100644 blob dc5225c6a6405ca8c57211e4147e0f1dc7bf980d    2233	batch4-backend/venv/lib/python3.12/site-packages/pygments/styles/perldoc.py
100644 blob 4c8bef693e89cff940b5bcced6258c11ac8d6017    2393	batch4-backend/venv/lib/python3.12/site-packages/pygments/styles/rainbow_dash.py
100644 blob 737b54d10d1bc32b5e0107855a68d97aebe8a24f    1295	batch4-backend/venv/lib/python3.12/site-packages/pygments/styles/rrt.py
100644 blob 4fd51fd5b98424066ed85aa9bd43541163a9dc29    1443	batch4-backend/venv/lib/python3.12/site-packages/pygments/styles/sas.py
100644 blob 8d3c7e321f7e020845c41eaec4ae970edd3a381e    4250	batch4-backend/venv/lib/python3.12/site-packages/pygments/styles/solarized.py
100644 blob 1b10c79adffd6eb3f2ac732bd5883d7d63f7a241     834	batch4-backend/venv/lib/python3.12/site-packages/pygments/styles/staroffice.py
100644 blob 461161725dc77b7ca742464b68b10c7967054965    1260	batch4-backend/venv/lib/python3.12/site-packages/pygments/styles/stata_dark.py
100644 blob aa4eb1b55714dec095c0ce12cd844ec073c9f889    1292	batch4-backend/venv/lib/python3.12/site-packages/pygments/styles/stata_light.py
100644 blob d5683d4c14a0d9e44f1998376cf406afbc640531    7140	batch4-backend/venv/lib/python3.12/site-packages/pygments/styles/tango.py
100644 blob c965b110cb76d9857f847a711dba08a5045f9e57    1984	batch4-backend/venv/lib/python3.12/site-packages/pygments/styles/trac.py
100644 blob 5958b06f7983d83d03853ff315a87784b0140067    2022	batch4-backend/venv/lib/python3.12/site-packages/pygments/styles/vim.py
100644 blob 272e584545c4d94b497816ab3140ff2ef945bb5f    1133	batch4-backend/venv/lib/python3.12/site-packages/pygments/styles/vs.py
100644 blob d9483bc1df90bbb58e20aa16c7195d35a5592825    1507	batch4-backend/venv/lib/python3.12/site-packages/pygments/styles/xcode.py
100644 blob da0bc1da8412cb7ad9715988afbb8b7b70424441    2206	batch4-backend/venv/lib/python3.12/site-packages/pygments/styles/zenburn.py
100644 blob 1f756b71130e1c0036d881345ab06968c9f4c464    6229	batch4-backend/venv/lib/python3.12/site-packages/pygments/token.py
100644 blob 2a326dff8d7c3594b83b17b8a7705a6ddf2f13fa   63211	batch4-backend/venv/lib/python3.12/site-packages/pygments/unistring.py
100644 blob c9df89ca2e3d144d973c7c96fc08906cd3abb15f   10770	batch4-backend/venv/lib/python3.12/site-packages/pygments/util.py
100644 blob a1b589e38a32041e49332e5e81c2d363dc418d68       4	batch4-backend/venv/lib/python3.12/site-packages/pyjwt-2.15.1.dist-info/INSTALLER
100644 blob 8b259b2f51eae2ca3eabe3ea391872941e0c9318    3500	batch4-backend/venv/lib/python3.12/site-packages/pyjwt-2.15.1.dist-info/METADATA
100644 blob a42b3a1c85005ae835cf312cf708233bf800fe65    2140	batch4-backend/venv/lib/python3.12/site-packages/pyjwt-2.15.1.dist-info/RECORD
100644 blob e69de29bb2d1d6434b8b29ae775ad8c2e48c5391       0	batch4-backend/venv/lib/python3.12/site-packages/pyjwt-2.15.1.dist-info/REQUESTED
100644 blob 13013d7b49be5a84c3ee5931b06285b9553cf5d0      91	batch4-backend/venv/lib/python3.12/site-packages/pyjwt-2.15.1.dist-info/WHEEL
100644 blob 88e2b6ad752425c0c372874e5b3b7695408e7ee3     322	batch4-backend/venv/lib/python3.12/site-packages/pyjwt-2.15.1.dist-info/licenses/AUTHORS.rst
100644 blob fd0ecbc889c067a562b3a745c9d2d7934f87d64b    1085	batch4-backend/venv/lib/python3.12/site-packages/pyjwt-2.15.1.dist-info/licenses/LICENSE
100644 blob 27ccc9bc3a9ca1cd3dab3b2530e67b3309fde50a       4	batch4-backend/venv/lib/python3.12/site-packages/pyjwt-2.15.1.dist-info/top_level.txt
100644 blob a1b589e38a32041e49332e5e81c2d363dc418d68       4	batch4-backend/venv/lib/python3.12/site-packages/pytest-8.4.2.dist-info/INSTALLER
100644 blob 8d14294c79f40770d26d70373245dcd4fdad961c    7656	batch4-backend/venv/lib/python3.12/site-packages/pytest-8.4.2.dist-info/METADATA
100644 blob 6c0d1f47608826eeb4712b02633ed3fca72cd405   10389	batch4-backend/venv/lib/python3.12/site-packages/pytest-8.4.2.dist-info/RECORD
100644 blob e69de29bb2d1d6434b8b29ae775ad8c2e48c5391       0	batch4-backend/venv/lib/python3.12/site-packages/pytest-8.4.2.dist-info/REQUESTED
100644 blob e7fa31b6f3f78deb1022c1f7927f07d4d16da822      91	batch4-backend/venv/lib/python3.12/site-packages/pytest-8.4.2.dist-info/WHEEL
100644 blob 192205dfa5fda066e479ba073379747ae0abbba5      77	batch4-backend/venv/lib/python3.12/site-packages/pytest-8.4.2.dist-info/entry_points.txt
100644 blob df338aa8c6e0b6645de42001b5eedd64c8dc59a1    7369	batch4-backend/venv/lib/python3.12/site-packages/pytest-8.4.2.dist-info/licenses/AUTHORS
100644 blob c3f1657fce94589bd1ec7cead810639047f3d359    1091	batch4-backend/venv/lib/python3.12/site-packages/pytest-8.4.2.dist-info/licenses/LICENSE
100644 blob 3084ae51ecc94b5979ae9075ebb0e08fbda8bdbd      18	batch4-backend/venv/lib/python3.12/site-packages/pytest-8.4.2.dist-info/top_level.txt
100644 blob 297b524bcc27c627cd042a0dd00b01bb7f6410cc    5373	batch4-backend/venv/lib/python3.12/site-packages/pytest/__init__.py
100644 blob cccab5d57b86352e51cb59df8b023c42a9304d65     154	batch4-backend/venv/lib/python3.12/site-packages/pytest/__main__.py
100644 blob e69de29bb2d1d6434b8b29ae775ad8c2e48c5391       0	batch4-backend/venv/lib/python3.12/site-packages/pytest/py.typed
100644 blob a1b589e38a32041e49332e5e81c2d363dc418d68       4	batch4-backend/venv/lib/python3.12/site-packages/pytest_asyncio-1.4.0.dist-info/INSTALLER
100644 blob 8573d2c94db0582c085b2e32070b0bc5a047d46b    4137	batch4-backend/venv/lib/python3.12/site-packages/pytest_asyncio-1.4.0.dist-info/METADATA
100644 blob 45854d5319a5b05b3235a341e5b2a4117f52dd9e    1081	batch4-backend/venv/lib/python3.12/site-packages/pytest_asyncio-1.4.0.dist-info/RECORD
100644 blob e69de29bb2d1d6434b8b29ae775ad8c2e48c5391       0	batch4-backend/venv/lib/python3.12/site-packages/pytest_asyncio-1.4.0.dist-info/REQUESTED
100644 blob 14a883f292bc96b20c2b76a3081991f2676523a9      91	batch4-backend/venv/lib/python3.12/site-packages/pytest_asyncio-1.4.0.dist-info/WHEEL
100644 blob 88db714dad5a5be64332d4142fbd655456805ece      43	batch4-backend/venv/lib/python3.12/site-packages/pytest_asyncio-1.4.0.dist-info/entry_points.txt
100644 blob 5c304d1a4a7b439f767990bf1360d3283e45d0ee   11324	batch4-backend/venv/lib/python3.12/site-packages/pytest_asyncio-1.4.0.dist-info/licenses/LICENSE
100644 blob 08d05d1ecf4c56d1b653d66240c965428de7273d      15	batch4-backend/venv/lib/python3.12/site-packages/pytest_asyncio-1.4.0.dist-info/top_level.txt
100644 blob abd62e15c01df380f3e731aad2c457ab7411c3fb     250	batch4-backend/venv/lib/python3.12/site-packages/pytest_asyncio/__init__.py
100644 blob 2fe8db12d6dfbc3529f0103768e8dc75dbf962fe   38200	batch4-backend/venv/lib/python3.12/site-packages/pytest_asyncio/plugin.py
100644 blob e69de29bb2d1d6434b8b29ae775ad8c2e48c5391       0	batch4-backend/venv/lib/python3.12/site-packages/pytest_asyncio/py.typed
100644 blob a1b589e38a32041e49332e5e81c2d363dc418d68       4	batch4-backend/venv/lib/python3.12/site-packages/python_dotenv-1.2.4.dist-info/INSTALLER
100644 blob 51ca240568901d94c1c0472ea2b192a1de1e488c   29979	batch4-backend/venv/lib/python3.12/site-packages/python_dotenv-1.2.4.dist-info/METADATA
100644 blob df5da7d9696e89627e1c5b5d5b9a3cc9a184a50b    1825	batch4-backend/venv/lib/python3.12/site-packages/python_dotenv-1.2.4.dist-info/RECORD
100644 blob e69de29bb2d1d6434b8b29ae775ad8c2e48c5391       0	batch4-backend/venv/lib/python3.12/site-packages/python_dotenv-1.2.4.dist-info/REQUESTED
100644 blob 13013d7b49be5a84c3ee5931b06285b9553cf5d0      91	batch4-backend/venv/lib/python3.12/site-packages/python_dotenv-1.2.4.dist-info/WHEEL
100644 blob 0a8682329417cc65dc220a0a7ec7a8efb1f221e4      47	batch4-backend/venv/lib/python3.12/site-packages/python_dotenv-1.2.4.dist-info/entry_points.txt
100644 blob 3a97119010ac82e15e917a69b7b8f9f59b5a4601    1556	batch4-backend/venv/lib/python3.12/site-packages/python_dotenv-1.2.4.dist-info/licenses/LICENSE
100644 blob fe7c01aa90e2b2c3c1794c9e1c00aaa360b25358       7	batch4-backend/venv/lib/python3.12/site-packages/python_dotenv-1.2.4.dist-info/top_level.txt
100644 blob a1b589e38a32041e49332e5e81c2d363dc418d68       4	batch4-backend/venv/lib/python3.12/site-packages/pyyaml-6.0.3.dist-info/INSTALLER
100644 blob 702ee6da5865b50b297705b077ea7d5904fead58    2351	batch4-backend/venv/lib/python3.12/site-packages/pyyaml-6.0.3.dist-info/METADATA
100644 blob 5d439d0f672cd256aa260d236c9aeb30ae829d99    2793	batch4-backend/venv/lib/python3.12/site-packages/pyyaml-6.0.3.dist-info/RECORD
100644 blob e69de29bb2d1d6434b8b29ae775ad8c2e48c5391       0	batch4-backend/venv/lib/python3.12/site-packages/pyyaml-6.0.3.dist-info/REQUESTED
100644 blob f3e8a970f16adf4526f1722547053522d94bf860     190	batch4-backend/venv/lib/python3.12/site-packages/pyyaml-6.0.3.dist-info/WHEEL
100644 blob 2f1b8e15e5627d92f0521605c9870bc8e5505cb4    1101	batch4-backend/venv/lib/python3.12/site-packages/pyyaml-6.0.3.dist-info/licenses/LICENSE
100644 blob e6475e911f628412049bc4090d86f23ac403adde      11	batch4-backend/venv/lib/python3.12/site-packages/pyyaml-6.0.3.dist-info/top_level.txt
100644 blob a1b589e38a32041e49332e5e81c2d363dc418d68       4	batch4-backend/venv/lib/python3.12/site-packages/requests-2.34.2.dist-info/INSTALLER
100644 blob cfc3f948ea8688876107fcd120e63e39df3e9664    4806	batch4-backend/venv/lib/python3.12/site-packages/requests-2.34.2.dist-info/METADATA
100644 blob 26c89e0bd4552d6da21983fcaaac5e9eeee5a56a    3153	batch4-backend/venv/lib/python3.12/site-packages/requests-2.34.2.dist-info/RECORD
100644 blob e69de29bb2d1d6434b8b29ae775ad8c2e48c5391       0	batch4-backend/venv/lib/python3.12/site-packages/requests-2.34.2.dist-info/REQUESTED
100644 blob 14a883f292bc96b20c2b76a3081991f2676523a9      91	batch4-backend/venv/lib/python3.12/site-packages/requests-2.34.2.dist-info/WHEEL
100644 blob 67db8588217f266eb561f75fae738656325deac9   10142	batch4-backend/venv/lib/python3.12/site-packages/requests-2.34.2.dist-info/licenses/LICENSE
100644 blob 1ff62db688277b77c83c1766dac7f165364d3528      38	batch4-backend/venv/lib/python3.12/site-packages/requests-2.34.2.dist-info/licenses/NOTICE
100644 blob f2293605cf1b01dca72aad0a15c45b72ed5429a2       9	batch4-backend/venv/lib/python3.12/site-packages/requests-2.34.2.dist-info/top_level.txt
100644 blob ad842400b99c65c91988579e76419cf48224a680    5922	batch4-backend/venv/lib/python3.12/site-packages/requests/__init__.py
100644 blob fea814e58271ecb7a1088ce9ac636791a2cc1289     435	batch4-backend/venv/lib/python3.12/site-packages/requests/__version__.py
100644 blob 0466a7d347db4ed34a37db51b75fc8e80bc06055    1542	batch4-backend/venv/lib/python3.12/site-packages/requests/_internal_utils.py
100644 blob b2273d612b17726609afb45a29058625b79eae60    5838	batch4-backend/venv/lib/python3.12/site-packages/requests/_types.py
100644 blob 40fe8a6d5a6168ba7303b91477af925db0aa3914   28064	batch4-backend/venv/lib/python3.12/site-packages/requests/adapters.py
100644 blob eeb3b54d7f27e2c843080dfe81dfdb0d460c2b31    7152	batch4-backend/venv/lib/python3.12/site-packages/requests/api.py
100644 blob 2af481dbf59e31965bde74c2e27d73517a39d7ac   12233	batch4-backend/venv/lib/python3.12/site-packages/requests/auth.py
100644 blob 4f85ac070bc0230af8155bcadfaa96165268cede     430	batch4-backend/venv/lib/python3.12/site-packages/requests/certs.py
100644 blob deab3c091fed207315c5af60fb415d7407a08b48    2465	batch4-backend/venv/lib/python3.12/site-packages/requests/compat.py
100644 blob 2e3fc215095fad13817562bbaee871cba57eec08   21549	batch4-backend/venv/lib/python3.12/site-packages/requests/cookies.py
100644 blob cb5e9510e3b1cf4804ac6091fd7fdb55e9f2745b    4564	batch4-backend/venv/lib/python3.12/site-packages/requests/exceptions.py
100644 blob 9269cc71263e3f5938a89a9d6c2fed5a4274cc14    4210	batch4-backend/venv/lib/python3.12/site-packages/requests/help.py
100644 blob 11ff9e9f27e76f5ef6b9b609e88c2f418d655e16    1138	batch4-backend/venv/lib/python3.12/site-packages/requests/hooks.py
100644 blob 59b5615960d19849d2dd4a85de4fdc079969ddae   41783	batch4-backend/venv/lib/python3.12/site-packages/requests/models.py
100644 blob 5ab3d8e250de8475cb22553f564e5444e02c7460     904	batch4-backend/venv/lib/python3.12/site-packages/requests/packages.py
100644 blob e69de29bb2d1d6434b8b29ae775ad8c2e48c5391       0	batch4-backend/venv/lib/python3.12/site-packages/requests/py.typed
100644 blob feaf34053a911d4b9051069aeb57e595b4d00165   34248	batch4-backend/venv/lib/python3.12/site-packages/requests/sessions.py
100644 blob 6c59d6baec83bd82055106a5d2cea08fa1195274    4351	batch4-backend/venv/lib/python3.12/site-packages/requests/status_codes.py
100644 blob 7675eaf15a181dada66c02bb0468dc00d6f523b3    4134	batch4-backend/venv/lib/python3.12/site-packages/requests/structures.py
100644 blob 120336ddc6ed5d802735685349c3c3cd42e0c597   36322	batch4-backend/venv/lib/python3.12/site-packages/requests/utils.py
100644 blob a1b589e38a32041e49332e5e81c2d363dc418d68       4	batch4-backend/venv/lib/python3.12/site-packages/ruff-0.16.10.dist-info/INSTALLER
100644 blob ab73880b181d5e692b406d962d507343a850469b   20761	batch4-backend/venv/lib/python3.12/site-packages/ruff-0.16.10.dist-info/METADATA
100644 blob f3a53b9416b243ad831dad4883135f89e992afd6    1026	batch4-backend/venv/lib/python3.12/site-packages/ruff-0.16.10.dist-info/RECORD
100644 blob e69de29bb2d1d6434b8b29ae775ad8c2e48c5391       0	batch4-backend/venv/lib/python3.12/site-packages/ruff-0.16.10.dist-info/REQUESTED
100644 blob 64a001c0d62d5c5d73f7d8f6cfbd30b0fab54f31     141	batch4-backend/venv/lib/python3.12/site-packages/ruff-0.16.10.dist-info/WHEEL
100644 blob 655a0c76fc5539b2f8e63b673741a5fd0e0c5799   20731	batch4-backend/venv/lib/python3.12/site-packages/ruff-0.16.10.dist-info/licenses/LICENSE
100644 blob 247a0c897f37f3b92caeb06ce8464e60a48dc517  415909	batch4-backend/venv/lib/python3.12/site-packages/ruff-0.16.10.dist-info/sboms/ruff.cyclonedx.json
100644 blob 07f41420d184b72aadd8e6bcffe67407e25eb2b7     103	batch4-backend/venv/lib/python3.12/site-packages/ruff/__init__.py
100644 blob 741d753fea676c1adc070afbbbca264b3116f5ec     547	batch4-backend/venv/lib/python3.12/site-packages/ruff/__main__.py
100644 blob c0213bb23fde26b3dc2fdd0b28610018cc9086ed    3250	batch4-backend/venv/lib/python3.12/site-packages/ruff/_find_ruff.py
100644 blob a1b589e38a32041e49332e5e81c2d363dc418d68       4	batch4-backend/venv/lib/python3.12/site-packages/sqlalchemy-2.1.3.dist-info/INSTALLER
100644 blob 6abf36fa9caec3820d363394d579f90de15727b7    9680	batch4-backend/venv/lib/python3.12/site-packages/sqlalchemy-2.1.3.dist-info/METADATA
100644 blob 901b1691976585a935132a0d89996b987b30083c   41003	batch4-backend/venv/lib/python3.12/site-packages/sqlalchemy-2.1.3.dist-info/RECORD
100644 blob e69de29bb2d1d6434b8b29ae775ad8c2e48c5391       0	batch4-backend/venv/lib/python3.12/site-packages/sqlalchemy-2.1.3.dist-info/REQUESTED
100644 blob 0a4d0300062879d2c7e8ebd316e2fc3ba674f619     190	batch4-backend/venv/lib/python3.12/site-packages/sqlalchemy-2.1.3.dist-info/WHEEL
100644 blob 98c5e111e6ee4f7f845044f2fa163cc8faedd736     492	batch4-backend/venv/lib/python3.12/site-packages/sqlalchemy-2.1.3.dist-info/licenses/AUTHORS
100644 blob 903d67495fc6c2017713c754cf16b8f179122ed2    1100	batch4-backend/venv/lib/python3.12/site-packages/sqlalchemy-2.1.3.dist-info/licenses/LICENSE
100644 blob 39fb2befb58229af3357b22968f9db6bb7754cbe      11	batch4-backend/venv/lib/python3.12/site-packages/sqlalchemy-2.1.3.dist-info/top_level.txt
100644 blob 215591dd67917a80e42136be7d358881a1542403   13562	batch4-backend/venv/lib/python3.12/site-packages/sqlalchemy/__init__.py
100644 blob eea1b29a7df945765443fef86ffdb7c71f4427af     476	batch4-backend/venv/lib/python3.12/site-packages/sqlalchemy/connectors/__init__.py
100644 blob e1e4fba6194ee7204f7cbf8e8596b9128f8c3b25    5182	batch4-backend/venv/lib/python3.12/site-packages/sqlalchemy/connectors/aioodbc.py
100644 blob f968f753d4e8d98ccb3b702ac5fdb8cf4b95a340   14373	batch4-backend/venv/lib/python3.12/site-packages/sqlalchemy/connectors/asyncio.py
100644 blob d41b9811652fe2bd2f47ee5bdc7078b215dcc69d    8444	batch4-backend/venv/lib/python3.12/site-packages/sqlalchemy/connectors/pyodbc.py
100644 blob ef065a5c35ab3b0ba399d01d8e3d8335d086d12a    1813	batch4-backend/venv/lib/python3.12/site-packages/sqlalchemy/dialects/__init__.py
100644 blob aef755d18e28861421567db28095a18a67bc2ae0     970	batch4-backend/venv/lib/python3.12/site-packages/sqlalchemy/dialects/_typing.py
100644 blob 64ce592407c8bbba0447cc04eb56223b0891f326    1913	batch4-backend/venv/lib/python3.12/site-packages/sqlalchemy/dialects/mssql/__init__.py
100644 blob 1139f37f798fd1210a32ecded47487c6281bb4a1    2005	batch4-backend/venv/lib/python3.12/site-packages/sqlalchemy/dialects/mssql/aioodbc.py
100644 blob c83c3580035fe5e31f8cd63b4436d0f55ad7ac01  160720	batch4-backend/venv/lib/python3.12/site-packages/sqlalchemy/dialects/mssql/base.py
100644 blob 0f1a56f55935ba8441121d35ecd8f94e64ac71ca   10544	batch4-backend/venv/lib/python3.12/site-packages/sqlalchemy/dialects/mssql/information_schema.py
100644 blob 4c128326a404e6acd1b8963af7a4b2c24a36d94b    5338	batch4-backend/venv/lib/python3.12/site-packages/sqlalchemy/dialects/mssql/json.py
100644 blob 8cdc89622f91d316aeb0be7a6a8eaeeac677294e    7832	batch4-backend/venv/lib/python3.12/site-packages/sqlalchemy/dialects/mssql/mssqlpython.py
100644 blob 823a13c95d40313ed4b64197d255f0f6150b01fc    6884	batch4-backend/venv/lib/python3.12/site-packages/sqlalchemy/dialects/mssql/provision.py
100644 blob 7347b958152a9ac0101fe8b650deb3cd0aa28ad2    4215	batch4-backend/venv/lib/python3.12/site-packages/sqlalchemy/dialects/mssql/pymssql.py
100644 blob 985bf9256f18de09abb65b4c1baf8de909cd698c   25021	batch4-backend/venv/lib/python3.12/site-packages/sqlalchemy/dialects/mssql/pyodbc.py
100644 blob e2c939e4ff6aa8eed46927b65211c82357b7d46f    2242	batch4-backend/venv/lib/python3.12/site-packages/sqlalchemy/dialects/mysql/__init__.py
100644 blob fdf210c1fca23041878224cab126633bb3b504b8   10819	batch4-backend/venv/lib/python3.12/site-packages/sqlalchemy/dialects/mysql/_mariadb_shim.py
100644 blob 099a7de18c9b164280029dd295e7a5d20a343020    8309	batch4-backend/venv/lib/python3.12/site-packages/sqlalchemy/dialects/mysql/aiomysql.py
100644 blob 7544d225c0fda521d76bbeb369dc270ea2e8466a    7680	batch4-backend/venv/lib/python3.12/site-packages/sqlalchemy/dialects/mysql/asyncmy.py
100644 blob c7549acc563636070f4e925ca63b89b0edbcf6a5  135863	batch4-backend/venv/lib/python3.12/site-packages/sqlalchemy/dialects/mysql/base.py
100644 blob cc3c2a8bc8db6137e285dd945f9c43da71715e67    3216	batch4-backend/venv/lib/python3.12/site-packages/sqlalchemy/dialects/mysql/cymysql.py
100644 blob bc2d288fb5636f415f5217866373f06649921deb    9560	batch4-backend/venv/lib/python3.12/site-packages/sqlalchemy/dialects/mysql/dml.py
100644 blob ee7ba07d11d45111f021bdfd2aadc6d4887af34a   10215	batch4-backend/venv/lib/python3.12/site-packages/sqlalchemy/dialects/mysql/enumerated.py
100644 blob 914207e9ee874ca99e0d381c4ef08995ceba6671    4241	batch4-backend/venv/lib/python3.12/site-packages/sqlalchemy/dialects/mysql/expression.py
100644 blob 5c564d73b9e2c84c71b26235649f9ccd51769a3f    2851	batch4-backend/venv/lib/python3.12/site-packages/sqlalchemy/dialects/mysql/json.py
100644 blob cdb1e2ffeed477a5221294aa02648ef11e4ded7c    1556	batch4-backend/venv/lib/python3.12/site-packages/sqlalchemy/dialects/mysql/mariadb.py
100644 blob 0d4fd7311028b45b4231bae2c2e1cfabc6188899   10062	batch4-backend/venv/lib/python3.12/site-packages/sqlalchemy/dialects/mysql/mariadbconnector.py
100644 blob 4c62aa49ff5c5119fb6e2a657b899170f77a73a1    9841	batch4-backend/venv/lib/python3.12/site-packages/sqlalchemy/dialects/mysql/mysqlconnector.py
100644 blob 3e896f1973009de2a235983c03fd4569e6fd0ec9   10402	batch4-backend/venv/lib/python3.12/site-packages/sqlalchemy/dialects/mysql/mysqldb.py
100644 blob 46cd8abf7def5b6616bba86a511d261c972707b4    4816	batch4-backend/venv/lib/python3.12/site-packages/sqlalchemy/dialects/mysql/provision.py
100644 blob 6e41352370e7304d812261a1ab5e46e15d026160    6096	batch4-backend/venv/lib/python3.12/site-packages/sqlalchemy/dialects/mysql/pymysql.py
100644 blob bca724eb25c80860bfe125ecea7e4ac210afbef5    5087	batch4-backend/venv/lib/python3.12/site-packages/sqlalchemy/dialects/mysql/pyodbc.py
100644 blob ac9b323d92f5fae38567003fad41c4f296efaa40   24633	batch4-backend/venv/lib/python3.12/site-packages/sqlalchemy/dialects/mysql/reflection.py
100644 blob 5f9e4573ee4b85914010d5c4faada151936cef10    9236	batch4-backend/venv/lib/python3.12/site-packages/sqlalchemy/dialects/mysql/reserved_words.py
100644 blob 76376081c8d5ec19d94cc2d8304c8dff2f3681af   26699	batch4-backend/venv/lib/python3.12/site-packages/sqlalchemy/dialects/mysql/types.py
100644 blob 0f0b0a5c737681b3b057401ba05d28baf6adfab6    1973	batch4-backend/venv/lib/python3.12/site-packages/sqlalchemy/dialects/oracle/__init__.py
100644 blob 4013d34f80622090e8dd223362b5a16e63b94066  141089	batch4-backend/venv/lib/python3.12/site-packages/sqlalchemy/dialects/oracle/base.py
100644 blob aeda59ef6a518eb60a18d2749175a9d1713cc638   63932	batch4-backend/venv/lib/python3.12/site-packages/sqlalchemy/dialects/oracle/cx_oracle.py
100644 blob 5f36041b4370afb991bef2a2fcc4dfa19325fdcd   19519	batch4-backend/venv/lib/python3.12/site-packages/sqlalchemy/dialects/oracle/dictionary.py
100644 blob b4c528cae103e36176b9ea477ed429f11b88280f    6218	batch4-backend/venv/lib/python3.12/site-packages/sqlalchemy/dialects/oracle/json.py
100644 blob 656debc9e681ae864dfd49a35c0ab13aedf7a16c   32944	batch4-backend/venv/lib/python3.12/site-packages/sqlalchemy/dialects/oracle/oracledb.py
100644 blob db92c5da255a62b102dbe8c4251e9f770d6a3785   10685	batch4-backend/venv/lib/python3.12/site-packages/sqlalchemy/dialects/oracle/provision.py
100644 blob 1ddd8f7bf6d64766f195eb8c67500d417dbd9c9f   10894	batch4-backend/venv/lib/python3.12/site-packages/sqlalchemy/dialects/oracle/types.py
100644 blob f2cbe93102e72a38e88c7794676d7cf132c1f140   10922	batch4-backend/venv/lib/python3.12/site-packages/sqlalchemy/dialects/oracle/vector.py
100644 blob 76b2f488fa99eb4eef782603940515483d48fab9    3988	batch4-backend/venv/lib/python3.12/site-packages/sqlalchemy/dialects/postgresql/__init__.py
100644 blob f2ea4d262cd2f5c9cd3ae67d7266dc01d0917f4f    7178	batch4-backend/venv/lib/python3.12/site-packages/sqlalchemy/dialects/postgresql/_psycopg_common.py
100644 blob c2f2985b96afc375029ae9053f5a2e2646b1db82   17907	batch4-backend/venv/lib/python3.12/site-packages/sqlalchemy/dialects/postgresql/array.py
100644 blob 24b04a8ed7bb5ed8000a3634dfbc596913ef798f   42376	batch4-backend/venv/lib/python3.12/site-packages/sqlalchemy/dialects/postgresql/asyncpg.py
100644 blob 2c40a41e3ee8fe7cbef34d8aa8b7acdc28404187  214444	batch4-backend/venv/lib/python3.12/site-packages/sqlalchemy/dialects/postgresql/base.py
100644 blob 71e0dd9949a1f875e8f8297b666790150e7decf3   10603	batch4-backend/venv/lib/python3.12/site-packages/sqlalchemy/dialects/postgresql/bitstring.py
100644 blob ee4037dc90e3d50ceee81135e0e8abed6fb037be   12959	batch4-backend/venv/lib/python3.12/site-packages/sqlalchemy/dialects/postgresql/dml.py
100644 blob bf93e2ceb352c455d8118b06bb598d5c22d2ced8   19603	batch4-backend/venv/lib/python3.12/site-packages/sqlalchemy/dialects/postgresql/ext.py
100644 blob 243927cbbc09a935a8eb759f681bcdcd46e3e4cf   12728	batch4-backend/venv/lib/python3.12/site-packages/sqlalchemy/dialects/postgresql/hstore.py
100644 blob 68f8d1844d5e8f2c093b79a3d0bc2b11502a58cc   14996	batch4-backend/venv/lib/python3.12/site-packages/sqlalchemy/dialects/postgresql/json.py
100644 blob f40c6857276af5dac6ba4c26b31254296e5d1bed   18617	batch4-backend/venv/lib/python3.12/site-packages/sqlalchemy/dialects/postgresql/named_types.py
100644 blob 562eb821e91b28cbb219fba87446e802aad0dc08    2840	batch4-backend/venv/lib/python3.12/site-packages/sqlalchemy/dialects/postgresql/operators.py
100644 blob d107e4f1bfe3238a1139f06873317b97a3740475   18392	batch4-backend/venv/lib/python3.12/site-packages/sqlalchemy/dialects/postgresql/pg8000.py
100644 blob 6416f89d3aee12f98b04575635e9d4a224b6837e   10475	batch4-backend/venv/lib/python3.12/site-packages/sqlalchemy/dialects/postgresql/pg_catalog.py
100644 blob dd05a2fd542a1cd8679994f02466c5a6656bc239    6713	batch4-backend/venv/lib/python3.12/site-packages/sqlalchemy/dialects/postgresql/provision.py
100644 blob fd147e02268e10ea7a3a59b42867471b8baa18d3   24567	batch4-backend/venv/lib/python3.12/site-packages/sqlalchemy/dialects/postgresql/psycopg.py
100644 blob ee9d78e6233d22a4202658e7a61f1ad6b628bcfc   30886	batch4-backend/venv/lib/python3.12/site-packages/sqlalchemy/dialects/postgresql/psycopg2.py
100644 blob cfad97a69c280714c3a75993616800995fa57dc7    1757	batch4-backend/venv/lib/python3.12/site-packages/sqlalchemy/dialects/postgresql/psycopg2cffi.py
100644 blob c410e8d8afed3fb65a054a25142a2784b8c073a4   32329	batch4-backend/venv/lib/python3.12/site-packages/sqlalchemy/dialects/postgresql/ranges.py
100644 blob a8d213cca397347a3638d0d57ceb57e96d37b33f   10282	batch4-backend/venv/lib/python3.12/site-packages/sqlalchemy/dialects/postgresql/types.py
100644 blob 219047a9316d0c6979f60f41bd2451ba158bb505    1219	batch4-backend/venv/lib/python3.12/site-packages/sqlalchemy/dialects/sqlite/__init__.py
100644 blob 9f4c234999e175d20f0041c1d27b1191b92696e2   13323	batch4-backend/venv/lib/python3.12/site-packages/sqlalchemy/dialects/sqlite/aiosqlite.py
100644 blob 59a15fbe6ad682e3973e864993e1d4ad46fbea39  111310	batch4-backend/venv/lib/python3.12/site-packages/sqlalchemy/dialects/sqlite/base.py
100644 blob 0a759378af8c0e789ba7bd8e7fe844cb0f24c20e   11407	batch4-backend/venv/lib/python3.12/site-packages/sqlalchemy/dialects/sqlite/dml.py
100644 blob 6a4e4e83497b9f2095a5c3ed26e16d599fd5aabd    4294	batch4-backend/venv/lib/python3.12/site-packages/sqlalchemy/dialects/sqlite/json.py
100644 blob b4013d94a9d8e036c5bbee30b6310a185d2f061c    7047	batch4-backend/venv/lib/python3.12/site-packages/sqlalchemy/dialects/sqlite/provision.py
100644 blob e30be35429d74ef65285c25cc433588116203d7c    5748	batch4-backend/venv/lib/python3.12/site-packages/sqlalchemy/dialects/sqlite/pysqlcipher.py
100644 blob a2c1b7f7b7ab26611d3284b01f991c4d91ae5a52   36592	batch4-backend/venv/lib/python3.12/site-packages/sqlalchemy/dialects/sqlite/pysqlite.py
100644 blob e6be2056c1b72524c60f1827a71b74799cab2adb    8239	batch4-backend/venv/lib/python3.12/site-packages/sqlalchemy/dialects/type_migration_guidelines.txt
100644 blob 20a09189d642b2717b4ae017a79f0ba3b082fac1    2818	batch4-backend/venv/lib/python3.12/site-packages/sqlalchemy/engine/__init__.py
100755 blob 7856269fecc1bf71bef766fdc00361fc9b5b5a49  847368	batch4-backend/venv/lib/python3.12/site-packages/sqlalchemy/engine/_processors_cy.cpython-312-x86_64-linux-gnu.so
100644 blob 62afcead1fcf0e237f79d80da938c8384bf7fdf9    2498	batch4-backend/venv/lib/python3.12/site-packages/sqlalchemy/engine/_processors_cy.py
100755 blob ad3b6c7b774e00f9ab0f3b1239b69c0a31094189 2124664	batch4-backend/venv/lib/python3.12/site-packages/sqlalchemy/engine/_result_cy.cpython-312-x86_64-linux-gnu.so
100644 blob c0ed57e6e341b1362850334a21a8c9f8adcfa747   24230	batch4-backend/venv/lib/python3.12/site-packages/sqlalchemy/engine/_result_cy.py
100755 blob 8039dfb22f83e9aee98fbcd993398362fdbd11aa  769232	batch4-backend/venv/lib/python3.12/site-packages/sqlalchemy/engine/_row_cy.cpython-312-x86_64-linux-gnu.so
100644 blob fa1047dab9583f0b9c7fa7a8bc373e9eac8936c3    7413	batch4-backend/venv/lib/python3.12/site-packages/sqlalchemy/engine/_row_cy.py
100755 blob 5c0e3af695cd6fb9e4f1a97351affd46b66aa7dc  594712	batch4-backend/venv/lib/python3.12/site-packages/sqlalchemy/engine/_util_cy.cpython-312-x86_64-linux-gnu.so
100644 blob 118b4d7865c5330c869176bfc2b6ba9132a2ddc3    4504	batch4-backend/venv/lib/python3.12/site-packages/sqlalchemy/engine/_util_cy.py
100644 blob 847411fa91b0dae27f6d3f5b9c6349ece435d32f  123741	batch4-backend/venv/lib/python3.12/site-packages/sqlalchemy/engine/base.py
100644 blob ef7d65fec8351ce626d4463d45764de6f914c216    4765	batch4-backend/venv/lib/python3.12/site-packages/sqlalchemy/engine/characteristics.py
100644 blob 747ed7999b1ca20c1c568c2aceb4efd4c4a16d7a   33661	batch4-backend/venv/lib/python3.12/site-packages/sqlalchemy/engine/create.py
100644 blob 3649bf6553c4672d7928b5918b24791765fbfc8c   85474	batch4-backend/venv/lib/python3.12/site-packages/sqlalchemy/engine/cursor.py
100644 blob 02f784ef8852fb2d1f9e976de61bfc5c6e67b88d   94592	batch4-backend/venv/lib/python3.12/site-packages/sqlalchemy/engine/default.py
100644 blob 899f438f058edcd36726cadf9b2fc693a2cbf5fe   37475	batch4-backend/venv/lib/python3.12/site-packages/sqlalchemy/engine/events.py
100644 blob bb496924edfd49c1fc2d9cb0eaf017d84e45d6dc  123015	batch4-backend/venv/lib/python3.12/site-packages/sqlalchemy/engine/interfaces.py
100644 blob adcf6eb367938db36db03331195987207ec06270    4155	batch4-backend/venv/lib/python3.12/site-packages/sqlalchemy/engine/mock.py
100644 blob 9d43059cbc7f60e26f3aad8fb1a3fef87a4297d0    2710	batch4-backend/venv/lib/python3.12/site-packages/sqlalchemy/engine/processors.py
100644 blob 2b3258edf9a468790059d1ff0c475c2756d6dcb4   77136	batch4-backend/venv/lib/python3.12/site-packages/sqlalchemy/engine/reflection.py
100644 blob 12801823573fecb3a761a5e2a475385f4fb57723   66166	batch4-backend/venv/lib/python3.12/site-packages/sqlalchemy/engine/result.py
100644 blob fe21ae7efdecd3c308a6743e037e7512f6ef74b5   12091	batch4-backend/venv/lib/python3.12/site-packages/sqlalchemy/engine/row.py
100644 blob a7eb81b43f7efa2eb3d041ac817b48e3741d581e     439	batch4-backend/venv/lib/python3.12/site-packages/sqlalchemy/engine/strategies.py
100644 blob 26563b341a375670a2ea52513eba7690b7eee96a   31025	batch4-backend/venv/lib/python3.12/site-packages/sqlalchemy/engine/url.py
100644 blob 7e27411857705f120f13aef30ffd7fa59823d7fd    5702	batch4-backend/venv/lib/python3.12/site-packages/sqlalchemy/engine/util.py
100644 blob a48af7ef5d0d1f38a5e73f40b82d5aec1ae851ac    1066	batch4-backend/venv/lib/python3.12/site-packages/sqlalchemy/event/__init__.py
100644 blob 2f8547df51e4790fcb82347614ae5b03dddae845    8109	batch4-backend/venv/lib/python3.12/site-packages/sqlalchemy/event/api.py
100644 blob 8616b9b79a697998cee9eeea9f47b04324bd1add   21550	batch4-backend/venv/lib/python3.12/site-packages/sqlalchemy/event/attr.py
100644 blob 3db364887d54f0091d76fbc264b8e5b3d93137a6   15248	batch4-backend/venv/lib/python3.12/site-packages/sqlalchemy/event/base.py
100644 blob b2fc4ca701ab43e22de308fdc03e929a59c4789d    8458	batch4-backend/venv/lib/python3.12/site-packages/sqlalchemy/event/legacy.py
100644 blob a6b07c24b7181c2c146ca0435347da82dda06c4c   11145	batch4-backend/venv/lib/python3.12/site-packages/sqlalchemy/event/registry.py
100644 blob 501d79ed63c770437d5109fda16ded7add53a10f     525	batch4-backend/venv/lib/python3.12/site-packages/sqlalchemy/events.py
100644 blob 50e4764b37b16ea414b4e732d655722bae4d221c   27503	batch4-backend/venv/lib/python3.12/site-packages/sqlalchemy/exc.py
100644 blob a72b4aec5ec78a7217b176ccb264119ab61f0399     321	batch4-backend/venv/lib/python3.12/site-packages/sqlalchemy/ext/__init__.py
100644 blob 9651d05380dcb654f6503a420bc6a042ab92ba4a   68101	batch4-backend/venv/lib/python3.12/site-packages/sqlalchemy/ext/associationproxy.py
100644 blob 311b8c1e042606e9489d0f793cdd849f312a4811    1410	batch4-backend/venv/lib/python3.12/site-packages/sqlalchemy/ext/asyncio/__init__.py
100644 blob c30b109b1036facdcc215d17351ae08641ce1350   10137	batch4-backend/venv/lib/python3.12/site-packages/sqlalchemy/ext/asyncio/base.py
100644 blob 775ca2f10db2e1c49712a2a5e3549e97f1ff6caa   49151	batch4-backend/venv/lib/python3.12/site-packages/sqlalchemy/ext/asyncio/engine.py
100644 blob 3606570281183ab9f52cfaf058640ac5e0bbe7bd     817	batch4-backend/venv/lib/python3.12/site-packages/sqlalchemy/ext/asyncio/exc.py
100644 blob d2f97586a7a30b2a849aa0dc8c23dd350e50c3b0   31714	batch4-backend/venv/lib/python3.12/site-packages/sqlalchemy/ext/asyncio/result.py
100644 blob 464f4d088f5e8e81f52c84ec16e39bf650265841   58731	batch4-backend/venv/lib/python3.12/site-packages/sqlalchemy/ext/asyncio/scoping.py
100644 blob b9e0e297d15f949db76be29bc0b2ca84b4cd3944   74747	batch4-backend/venv/lib/python3.12/site-packages/sqlalchemy/ext/asyncio/session.py
100644 blob e3d3ef7d2d1f77fadc08ed9eb1bc8480efd6e567   61629	batch4-backend/venv/lib/python3.12/site-packages/sqlalchemy/ext/automap.py
100644 blob 89a679ba513aeab909718bbbe8b0dc39ead8fb65   17657	batch4-backend/venv/lib/python3.12/site-packages/sqlalchemy/ext/baked.py
100644 blob 1c10ba423dedec1ea8faed32b035f7eaf475027e   20890	batch4-backend/venv/lib/python3.12/site-packages/sqlalchemy/ext/compiler.py
100644 blob e134641685e37a85968a87cad060585a3a4caf0b    1818	batch4-backend/venv/lib/python3.12/site-packages/sqlalchemy/ext/declarative/__init__.py
100644 blob 659e3a3dae284cc925b2c55df72ec44ceee335d9   19373	batch4-backend/venv/lib/python3.12/site-packages/sqlalchemy/ext/declarative/extensions.py
100644 blob 3fafda9b4d90f586479ad1fbb0d92155e6f6c322   16713	batch4-backend/venv/lib/python3.12/site-packages/sqlalchemy/ext/horizontal_shard.py
100644 blob e4c8a7d2928e74813f13c5dca1cdec423a41a8c0   64744	batch4-backend/venv/lib/python3.12/site-packages/sqlalchemy/ext/hybrid.py
100644 blob 0cdbb99cc46703e6a3f66d65c0bbe8a4b2ce55c6   11761	batch4-backend/venv/lib/python3.12/site-packages/sqlalchemy/ext/indexable.py
100644 blob c42e2bdd2540d4c3417f990fd68927ab436a2319   15708	batch4-backend/venv/lib/python3.12/site-packages/sqlalchemy/ext/instrumentation.py
100644 blob c2b0344d890c026f7974d43fc9e8ad30c7047b6f   37115	batch4-backend/venv/lib/python3.12/site-packages/sqlalchemy/ext/mutable.py
100644 blob dfe34d917db5bb8faa1ca525b7721e8cfdb95218   15157	batch4-backend/venv/lib/python3.12/site-packages/sqlalchemy/ext/orderinglist.py
100644 blob e4252cb503d5285be002bebd7e9f3b20f57ed686    6113	batch4-backend/venv/lib/python3.12/site-packages/sqlalchemy/ext/serializer.py
100644 blob dfe828f666c82b7f7bd7568e22a78550f9821e04     513	batch4-backend/venv/lib/python3.12/site-packages/sqlalchemy/future/__init__.py
100644 blob e53286c455cafe57967db366d61ea7d9049fa415     495	batch4-backend/venv/lib/python3.12/site-packages/sqlalchemy/future/engine.py
100644 blob 5187483896f401ce6938abda1bb5a5610c8a7ecc    5661	batch4-backend/venv/lib/python3.12/site-packages/sqlalchemy/inspection.py
100644 blob 6215698d3a86752d45da846cd576559a331f8a74    8438	batch4-backend/venv/lib/python3.12/site-packages/sqlalchemy/log.py
100644 blob 43e1d980a1b36e63c9841e75de38283b119fcc44    8791	batch4-backend/venv/lib/python3.12/site-packages/sqlalchemy/orm/__init__.py
100644 blob dd0a59e9c02819b75bacf1c0d98b45a3caac8bd9  107879	batch4-backend/venv/lib/python3.12/site-packages/sqlalchemy/orm/_orm_constructors.py
100644 blob d224b169ed8d20443391575955244fcebb140970    5012	batch4-backend/venv/lib/python3.12/site-packages/sqlalchemy/orm/_typing.py
100644 blob 47450956e8da28c4cffaa7e4309343f4d975be91   93774	batch4-backend/venv/lib/python3.12/site-packages/sqlalchemy/orm/attributes.py
100644 blob 94a21c13dc17edacb647a350d679feb7b08bd556   28350	batch4-backend/venv/lib/python3.12/site-packages/sqlalchemy/orm/base.py
100644 blob 46b30f8d778087de1bb97bebac58f3429bb0cf31   74360	batch4-backend/venv/lib/python3.12/site-packages/sqlalchemy/orm/bulk_persistence.py
100644 blob 3c35763b8076004a51a3866d129826743d5a606a   20241	batch4-backend/venv/lib/python3.12/site-packages/sqlalchemy/orm/clsregistry.py
100644 blob aa417f8b2f48d30a25960c881b8830b96053038a   50026	batch4-backend/venv/lib/python3.12/site-packages/sqlalchemy/orm/collections.py
100644 blob ab6b7b31176a667af05180d6c504f74c871ec66e  120868	batch4-backend/venv/lib/python3.12/site-packages/sqlalchemy/orm/context.py
100644 blob 48c39219ec6da40cc45ffc2fa89a5d1d8e0f175b   78721	batch4-backend/venv/lib/python3.12/site-packages/sqlalchemy/orm/decl_api.py
100644 blob 8a4c01e6929d5946eec182af510fb948b46f81dd   87679	batch4-backend/venv/lib/python3.12/site-packages/sqlalchemy/orm/decl_base.py
100644 blob 3abe01d7031cd26a68c350f8525cb98d7201f888   47739	batch4-backend/venv/lib/python3.12/site-packages/sqlalchemy/orm/dependency.py
100644 blob 4c50a3f3d973b68d9d85e825a9b669c71c969589   42407	batch4-backend/venv/lib/python3.12/site-packages/sqlalchemy/orm/descriptor_props.py
100644 blob 71fd0f0065bee06bab6e51f3e3ee7b08006573d5    9968	batch4-backend/venv/lib/python3.12/site-packages/sqlalchemy/orm/dynamic.py
100644 blob 9d4652f11329d0eecf526aa64127417cee2bd3e2   12352	batch4-backend/venv/lib/python3.12/site-packages/sqlalchemy/orm/evaluator.py
100644 blob 10438a0bcf3173397b92a0b0029a4389937ef4e1  131318	batch4-backend/venv/lib/python3.12/site-packages/sqlalchemy/orm/events.py
100644 blob 02a0f47f01cb580946c74614be28dec98e7195d7    7664	batch4-backend/venv/lib/python3.12/site-packages/sqlalchemy/orm/exc.py
100644 blob 243de427d61ef4d35a678736f2d11d06940140f6    9265	batch4-backend/venv/lib/python3.12/site-packages/sqlalchemy/orm/identity.py
100644 blob 288a0bc2fb3ea364508db564c58cf6242c1096ab   24079	batch4-backend/venv/lib/python3.12/site-packages/sqlalchemy/orm/instrumentation.py
100644 blob 74a4a12e8dea280cffb9ab6625ad228d10153228   52563	batch4-backend/venv/lib/python3.12/site-packages/sqlalchemy/orm/interfaces.py
100644 blob ef25362f6e51cd25859a812f15e28b276e6f6f9d   59848	batch4-backend/venv/lib/python3.12/site-packages/sqlalchemy/orm/loading.py
100644 blob 48b66d15a491e2cb36f967a96573f00ca820704d   19763	batch4-backend/venv/lib/python3.12/site-packages/sqlalchemy/orm/mapped_collection.py
100644 blob 6751c719e72fda782f82eaf09b78d074f18314d0  172559	batch4-backend/venv/lib/python3.12/site-packages/sqlalchemy/orm/mapper.py
100644 blob 6ef126d3515d5e48c8e47f413bb53542bbf319fa   29531	batch4-backend/venv/lib/python3.12/site-packages/sqlalchemy/orm/path_registry.py
100644 blob 7037a6b2d7c376fca005bb1046c978eeaa24c1f0   61856	batch4-backend/venv/lib/python3.12/site-packages/sqlalchemy/orm/persistence.py
100644 blob f41ba91d65e524dd5cc231b9c38084e04e421020   32892	batch4-backend/venv/lib/python3.12/site-packages/sqlalchemy/orm/properties.py
100644 blob 227b0b21e0bb1d4a08d62dc54876780d313c8035  121505	batch4-backend/venv/lib/python3.12/site-packages/sqlalchemy/orm/query.py
100644 blob 12525f6ca95c376409461e0eaddfbfb648c3cb4b  133724	batch4-backend/venv/lib/python3.12/site-packages/sqlalchemy/orm/relationships.py
100644 blob bb7a2964df67db8707bcecf0b8b1126c8b9ca960   81158	batch4-backend/venv/lib/python3.12/site-packages/sqlalchemy/orm/scoping.py
100644 blob 811fe0c2cbb3ab622193fccbd75c57128df6c4dc  203522	batch4-backend/venv/lib/python3.12/site-packages/sqlalchemy/orm/session.py
100644 blob f75e73928892669a0b0b10ceb4981bbadd33c334   38600	batch4-backend/venv/lib/python3.12/site-packages/sqlalchemy/orm/state.py
100644 blob e8fb02f9bf5e65e086ca6c9c6c11a3a63842eaf1    6809	batch4-backend/venv/lib/python3.12/site-packages/sqlalchemy/orm/state_changes.py
100644 blob 46133242bc50f2c5815415c66126255a7e32b500  124439	batch4-backend/venv/lib/python3.12/site-packages/sqlalchemy/orm/strategies.py
100644 blob 60354e6b9b213842ae722f077f657952377a84ed   89057	batch4-backend/venv/lib/python3.12/site-packages/sqlalchemy/orm/strategy_options.py
100644 blob 678d4e53bc462903102aa604c767ee9d92cfde0a    5785	batch4-backend/venv/lib/python3.12/site-packages/sqlalchemy/orm/sync.py
100644 blob bf63aff9da4348f480837baff8fa670eae994485   27135	batch4-backend/venv/lib/python3.12/site-packages/sqlalchemy/orm/unitofwork.py
100644 blob 5544b21610d30de96a7c7a5567e6b552aa6c59f1   86884	batch4-backend/venv/lib/python3.12/site-packages/sqlalchemy/orm/util.py
100644 blob f763fb5d3945edc7aa5549e6d0d2ea0127f43343   23096	batch4-backend/venv/lib/python3.12/site-packages/sqlalchemy/orm/writeonly.py
100644 blob 6b9b90e325cca136dc36cbb5e08fad781997bea3    1714	batch4-backend/venv/lib/python3.12/site-packages/sqlalchemy/pool/__init__.py
100644 blob 5b477007b5b2f02538380db8e0e16330bf793ea9   54619	batch4-backend/venv/lib/python3.12/site-packages/sqlalchemy/pool/base.py
100644 blob 2fd02431621097accf7580b8723d44bfe7868afe   13455	batch4-backend/venv/lib/python3.12/site-packages/sqlalchemy/pool/events.py
100644 blob f8dd82a48fffac70919e2dd245a0b4b9c29a776e   19108	batch4-backend/venv/lib/python3.12/site-packages/sqlalchemy/pool/impl.py
100644 blob e69de29bb2d1d6434b8b29ae775ad8c2e48c5391       0	batch4-backend/venv/lib/python3.12/site-packages/sqlalchemy/py.typed
100644 blob 6fd93ad7616112374a861bca53bf24b435a857fb    3564	batch4-backend/venv/lib/python3.12/site-packages/sqlalchemy/schema.py
100644 blob ade97f1be79681635ec7c8a1d0ec28204bb67e75    6438	batch4-backend/venv/lib/python3.12/site-packages/sqlalchemy/sql/__init__.py
100644 blob 0f4a26c8cf9cf6dedc3a5fdbbfe7491f07030236   14313	batch4-backend/venv/lib/python3.12/site-packages/sqlalchemy/sql/_annotated_cols.py
100755 blob 36bfcb60d12edae45ad5e6d48c3430babdca0e00 1345176	batch4-backend/venv/lib/python3.12/site-packages/sqlalchemy/sql/_cache_key_cy.cpython-312-x86_64-linux-gnu.so
100644 blob 0b8d6361d3714c322ca2fabe1aba9fedcb493b26   13552	batch4-backend/venv/lib/python3.12/site-packages/sqlalchemy/sql/_cache_key_cy.py
100644 blob 374055cfc2dfc8fdfe1ba76a56d91f271813f498    3795	batch4-backend/venv/lib/python3.12/site-packages/sqlalchemy/sql/_dml_constructors.py
100644 blob 146f46c4fd1b459f7c2e7f6ae307bcc02a1fb003   74697	batch4-backend/venv/lib/python3.12/site-packages/sqlalchemy/sql/_elements_constructors.py
100644 blob f5f602dbcdc95c0e06c4bd6ab55e65414de2feae     617	batch4-backend/venv/lib/python3.12/site-packages/sqlalchemy/sql/_orm_types.py
100644 blob d03b925ed76578df3015403a34e9d73f89406dae   24384	batch4-backend/venv/lib/python3.12/site-packages/sqlalchemy/sql/_selectable_constructors.py
100644 blob 0480ed4200b6c42b2780613461ad17f628cc71ef   14051	batch4-backend/venv/lib/python3.12/site-packages/sqlalchemy/sql/_typing.py
100755 blob 56a3ce0da2aeb888e0d184534bd4e33fd14e0a55  676176	batch4-backend/venv/lib/python3.12/site-packages/sqlalchemy/sql/_util_cy.cpython-312-x86_64-linux-gnu.so
100644 blob 0649cffec730dcb7daecd714f5c27d1c3da0b774     349	batch4-backend/venv/lib/python3.12/site-packages/sqlalchemy/sql/_util_cy.pxd
100644 blob 90dd4d73b9c75f057fb0b55f8f17b117d2d435b5    3871	batch4-backend/venv/lib/python3.12/site-packages/sqlalchemy/sql/_util_cy.py
100644 blob 30d4e2d2d4a838d1e44cf5b9925af669b0344cfa   18487	batch4-backend/venv/lib/python3.12/site-packages/sqlalchemy/sql/annotation.py
100644 blob 9fb419a042de0ad24cb40d6f7a75f5b44436425c   98615	batch4-backend/venv/lib/python3.12/site-packages/sqlalchemy/sql/base.py
100644 blob b5a2eb769c3334dab3b40bb33df11456348874cc   28872	batch4-backend/venv/lib/python3.12/site-packages/sqlalchemy/sql/cache_key.py
100644 blob b73eb6de7b6a8df089c6a563fff14b9c974a1302   39144	batch4-backend/venv/lib/python3.12/site-packages/sqlalchemy/sql/coercions.py
100644 blob 03c0118ebb6c00e2f954132c38c48cab6d5876e3  301442	batch4-backend/venv/lib/python3.12/site-packages/sqlalchemy/sql/compiler.py
100644 blob ed721d16ed415e65bd0fd6a404035dd7a0be08ad   61581	batch4-backend/venv/lib/python3.12/site-packages/sqlalchemy/sql/crud.py
100644 blob 1c258a2da077ca6ab923f5330ae5aa19f42a4ef9   65048	batch4-backend/venv/lib/python3.12/site-packages/sqlalchemy/sql/ddl.py
100644 blob 555afe36db31835acb142ff33b2f768bc0e05cf5   18684	batch4-backend/venv/lib/python3.12/site-packages/sqlalchemy/sql/default_comparator.py
100644 blob f68f2b2a8666f0e8b9f64d32260b44aef705a8c3   71651	batch4-backend/venv/lib/python3.12/site-packages/sqlalchemy/sql/dml.py
100644 blob c8eed0c26ef906fb8110664b396900108f59d8c0  196427	batch4-backend/venv/lib/python3.12/site-packages/sqlalchemy/sql/elements.py
100644 blob b1b45fcccd9912e42463494c72069557043a80e5   18312	batch4-backend/venv/lib/python3.12/site-packages/sqlalchemy/sql/events.py
100644 blob 90efdc424146c4d7db2f0df8effe538f02ca7ec0    8342	batch4-backend/venv/lib/python3.12/site-packages/sqlalchemy/sql/expression.py
100644 blob 968fec156be94b570c97a3231ad8be348cdc3c06   73785	batch4-backend/venv/lib/python3.12/site-packages/sqlalchemy/sql/functions.py
100644 blob d152c440f053b3deeae17035c1caf56a38b5a9d2   49446	batch4-backend/venv/lib/python3.12/site-packages/sqlalchemy/sql/lambdas.py
100644 blob 0f6b63fbc82288679a5de28fb8b3fed365040958    6705	batch4-backend/venv/lib/python3.12/site-packages/sqlalchemy/sql/naming.py
100644 blob b5c4cbf065adfbb8cf6a4ae518633f1823a58ebd   87215	batch4-backend/venv/lib/python3.12/site-packages/sqlalchemy/sql/operators.py
100644 blob 8bacd2ff031d8df56e88fbc83d438bd5cfc61ee6    7857	batch4-backend/venv/lib/python3.12/site-packages/sqlalchemy/sql/roles.py
100644 blob fd05271122cd6417cc68edd86eb182b24813e7c8  262469	batch4-backend/venv/lib/python3.12/site-packages/sqlalchemy/sql/schema.py
100644 blob 311ba287869ad85c70a496c631f3791cca0a3676  257803	batch4-backend/venv/lib/python3.12/site-packages/sqlalchemy/sql/selectable.py
100644 blob a6104cec562fb7896899afb8b81c1ed0f8c1a432  138754	batch4-backend/venv/lib/python3.12/site-packages/sqlalchemy/sql/sqltypes.py
100644 blob 30bf1dc8c1059941c81fbee8c9b8115411c7399a   34355	batch4-backend/venv/lib/python3.12/site-packages/sqlalchemy/sql/traversals.py
100644 blob fb2c0ac5b56ab4c4f213cc7a250a71249a07279e   89578	batch4-backend/venv/lib/python3.12/site-packages/sqlalchemy/sql/type_api.py
100644 blob 95aad914d1b097625a8e57705f401e26131b7bd8   48610	batch4-backend/venv/lib/python3.12/site-packages/sqlalchemy/sql/util.py
100644 blob 3cd2afa705de082b3ff525174441472c52834a2a   36040	batch4-backend/venv/lib/python3.12/site-packages/sqlalchemy/sql/visitors.py
100644 blob dbda6fdde1b30f6b8cecd4f7cb6d434ea9f1dbbc    3201	batch4-backend/venv/lib/python3.12/site-packages/sqlalchemy/testing/__init__.py
100644 blob 605b8b0c88f2e2da2a8d29effe06529e31332f6f   32064	batch4-backend/venv/lib/python3.12/site-packages/sqlalchemy/testing/assertions.py
100644 blob 057b63d49ab36b46509d688060fdd71d0132c179   16856	batch4-backend/venv/lib/python3.12/site-packages/sqlalchemy/testing/assertsql.py
100644 blob 56ea852dacbc432975f264c2c0280df35f0bf95c    3511	batch4-backend/venv/lib/python3.12/site-packages/sqlalchemy/testing/asyncio.py
100644 blob 58c9fcd44acf8dd9675aa88618d06152f38b3b5b   13133	batch4-backend/venv/lib/python3.12/site-packages/sqlalchemy/testing/cancellation.py
100644 blob 20894c132fe18e1a67beabab8e9312f0605fb32c   12586	batch4-backend/venv/lib/python3.12/site-packages/sqlalchemy/testing/config.py
100644 blob a1df98dd0edf70570bafb146095d5e80fab745ee   14250	batch4-backend/venv/lib/python3.12/site-packages/sqlalchemy/testing/engines.py
100644 blob c192480848fa930473736d5eded45afb2667f94b    3354	batch4-backend/venv/lib/python3.12/site-packages/sqlalchemy/testing/entities.py
100644 blob 884bb3e6bc42b7ccd9f625dfb504493ba24e5b2f   14572	batch4-backend/venv/lib/python3.12/site-packages/sqlalchemy/testing/exclusions.py
100644 blob 249a5e376a71bdd3a838e35e6227b7429276524a    1302	batch4-backend/venv/lib/python3.12/site-packages/sqlalchemy/testing/fixtures/__init__.py
100644 blob 254ad9abf8601fdda362e77b97a498b9b3c682ec   13923	batch4-backend/venv/lib/python3.12/site-packages/sqlalchemy/testing/fixtures/base.py
100644 blob cfcd3ab4261fbcbd469d6dc0221696457b2dd934    8779	batch4-backend/venv/lib/python3.12/site-packages/sqlalchemy/testing/fixtures/mypy.py
100644 blob c42a19f259be24ef35097aa24cb7baa990a08cb4    6082	batch4-backend/venv/lib/python3.12/site-packages/sqlalchemy/testing/fixtures/orm.py
100644 blob 8a2f08264e7e7fa661786ed98fa192d8d711cf11   16992	batch4-backend/venv/lib/python3.12/site-packages/sqlalchemy/testing/fixtures/sql.py
100644 blob c1ba2339e7a454a73a4485c12455bd436576e04d    2833	batch4-backend/venv/lib/python3.12/site-packages/sqlalchemy/testing/pickleable.py
100644 blob 65c1519066fce3d11e8ccfe8cea5e889215ed0e3     247	batch4-backend/venv/lib/python3.12/site-packages/sqlalchemy/testing/plugin/__init__.py
100644 blob 5498e87c616072b3d3bb77a6e81f824e17678d86    1684	batch4-backend/venv/lib/python3.12/site-packages/sqlalchemy/testing/plugin/bootstrap.py
100644 blob c4cabb33ebc2bd0e3eb3d909584559784404fc2b   23102	batch4-backend/venv/lib/python3.12/site-packages/sqlalchemy/testing/plugin/plugin_base.py
100644 blob 77f6e96e2628ca22cc79d152c9dd5b5201d9955c   28690	batch4-backend/venv/lib/python3.12/site-packages/sqlalchemy/testing/plugin/pytestplugin.py
100644 blob aaa4bfece6daa3721ff4ce86110dcf55b14ab760   11349	batch4-backend/venv/lib/python3.12/site-packages/sqlalchemy/testing/profiles_file.py
100644 blob 66d76820ff64677f00551dd894d5a377bd59143b    9159	batch4-backend/venv/lib/python3.12/site-packages/sqlalchemy/testing/profiling.py
100644 blob 0d776fb8df970666ca6512fcd5d32863b24d4c5c   18628	batch4-backend/venv/lib/python3.12/site-packages/sqlalchemy/testing/provision.py
100644 blob 9280cd1a588803e4a2b04b50163b29af7ab3adfc   58360	batch4-backend/venv/lib/python3.12/site-packages/sqlalchemy/testing/requirements.py
100644 blob 3998de87a8573a41fac97c2fb97406f90bc29998    5360	batch4-backend/venv/lib/python3.12/site-packages/sqlalchemy/testing/schema.py
100644 blob 50193956a205a4f05473e95b3fff278e201761ac     726	batch4-backend/venv/lib/python3.12/site-packages/sqlalchemy/testing/suite/__init__.py
100644 blob d74cf558edc16c13ae8086faeb647d4a200970c2    7276	batch4-backend/venv/lib/python3.12/site-packages/sqlalchemy/testing/suite/test_cte.py
100644 blob 6ba787fda03df026b172081ddfdba4e7314dfbb5   13010	batch4-backend/venv/lib/python3.12/site-packages/sqlalchemy/testing/suite/test_ddl.py
100644 blob 2965aea8a269e6e9f8b25e44563b43cd9bec10f0   24276	batch4-backend/venv/lib/python3.12/site-packages/sqlalchemy/testing/suite/test_dialect.py
100644 blob e82f835e1e5dfbda93af1e0e9d820d0dcf87347f   18824	batch4-backend/venv/lib/python3.12/site-packages/sqlalchemy/testing/suite/test_insert.py
100644 blob 9cc318c2989cfd4fe14c626001eab84c8497bf83  128866	batch4-backend/venv/lib/python3.12/site-packages/sqlalchemy/testing/suite/test_reflection.py
100644 blob 880e5ef554b090c3537a751e059c635251fe1ab4   22499	batch4-backend/venv/lib/python3.12/site-packages/sqlalchemy/testing/suite/test_results.py
100644 blob f74246bf9f4d86a2c1ec7ae4cfe6cd037631b4d0    7900	batch4-backend/venv/lib/python3.12/site-packages/sqlalchemy/testing/suite/test_rowcount.py
100644 blob 35f24b07e76d01670578bedf86f3c88cde164c5d   65806	batch4-backend/venv/lib/python3.12/site-packages/sqlalchemy/testing/suite/test_select.py
100644 blob 3ee88591d834aefcaeb9aa8aca914a3786a99a4c    9979	batch4-backend/venv/lib/python3.12/site-packages/sqlalchemy/testing/suite/test_sequence.py
100644 blob 56c66419825719abf3d556ea101fbc55c4d629cc   21706	batch4-backend/venv/lib/python3.12/site-packages/sqlalchemy/testing/suite/test_table_via_select.py
100644 blob b2b28543a04277850fda6663f977277def2ce75c   76391	batch4-backend/venv/lib/python3.12/site-packages/sqlalchemy/testing/suite/test_types.py
100644 blob 5642c6d90aaedc8c4df1b7664783d5dcb2278792    6141	batch4-backend/venv/lib/python3.12/site-packages/sqlalchemy/testing/suite/test_unicode_ddl.py
100644 blob d730cdef290dca842fa5d7dd0d3e240ef482fb3d    5195	batch4-backend/venv/lib/python3.12/site-packages/sqlalchemy/testing/suite/test_update_delete.py
100644 blob 05c0d528da4d84c86513ec658bd9549811fd8172   15809	batch4-backend/venv/lib/python3.12/site-packages/sqlalchemy/testing/util.py
100644 blob af136a8e14b41fad45fc853b9071bfaa84503f92    1546	batch4-backend/venv/lib/python3.12/site-packages/sqlalchemy/testing/warnings.py
100644 blob 67567992b4eed22ad0b858a9aa753fdb7fda7fd8    3280	batch4-backend/venv/lib/python3.12/site-packages/sqlalchemy/types.py
100644 blob 297f3340fa19bd0dcdce4ad0bbb299558ae71e9b    8671	batch4-backend/venv/lib/python3.12/site-packages/sqlalchemy/util/__init__.py
100644 blob 5843dd7311b0149432469ec63cb0e410614279a5   19157	batch4-backend/venv/lib/python3.12/site-packages/sqlalchemy/util/_collections.py
100755 blob fc67e753c2db2d3c3f9697c076821d751b1c1f65 1859488	batch4-backend/venv/lib/python3.12/site-packages/sqlalchemy/util/_collections_cy.cpython-312-x86_64-linux-gnu.so
100644 blob cea6dc21f65c0479c900f377af86027c45e54a02     291	batch4-backend/venv/lib/python3.12/site-packages/sqlalchemy/util/_collections_cy.pxd
100644 blob 1c78787235b1eabcdc770fbf8b1cedbf1e8798a8   17118	batch4-backend/venv/lib/python3.12/site-packages/sqlalchemy/util/_collections_cy.py
100644 blob 5b131eb42e9fd02ab9406f5457fc2d6606cc573b    1398	batch4-backend/venv/lib/python3.12/site-packages/sqlalchemy/util/_has_cython.py
100755 blob d93852c17ff375627adb245fd6f6310ef6594cfd 1236184	batch4-backend/venv/lib/python3.12/site-packages/sqlalchemy/util/_immutabledict_cy.cpython-312-x86_64-linux-gnu.so
100644 blob e4ea842ec01e6ad1dd1e0df076fe23001ad2e5bf    7065	batch4-backend/venv/lib/python3.12/site-packages/sqlalchemy/util/_immutabledict_cy.py
100644 blob a83b998ca6aeecab3e6f2974ffc217dda321d432    8919	batch4-backend/venv/lib/python3.12/site-packages/sqlalchemy/util/compat.py
100644 blob 467ee2436f81399ae4b4f56d6215f7cc49858966    8849	batch4-backend/venv/lib/python3.12/site-packages/sqlalchemy/util/concurrency.py
100644 blob 10dcb81ab429044878c23f352863d85660c6feae    1968	batch4-backend/venv/lib/python3.12/site-packages/sqlalchemy/util/cython.py
100644 blob 70edf7660c222539fd8fa2337c04b527b7ef0482   12041	batch4-backend/venv/lib/python3.12/site-packages/sqlalchemy/util/deprecations.py
100644 blob 40b9355e4cde148cebbeea2d9d1ecb670d9cfe3f   84552	batch4-backend/venv/lib/python3.12/site-packages/sqlalchemy/util/langhelpers.py
100644 blob 04509f98dd5e6d3d123b468ab55dc3a560ca76f8    5975	batch4-backend/venv/lib/python3.12/site-packages/sqlalchemy/util/preloaded.py
100644 blob 7547cad5c97cdb94c2635be8ea852fa721fd9cd0    9740	batch4-backend/venv/lib/python3.12/site-packages/sqlalchemy/util/queue.py
100644 blob 7ad4fbf6a1d985f03e6d673a95b8a6e5ff3ab12a    6136	batch4-backend/venv/lib/python3.12/site-packages/sqlalchemy/util/tool_support.py
100644 blob e84db0e46b81b77857f47bc5a38bddd40f00c066    3451	batch4-backend/venv/lib/python3.12/site-packages/sqlalchemy/util/topological.py
100644 blob 2d1ed00654328deb6ee94509338121f7ac49427c   21125	batch4-backend/venv/lib/python3.12/site-packages/sqlalchemy/util/typing.py
100644 blob a1b589e38a32041e49332e5e81c2d363dc418d68       4	batch4-backend/venv/lib/python3.12/site-packages/starlette-1.7.0.dist-info/INSTALLER
100644 blob 714e2cf6357fb19ffe4e416caade230ee473db70    6610	batch4-backend/venv/lib/python3.12/site-packages/starlette-1.7.0.dist-info/METADATA
100644 blob a0302968f80e7c97a4eb86a95aaac1e217fc6848    5592	batch4-backend/venv/lib/python3.12/site-packages/starlette-1.7.0.dist-info/RECORD
100644 blob e69de29bb2d1d6434b8b29ae775ad8c2e48c5391       0	batch4-backend/venv/lib/python3.12/site-packages/starlette-1.7.0.dist-info/REQUESTED
100644 blob 51abe1f5e66cc9d07fda22a3bbe1f89475795969      87	batch4-backend/venv/lib/python3.12/site-packages/starlette-1.7.0.dist-info/WHEEL
100644 blob d16a60ec5b9963ef86b35a52ac92227014618e6c    1518	batch4-backend/venv/lib/python3.12/site-packages/starlette-1.7.0.dist-info/licenses/LICENSE.md
100644 blob 14d9d2f583a956d17d0191e80336d1db6fd648df      22	batch4-backend/venv/lib/python3.12/site-packages/starlette/__init__.py
100644 blob 9491f8bf0e66c2f0ee7ea3635d741397ea57bc61    2257	batch4-backend/venv/lib/python3.12/site-packages/starlette/_exception_handler.py
100644 blob 21bc95a40451378c382eb4b812b96b955b0f7851    4211	batch4-backend/venv/lib/python3.12/site-packages/starlette/_utils.py
100644 blob a28cde441d9fcc60e0c0ee8c4e07f01d760e7981    5763	batch4-backend/venv/lib/python3.12/site-packages/starlette/applications.py
100644 blob 317ef01939642969cf9d84c24baf7913589972bb    5341	batch4-backend/venv/lib/python3.12/site-packages/starlette/authentication.py
100644 blob 55135eed37a42945480b29271cf87dc5920dcb10    1122	batch4-backend/venv/lib/python3.12/site-packages/starlette/background.py
100644 blob a2c55be39b617650ee3fb50a5031959e0b49b121    1701	batch4-backend/venv/lib/python3.12/site-packages/starlette/concurrency.py
100644 blob 56c25ca3b9286d20a5ee722cf4ff4ba04267668b    4426	batch4-backend/venv/lib/python3.12/site-packages/starlette/config.py
100644 blob 72b1cf9fdfb6d7f5be61f648a9ae016deb45012b    2304	batch4-backend/venv/lib/python3.12/site-packages/starlette/convertors.py
100644 blob d4ec95ed02d1d08ebb19cf011793a7d1ae492baa   23200	batch4-backend/venv/lib/python3.12/site-packages/starlette/datastructures.py
100644 blob 9b2032c23189789a9789ab065ce3a7bdcc5d1cd5    5304	batch4-backend/venv/lib/python3.12/site-packages/starlette/endpoints.py
100644 blob 37bdae1b92b0de1c14cdb410fc31a43cdd41e884    1492	batch4-backend/venv/lib/python3.12/site-packages/starlette/exceptions.py
100644 blob e3cdc850a6a1e281e16f05cb399cc5ececcf7c38   12374	batch4-backend/venv/lib/python3.12/site-packages/starlette/formparsers.py
100644 blob f8d47d7a0877155ca16a0e489d68c514499b4231    1349	batch4-backend/venv/lib/python3.12/site-packages/starlette/middleware/__init__.py
100644 blob 935385fd37f3461d3d05b3cc6d32f52c66e1a9b6    1800	batch4-backend/venv/lib/python3.12/site-packages/starlette/middleware/authentication.py
100644 blob a7ecb80cf8e51d08542d5044d55b83d382df030a   10500	batch4-backend/venv/lib/python3.12/site-packages/starlette/middleware/base.py
100644 blob 159c70d9785e30e3adbe9e858f51a5830dab0ea7    4609	batch4-backend/venv/lib/python3.12/site-packages/starlette/middleware/body_limit.py
100644 blob fe4c234950d8906be6f58326ec8877d0d3057115    7688	batch4-backend/venv/lib/python3.12/site-packages/starlette/middleware/cors.py
100644 blob e0ebd656003213da52e3e349dab0e29ff486c53c    8126	batch4-backend/venv/lib/python3.12/site-packages/starlette/middleware/errors.py
100644 blob 6c98558f4db50007dd3ddee1892454a5a73f6abd    2784	batch4-backend/venv/lib/python3.12/site-packages/starlette/middleware/exceptions.py
100644 blob 4473f5ae710b649ee6f734dbf7697832c12d537b    8805	batch4-backend/venv/lib/python3.12/site-packages/starlette/middleware/gzip.py
100644 blob da4091967ec006614368820ba1417329455540b5    1023	batch4-backend/venv/lib/python3.12/site-packages/starlette/middleware/httpsredirect.py
100644 blob 666766ca54789dad76d9c21f7f74e38471bad0aa    5719	batch4-backend/venv/lib/python3.12/site-packages/starlette/middleware/opentelemetry.py
100644 blob efe5e9e1c255c8c45c95ecc2e740dd8344f2aa4b    5175	batch4-backend/venv/lib/python3.12/site-packages/starlette/middleware/sessions.py
100644 blob c57aa9a1984857eb3f6591b5924a8c03973666e0    2456	batch4-backend/venv/lib/python3.12/site-packages/starlette/middleware/trustedhost.py
100644 blob 08719268374936fd5b467b58bc31277faba9b932    5536	batch4-backend/venv/lib/python3.12/site-packages/starlette/middleware/wsgi.py
100644 blob e69de29bb2d1d6434b8b29ae775ad8c2e48c5391       0	batch4-backend/venv/lib/python3.12/site-packages/starlette/py.typed
100644 blob d4f3f4be6d2159b0c2a5838f13ea2ce7e683398e   12708	batch4-backend/venv/lib/python3.12/site-packages/starlette/requests.py
100644 blob bff2467635a33c740161f69fdf9eedf00f970937   22090	batch4-backend/venv/lib/python3.12/site-packages/starlette/responses.py
100644 blob 9969d389e64b25dcac4758ffd48d69d5f44041ff   30472	batch4-backend/venv/lib/python3.12/site-packages/starlette/routing.py
100644 blob 484664c4ed9646fa2f531d235ff05d97ac8eca50    5494	batch4-backend/venv/lib/python3.12/site-packages/starlette/schemas.py
100644 blob 77b62e1064635a407065cafc6d6370ddd96a4cf0    9071	batch4-backend/venv/lib/python3.12/site-packages/starlette/staticfiles.py
100644 blob 202b6b52c6feab5eacba13f7312b2c13a740ae69    6430	batch4-backend/venv/lib/python3.12/site-packages/starlette/status.py
100644 blob 67872b37739db6594c37f17af51d248f8ab815a5    5447	batch4-backend/venv/lib/python3.12/site-packages/starlette/templating.py
100644 blob 2f3f468c779947ac88f9f8e165ffcb07b33dd23e   21597	batch4-backend/venv/lib/python3.12/site-packages/starlette/testclient.py
100644 blob b767ae1599a781d8544e605faaabcfdcca194ac8    1041	batch4-backend/venv/lib/python3.12/site-packages/starlette/types.py
100644 blob cf48e87ea07d35b63a9e79ab54bc6b575c1a0d83    8518	batch4-backend/venv/lib/python3.12/site-packages/starlette/websockets.py
100644 blob a1b589e38a32041e49332e5e81c2d363dc418d68       4	batch4-backend/venv/lib/python3.12/site-packages/typing_extensions-4.16.0.dist-info/INSTALLER
100644 blob 97fd818b909551186a659e13240c49c2187d0cdc    3310	batch4-backend/venv/lib/python3.12/site-packages/typing_extensions-4.16.0.dist-info/METADATA
100644 blob 963dde4d2e0e1f4febc391d1e7bd2e7c0a95d304     679	batch4-backend/venv/lib/python3.12/site-packages/typing_extensions-4.16.0.dist-info/RECORD
100644 blob e69de29bb2d1d6434b8b29ae775ad8c2e48c5391       0	batch4-backend/venv/lib/python3.12/site-packages/typing_extensions-4.16.0.dist-info/REQUESTED
100644 blob d8b9936dad9ab2513fa6979f411560d3b6b57e37      82	batch4-backend/venv/lib/python3.12/site-packages/typing_extensions-4.16.0.dist-info/WHEEL
100644 blob f26bcf4d2de6eb136e31006ca3ab447d5e488adf   13936	batch4-backend/venv/lib/python3.12/site-packages/typing_extensions-4.16.0.dist-info/licenses/LICENSE
100644 blob ced78373258ef307c9a94ef15286e6da359e7a80  165012	batch4-backend/venv/lib/python3.12/site-packages/typing_extensions.py
100644 blob a1b589e38a32041e49332e5e81c2d363dc418d68       4	batch4-backend/venv/lib/python3.12/site-packages/typing_inspection-0.4.4.dist-info/INSTALLER
100644 blob 886db4792954e807bf4d9068b6cdab6311bf52e1    2554	batch4-backend/venv/lib/python3.12/site-packages/typing_inspection-0.4.4.dist-info/METADATA
100644 blob 63a464cfe9f95d590dc5105ec9a297d10e354a1a    1174	batch4-backend/venv/lib/python3.12/site-packages/typing_inspection-0.4.4.dist-info/RECORD
100644 blob e69de29bb2d1d6434b8b29ae775ad8c2e48c5391       0	batch4-backend/venv/lib/python3.12/site-packages/typing_inspection-0.4.4.dist-info/REQUESTED
100644 blob 51abe1f5e66cc9d07fda22a3bbe1f89475795969      87	batch4-backend/venv/lib/python3.12/site-packages/typing_inspection-0.4.4.dist-info/WHEEL
100644 blob e825ad51621c5e34d370ba64f13f6854d89456a6    1090	batch4-backend/venv/lib/python3.12/site-packages/typing_inspection-0.4.4.dist-info/licenses/LICENSE
100644 blob e69de29bb2d1d6434b8b29ae775ad8c2e48c5391       0	batch4-backend/venv/lib/python3.12/site-packages/typing_inspection/__init__.py
100644 blob 458c4ee78f14dcb385601f65eafd0ee8b8470d35   22550	batch4-backend/venv/lib/python3.12/site-packages/typing_inspection/introspection.py
100644 blob e69de29bb2d1d6434b8b29ae775ad8c2e48c5391       0	batch4-backend/venv/lib/python3.12/site-packages/typing_inspection/py.typed
100644 blob 610f5927b0549572053f3f310a695b3c3deec8cd   17838	batch4-backend/venv/lib/python3.12/site-packages/typing_inspection/typing_objects.py
100644 blob 69c731bd0a0e7e2f9e4bb3ba1f333c7076e09397    9635	batch4-backend/venv/lib/python3.12/site-packages/typing_inspection/typing_objects.pyi
100644 blob a1b589e38a32041e49332e5e81c2d363dc418d68       4	batch4-backend/venv/lib/python3.12/site-packages/urllib3-2.8.0.dist-info/INSTALLER
100644 blob 88f02623b282feb3ec677a2e78a6309ac6f03fdf    7389	batch4-backend/venv/lib/python3.12/site-packages/urllib3-2.8.0.dist-info/METADATA
100644 blob 1073cbfddcbb932a14094cb5f52bea77b8f4bffa    5616	batch4-backend/venv/lib/python3.12/site-packages/urllib3-2.8.0.dist-info/RECORD
100644 blob e69de29bb2d1d6434b8b29ae775ad8c2e48c5391       0	batch4-backend/venv/lib/python3.12/site-packages/urllib3-2.8.0.dist-info/REQUESTED
100644 blob 51abe1f5e66cc9d07fda22a3bbe1f89475795969      87	batch4-backend/venv/lib/python3.12/site-packages/urllib3-2.8.0.dist-info/WHEEL
100644 blob e6183d0276b26c5b87aecccf8d0d5bcd7b1148d4    1093	batch4-backend/venv/lib/python3.12/site-packages/urllib3-2.8.0.dist-info/licenses/LICENSE.txt
100644 blob 3fe782c8a45bbabcf240f3cac4303ac12b0ec274    6979	batch4-backend/venv/lib/python3.12/site-packages/urllib3/__init__.py
100644 blob 992ec1657a9d0a98354b56b2a55d54b75db0eaa3    5580	batch4-backend/venv/lib/python3.12/site-packages/urllib3/_base_connection.py
100644 blob bc72773454866cc53c8f2567986732cd880653b5   17669	batch4-backend/venv/lib/python3.12/site-packages/urllib3/_collections.py
100644 blob 297c271bf401c1cb48c6225f8822e78f58c3ca56    9931	batch4-backend/venv/lib/python3.12/site-packages/urllib3/_request_methods.py
100644 blob 319b966f20a2c9d029c83aa8d263f0f23113ac60     520	batch4-backend/venv/lib/python3.12/site-packages/urllib3/_version.py
100644 blob 3bf3f57ac77ae9909c7295dddf67769d69dc5a27   47903	batch4-backend/venv/lib/python3.12/site-packages/urllib3/connection.py
100644 blob 5ed9444df6bd53b52f6913c4e58edb9c36d9aea3   45250	batch4-backend/venv/lib/python3.12/site-packages/urllib3/connectionpool.py
100644 blob e69de29bb2d1d6434b8b29ae775ad8c2e48c5391       0	batch4-backend/venv/lib/python3.12/site-packages/urllib3/contrib/__init__.py
100644 blob e5b62b25e932566f7ae7599c1cedec2b8f30d95b     836	batch4-backend/venv/lib/python3.12/site-packages/urllib3/contrib/emscripten/__init__.py
100644 blob 63f79dd3be803db09671c909f79316c3f65d6916    8960	batch4-backend/venv/lib/python3.12/site-packages/urllib3/contrib/emscripten/connection.py
100644 blob faf141e1fa4113a0c14480d1681ddecb9678ced4    3677	batch4-backend/venv/lib/python3.12/site-packages/urllib3/contrib/emscripten/emscripten_fetch_worker.js
100644 blob 612cfddc4c28d2f0edf47522278fa6d9b7906623   23520	batch4-backend/venv/lib/python3.12/site-packages/urllib3/contrib/emscripten/fetch.py
100644 blob e692e692bd0d38f6a0677992a6993fc68050dff3     566	batch4-backend/venv/lib/python3.12/site-packages/urllib3/contrib/emscripten/request.py
100644 blob ec1e1dbe83722c5fb16290a852859252ae616826    9719	batch4-backend/venv/lib/python3.12/site-packages/urllib3/contrib/emscripten/response.py
100644 blob 62887ba406a3c11230fc19890941eb4c67ed25ae   21494	batch4-backend/venv/lib/python3.12/site-packages/urllib3/contrib/pyopenssl.py
100644 blob 67fceb080ad552d380fc1746c188af8c57aa59e6    7566	batch4-backend/venv/lib/python3.12/site-packages/urllib3/contrib/socks.py
100644 blob 3d7e9b93d307ffe7d54868122227a165cc98383c    9945	batch4-backend/venv/lib/python3.12/site-packages/urllib3/exceptions.py
100644 blob fe68e177324bc67f145091e464556a69b89bcda7   10801	batch4-backend/venv/lib/python3.12/site-packages/urllib3/fields.py
100644 blob 14f70b05b4778f91137e4a9e7059d7514aa44d28    2388	batch4-backend/venv/lib/python3.12/site-packages/urllib3/filepost.py
100644 blob 133e1d8f237f6fddd557ae1c0e0cf738f7cc2748    1741	batch4-backend/venv/lib/python3.12/site-packages/urllib3/http2/__init__.py
100644 blob 8cab76d1f4880825e4604fb0b326a795d49b44a3   12613	batch4-backend/venv/lib/python3.12/site-packages/urllib3/http2/connection.py
100644 blob 9ea900764f0885eafaac9454523417d86e33df2d    3014	batch4-backend/venv/lib/python3.12/site-packages/urllib3/http2/probe.py
100644 blob df7cff936cc9e9cfff9e1e14acab91247998cb5f   25026	batch4-backend/venv/lib/python3.12/site-packages/urllib3/poolmanager.py
100644 blob 5f3ea3d919363f08ab03edbc85b6099bc4df5647      93	batch4-backend/venv/lib/python3.12/site-packages/urllib3/py.typed
100644 blob ec7d30833075a56915ccd60f47407cfcee1a032d   54628	batch4-backend/venv/lib/python3.12/site-packages/urllib3/response.py
100644 blob 534126033c083203649022fa9b753a433f005556    1001	batch4-backend/venv/lib/python3.12/site-packages/urllib3/util/__init__.py
100644 blob f92519ee9124e91e5da7d60ccc3f274312ed3514    4444	batch4-backend/venv/lib/python3.12/site-packages/urllib3/util/connection.py
100644 blob 908fc6621d0afbed16bde2c1957a5cf28d3a84d8    1148	batch4-backend/venv/lib/python3.12/site-packages/urllib3/util/proxy.py
100644 blob 8c6c7fbdcfd2bae3ba337d7edf17b9cb068c3c2d   10228	batch4-backend/venv/lib/python3.12/site-packages/urllib3/util/request.py
100644 blob 0f4578696fa2e17a900c6890ec26d65e860b0b72    3374	batch4-backend/venv/lib/python3.12/site-packages/urllib3/util/response.py
100644 blob 868f2930358c0bf8e544d7c9f0fae1c63f9d789e   20151	batch4-backend/venv/lib/python3.12/site-packages/urllib3/util/retry.py
100644 blob f6445a41dae75f4c2c461578dc0f455c2aa7b287   17856	batch4-backend/venv/lib/python3.12/site-packages/urllib3/util/ssl_.py
100644 blob 94994f25ae1570211c0b98353790f669ef4585fa    5479	batch4-backend/venv/lib/python3.12/site-packages/urllib3/util/ssl_match_hostname.py
100644 blob 6d59bc3bce2489c3a0aa5bcb83b737dcf33c033b    8847	batch4-backend/venv/lib/python3.12/site-packages/urllib3/util/ssltransport.py
100644 blob 4bb1be11d9cb06900dd82ecebd06aa6a7c5de916   10346	batch4-backend/venv/lib/python3.12/site-packages/urllib3/util/timeout.py
100644 blob 8a9f7146842e2d2a5dacf08a21d56739d17d37ab   19579	batch4-backend/venv/lib/python3.12/site-packages/urllib3/util/url.py
100644 blob 35c77e4025842f548565334a3c04cba90f9283d6    1146	batch4-backend/venv/lib/python3.12/site-packages/urllib3/util/util.py
100644 blob aeca0c7ad5b232eeb1ad9c43d315bd1d74eaed9a    4423	batch4-backend/venv/lib/python3.12/site-packages/urllib3/util/wait.py
100644 blob a1b589e38a32041e49332e5e81c2d363dc418d68       4	batch4-backend/venv/lib/python3.12/site-packages/uvicorn-0.54.0.dist-info/INSTALLER
100644 blob e115b0977cbe6552ff067ef70ffa596ca5d12346    6607	batch4-backend/venv/lib/python3.12/site-packages/uvicorn-0.54.0.dist-info/METADATA
100644 blob 9463490c7848160477dfcb7a1b5e796bd1bdaa5b    7222	batch4-backend/venv/lib/python3.12/site-packages/uvicorn-0.54.0.dist-info/RECORD
100644 blob e69de29bb2d1d6434b8b29ae775ad8c2e48c5391       0	batch4-backend/venv/lib/python3.12/site-packages/uvicorn-0.54.0.dist-info/REQUESTED
100644 blob 8dd28d81996853c380eda64106114ad2bec0566c      87	batch4-backend/venv/lib/python3.12/site-packages/uvicorn-0.54.0.dist-info/WHEEL
100644 blob 4b00fcb60173c5497fb24839da1837e8bdbfd98c      46	batch4-backend/venv/lib/python3.12/site-packages/uvicorn-0.54.0.dist-info/entry_points.txt
100644 blob a6bba14552c7673a7db57a5750ddb06508264273    1526	batch4-backend/venv/lib/python3.12/site-packages/uvicorn-0.54.0.dist-info/licenses/LICENSE.md
100644 blob aa511137d3cad07c0164748fe015966374cc8cbd     147	batch4-backend/venv/lib/python3.12/site-packages/uvicorn/__init__.py
100644 blob 8a1dc979a39e36ce81e987843391479f125d73f3      62	batch4-backend/venv/lib/python3.12/site-packages/uvicorn/__main__.py
100644 blob 8f60f404ea2ab5526716bb78260665570d05590a     617	batch4-backend/venv/lib/python3.12/site-packages/uvicorn/_ansi.py
100644 blob 118a19ac0c43e518a24cf1108bfbb9dde507bd0c    2916	batch4-backend/venv/lib/python3.12/site-packages/uvicorn/_compat.py
100644 blob c084ec90b6a16c9e4824808d22283642e2757ded    2776	batch4-backend/venv/lib/python3.12/site-packages/uvicorn/_subprocess.py
100644 blob e2e5d5b38a377f50767db57c849512ccaa1cc992    7830	batch4-backend/venv/lib/python3.12/site-packages/uvicorn/_types.py
100644 blob 37b3c0de47ec4ddf0f628e70af705321e28a7c19   25482	batch4-backend/venv/lib/python3.12/site-packages/uvicorn/config.py
100644 blob f77520ee106deeedee30a48005479806ff9a19e2    1128	batch4-backend/venv/lib/python3.12/site-packages/uvicorn/importer.py
100644 blob e69de29bb2d1d6434b8b29ae775ad8c2e48c5391       0	batch4-backend/venv/lib/python3.12/site-packages/uvicorn/lifespan/__init__.py
100644 blob 74554b1e2a149c37131168fbe283f3e2476a8f75     332	batch4-backend/venv/lib/python3.12/site-packages/uvicorn/lifespan/off.py
100644 blob 71ac39472e9e07025f25c62b074b1d44df39cf8e    5173	batch4-backend/venv/lib/python3.12/site-packages/uvicorn/lifespan/on.py
100644 blob 28c65fcd16e6c96a9e63e0e9e978b7908a8a1904    4256	batch4-backend/venv/lib/python3.12/site-packages/uvicorn/logging.py
100644 blob e69de29bb2d1d6434b8b29ae775ad8c2e48c5391       0	batch4-backend/venv/lib/python3.12/site-packages/uvicorn/loops/__init__.py
100644 blob ad6121ee086b0c3b2fc2cb8dd378134725c1edf6     333	batch4-backend/venv/lib/python3.12/site-packages/uvicorn/loops/asyncio.py
100644 blob 190839905566f0c0e59c6119604887c326078115     566	batch4-backend/venv/lib/python3.12/site-packages/uvicorn/loops/auto.py
100644 blob c6692c58f5c63501b2ad0f3d3c1d6b2336d88aad     236	batch4-backend/venv/lib/python3.12/site-packages/uvicorn/loops/uvloop.py
100644 blob 2bbbc4b033b8ecf0fa5cb8e4aeefc0ccba503074     239	batch4-backend/venv/lib/python3.12/site-packages/uvicorn/loops/zuvloop.py
100644 blob 854c10b3597867fe518637261addbfe57819e6c5   19049	batch4-backend/venv/lib/python3.12/site-packages/uvicorn/main.py
100644 blob e69de29bb2d1d6434b8b29ae775ad8c2e48c5391       0	batch4-backend/venv/lib/python3.12/site-packages/uvicorn/middleware/__init__.py
100644 blob 4e15d1599bab04ac38f56cf271d2ff9b1b9984c8     394	batch4-backend/venv/lib/python3.12/site-packages/uvicorn/middleware/asgi2.py
100644 blob 0174bcce6d48de946214d59bcae5543d38d89c3a    2859	batch4-backend/venv/lib/python3.12/site-packages/uvicorn/middleware/message_logger.py
100644 blob ebd210c4381cb64192a2fca139f5434838d56df5    7421	batch4-backend/venv/lib/python3.12/site-packages/uvicorn/middleware/proxy_headers.py
100644 blob b2e3cb77d421085947741430e8b5451821eb66c7    7125	batch4-backend/venv/lib/python3.12/site-packages/uvicorn/middleware/wsgi.py
100644 blob e69de29bb2d1d6434b8b29ae775ad8c2e48c5391       0	batch4-backend/venv/lib/python3.12/site-packages/uvicorn/protocols/__init__.py
100644 blob e69de29bb2d1d6434b8b29ae775ad8c2e48c5391       0	batch4-backend/venv/lib/python3.12/site-packages/uvicorn/protocols/http/__init__.py
100644 blob a14bec144a97a5e3718a768abe3b6a9e7e93d2c1     403	batch4-backend/venv/lib/python3.12/site-packages/uvicorn/protocols/http/auto.py
100644 blob 208c1f5160c273d5a035b0db3257ade6588056a5    3272	batch4-backend/venv/lib/python3.12/site-packages/uvicorn/protocols/http/auto_zttp_impl.py
100644 blob 2d1b5fa2d3366fd6584181a26c8569a0207900cc    1701	batch4-backend/venv/lib/python3.12/site-packages/uvicorn/protocols/http/flow_control.py
100644 blob e863f8b3ecf5d876e2aef43da02b3f98d869a98d   20886	batch4-backend/venv/lib/python3.12/site-packages/uvicorn/protocols/http/h11_impl.py
100644 blob dc95e23d6485853562f1fbdd5851b11758f8294f   22564	batch4-backend/venv/lib/python3.12/site-packages/uvicorn/protocols/http/httptools_impl.py
100644 blob a91b9494ac37d3b9c22f47cd397d3924832c6fd5   21697	batch4-backend/venv/lib/python3.12/site-packages/uvicorn/protocols/http/zttp_h2_impl.py
100644 blob b64f81750ce084c31a1a9444b9f08f970866f53d   21835	batch4-backend/venv/lib/python3.12/site-packages/uvicorn/protocols/http/zttp_impl.py
100644 blob a9a89065c70d7a7905d4b44bc3c385a492cc0d70    2058	batch4-backend/venv/lib/python3.12/site-packages/uvicorn/protocols/utils.py
100644 blob e69de29bb2d1d6434b8b29ae775ad8c2e48c5391       0	batch4-backend/venv/lib/python3.12/site-packages/uvicorn/protocols/websockets/__init__.py
100644 blob 23db3d081e8fa93638797e55d60b880f81ad87ba     611	batch4-backend/venv/lib/python3.12/site-packages/uvicorn/protocols/websockets/auto.py
100644 blob 8206a588495cadeaeadf24f017dac0b4d406d996   15784	batch4-backend/venv/lib/python3.12/site-packages/uvicorn/protocols/websockets/websockets_impl.py
100644 blob a444433811c27e1c9c36d0d05b3de9cf771816b3   23861	batch4-backend/venv/lib/python3.12/site-packages/uvicorn/protocols/websockets/websockets_sansio_impl.py
100644 blob 086abfdb0d12bde6f6d0a4abad59ac56d1692c99   21138	batch4-backend/venv/lib/python3.12/site-packages/uvicorn/protocols/websockets/wsproto_impl.py
100644 blob 8b137891791fe96927ad78e64b0aad7bded08bdc       1	batch4-backend/venv/lib/python3.12/site-packages/uvicorn/py.typed
100644 blob 0e822a666c79c819d8c9941fe1c33de9a7becdc6   13705	batch4-backend/venv/lib/python3.12/site-packages/uvicorn/server.py
100644 blob cfceb6b94ce36dad006b1f81b816d45ce70ab3d6     507	batch4-backend/venv/lib/python3.12/site-packages/uvicorn/supervisors/__init__.py
100644 blob d8cb4771a380ac490cf217be48e868a25979ef5d    4018	batch4-backend/venv/lib/python3.12/site-packages/uvicorn/supervisors/basereload.py
100644 blob ef2dd2d246521c1afc91990293f0e2d84c3e284c   10271	batch4-backend/venv/lib/python3.12/site-packages/uvicorn/supervisors/multiprocess.py
100644 blob 28693f9cc6d14ed8ea98518a78162e8c84f51c72    1548	batch4-backend/venv/lib/python3.12/site-packages/uvicorn/supervisors/statreload.py
100644 blob 600990595274dbc649176247c0c15840e59e0105    2923	batch4-backend/venv/lib/python3.12/site-packages/uvicorn/supervisors/watchfilesreload.py
100644 blob 827d091c0f1693a43ae030b55e6ff79f7a552192    3873	batch4-backend/venv/lib/python3.12/site-packages/uvicorn/workers.py
100644 blob a1b589e38a32041e49332e5e81c2d363dc418d68       4	batch4-backend/venv/lib/python3.12/site-packages/uvloop-0.23.0.dist-info/INSTALLER
100644 blob 562dadfceb64651e8570812c8e5d247845f86b78    5072	batch4-backend/venv/lib/python3.12/site-packages/uvloop-0.23.0.dist-info/METADATA
100644 blob da20af448cf04d2807034f74270e41499dc56abb    5523	batch4-backend/venv/lib/python3.12/site-packages/uvloop-0.23.0.dist-info/RECORD
100644 blob e69de29bb2d1d6434b8b29ae775ad8c2e48c5391       0	batch4-backend/venv/lib/python3.12/site-packages/uvloop-0.23.0.dist-info/REQUESTED
100644 blob 0a4d0300062879d2c7e8ebd316e2fc3ba674f619     190	batch4-backend/venv/lib/python3.12/site-packages/uvloop-0.23.0.dist-info/WHEEL
100644 blob 5f66d4ee6e85dc68fc36a027dddb2368e3f71fb4   11439	batch4-backend/venv/lib/python3.12/site-packages/uvloop-0.23.0.dist-info/licenses/LICENSE-APACHE
100644 blob 40fd0230d7010bf08f207bf92874e3166d10f647    1105	batch4-backend/venv/lib/python3.12/site-packages/uvloop-0.23.0.dist-info/licenses/LICENSE-MIT
100644 blob 99d47169df5668e3ecc365e7792595e5333d7eb5       7	batch4-backend/venv/lib/python3.12/site-packages/uvloop-0.23.0.dist-info/top_level.txt
100644 blob 638b874c0d4e7483de59350fee0a674f11ab1b91    7558	batch4-backend/venv/lib/python3.12/site-packages/uvloop/__init__.py
100644 blob bfc14dccbb926df611d002a4a7620510a55d8be6      86	batch4-backend/venv/lib/python3.12/site-packages/uvloop/_noop.py
100644 blob e620e1584546dc62fc367a6c502fc82f894addea   15570	batch4-backend/venv/lib/python3.12/site-packages/uvloop/_testbase.py
100644 blob c042b81675384a639681a54c4cbec284dd0935a8     576	batch4-backend/venv/lib/python3.12/site-packages/uvloop/_version.py
100644 blob e594b133128fa7ca2c1321b7faa8a5412ffec5a7     752	batch4-backend/venv/lib/python3.12/site-packages/uvloop/cbhandles.pxd
100644 blob 00070816322887d9cb15b8c11d3723ffaa08359b   12706	batch4-backend/venv/lib/python3.12/site-packages/uvloop/cbhandles.pyx
100644 blob 67aeb595e951e26914458508c4963cdeafcadd9f   14562	batch4-backend/venv/lib/python3.12/site-packages/uvloop/dns.pyx
100644 blob d810d65ee58ad1dc40c33e2d54f5a3e8fcc1e64f    2774	batch4-backend/venv/lib/python3.12/site-packages/uvloop/errors.pyx
100644 blob 5f0d820166b68ce1ab1ffaf4f5c3d43eadbdd895     252	batch4-backend/venv/lib/python3.12/site-packages/uvloop/handles/async_.pxd
100644 blob 5c740cfeb9c97339f2e2c0de840bec2cac2dd9c6    1516	batch4-backend/venv/lib/python3.12/site-packages/uvloop/handles/async_.pyx
100644 blob ba356a789441c8c58baf9f6ddb0c5a0e5b821ff9    1322	batch4-backend/venv/lib/python3.12/site-packages/uvloop/handles/basetransport.pxd
100644 blob 28b30794799249c3af2d3274fbbac95b07ae8f4e    9553	batch4-backend/venv/lib/python3.12/site-packages/uvloop/handles/basetransport.pyx
100644 blob 86cfd8fb8e065bc3f662395d571a4b43eaae2a87     276	batch4-backend/venv/lib/python3.12/site-packages/uvloop/handles/check.pxd
100644 blob 1a61c4e91bdd30a8cc238adca2c3d7c158afbfe0    1881	batch4-backend/venv/lib/python3.12/site-packages/uvloop/handles/check.pyx
100644 blob 3a32428506f73dc54c77088d50e602aa088596ce     325	batch4-backend/venv/lib/python3.12/site-packages/uvloop/handles/fsevent.pxd
100644 blob 6ed6433ca410e829ef997f8dc519608e1948bea8    2823	batch4-backend/venv/lib/python3.12/site-packages/uvloop/handles/fsevent.pyx
100644 blob 5af1c14cfcedbae283422797dfc7b1f1eb97af60    1189	batch4-backend/venv/lib/python3.12/site-packages/uvloop/handles/handle.pxd
100644 blob 2c96458b1c897fd9a88211b683dd44d2d329ec09   13248	batch4-backend/venv/lib/python3.12/site-packages/uvloop/handles/handle.pyx
100644 blob cf7b19f64b46551d815c4e6d4f6545e3d70b2636     274	batch4-backend/venv/lib/python3.12/site-packages/uvloop/handles/idle.pxd
100644 blob 91c641f6c0170de4cb9e7797a1179a2621198ef7    1859	batch4-backend/venv/lib/python3.12/site-packages/uvloop/handles/idle.pyx
100644 blob 56fc2658bb1e223bbc342283bdf641aba77d4733     933	batch4-backend/venv/lib/python3.12/site-packages/uvloop/handles/pipe.pxd
100644 blob 4b95ed6e9deb41bf3f014b06af673f1a18a55557    7688	batch4-backend/venv/lib/python3.12/site-packages/uvloop/handles/pipe.pyx
100644 blob c220540269cde4f7a32d4170c966af05d046501d     575	batch4-backend/venv/lib/python3.12/site-packages/uvloop/handles/poll.pxd
100644 blob c905e9b0b7ee9668099b98aea1db9ad2bbf53f4a    6511	batch4-backend/venv/lib/python3.12/site-packages/uvloop/handles/poll.pyx
100644 blob 970abcfc84d73ea41516a81959f131ef507cb593    2314	batch4-backend/venv/lib/python3.12/site-packages/uvloop/handles/process.pxd
100644 blob 63b982ae597695edb63ac9b17740393bc5399786   26919	batch4-backend/venv/lib/python3.12/site-packages/uvloop/handles/process.pyx
100644 blob 71c8288ef7de3da30a38ae5c50c08dc8785692e7    1846	batch4-backend/venv/lib/python3.12/site-packages/uvloop/handles/stream.pxd
100644 blob f8c7f694ea6c718106ea88494631d0c22209730c   33234	batch4-backend/venv/lib/python3.12/site-packages/uvloop/handles/stream.pyx
100644 blob a004efd9b8df19cda9e2cb04eb9794e8f4a14487     786	batch4-backend/venv/lib/python3.12/site-packages/uvloop/handles/streamserver.pxd
100644 blob 99933177953ec00d138126634598abb32e034d24    4632	batch4-backend/venv/lib/python3.12/site-packages/uvloop/handles/streamserver.pyx
100644 blob 8d388ef065f5fe3722abf53a4518c7a66d8b7aec     892	batch4-backend/venv/lib/python3.12/site-packages/uvloop/handles/tcp.pxd
100644 blob d5fe827a07547be356976983dd93162620594f17    7291	batch4-backend/venv/lib/python3.12/site-packages/uvloop/handles/tcp.pyx
100644 blob fda23b67c1f3e2987e67a956f77c9ca867836ac9     440	batch4-backend/venv/lib/python3.12/site-packages/uvloop/handles/timer.pxd
100644 blob 86d46ef02a76296c792f32be3b43182cc0937684    2416	batch4-backend/venv/lib/python3.12/site-packages/uvloop/handles/timer.pyx
100644 blob daa9a1beeb99cab30a00ad4f5aae76ef67f0c576     671	batch4-backend/venv/lib/python3.12/site-packages/uvloop/handles/udp.pxd
100644 blob eac1bca517a96f7d8fd3c131273fb217f4e6a4eb   12252	batch4-backend/venv/lib/python3.12/site-packages/uvloop/handles/udp.pyx
100644 blob 2ccf9cae31016b266b5a8a656b3aea0c3e571fc9     361	batch4-backend/venv/lib/python3.12/site-packages/uvloop/includes/__init__.py
100644 blob 82f3c327fb26ed84ed81cc7d8422f3bf1359c49e     843	batch4-backend/venv/lib/python3.12/site-packages/uvloop/includes/consts.pxi
100644 blob a825def3c27511d9d860c2f4d0110fcb6561a8ff      64	batch4-backend/venv/lib/python3.12/site-packages/uvloop/includes/debug.pxd
100644 blob f22f1a7a541cb681b4c6f0f034bb1be248d189f1     458	batch4-backend/venv/lib/python3.12/site-packages/uvloop/includes/flowcontrol.pxd
100644 blob 94007e537381bb41af0749b1e67896db84e0266e     846	batch4-backend/venv/lib/python3.12/site-packages/uvloop/includes/python.pxd
100644 blob 5fff4ad8e57f0e95625fa75e015fd3d2402073fe    6381	batch4-backend/venv/lib/python3.12/site-packages/uvloop/includes/stdlib.pxi
100644 blob 89d0e327f3356ec3c20406b0747ebbc88e14a1e6    2405	batch4-backend/venv/lib/python3.12/site-packages/uvloop/includes/system.pxd
100644 blob 510b14988ed20fd911d618adb9dd5ee42faed5c0   16080	batch4-backend/venv/lib/python3.12/site-packages/uvloop/includes/uv.pxd
100755 blob e88aeada8833947e8eb647e023155838822aa88f 16134240	batch4-backend/venv/lib/python3.12/site-packages/uvloop/loop.cpython-312-x86_64-linux-gnu.so
100644 blob 89566ea389b9a4b3edf9f149d9177c634a262050    6194	batch4-backend/venv/lib/python3.12/site-packages/uvloop/loop.pxd
100644 blob 80822ec0beba836cf8b5bc60ec67828aeb713a2a   11190	batch4-backend/venv/lib/python3.12/site-packages/uvloop/loop.pyi
100644 blob e20d956def8061917cea046e37ea58d63455d4c5  119373	batch4-backend/venv/lib/python3.12/site-packages/uvloop/loop.pyx
100644 blob cc7ea1dbc8aade8807a511daf6ea89521a07a13f    2279	batch4-backend/venv/lib/python3.12/site-packages/uvloop/lru.pyx
100644 blob 10a1ad602e8307e655aa9247c4d2eef045bbe6b2    5383	batch4-backend/venv/lib/python3.12/site-packages/uvloop/pseudosock.pyx
100644 blob e69de29bb2d1d6434b8b29ae775ad8c2e48c5391       0	batch4-backend/venv/lib/python3.12/site-packages/uvloop/py.typed
100644 blob bafa51dc6e6ec54440415560957c50b3a0cf344b     143	batch4-backend/venv/lib/python3.12/site-packages/uvloop/request.pxd
100644 blob f15103ada859b5d12d6268a3b5efbf2deb811a02    2259	batch4-backend/venv/lib/python3.12/site-packages/uvloop/request.pyx
100644 blob ef10f8131014516df68ef1a669811fbd63ff5b5b     394	batch4-backend/venv/lib/python3.12/site-packages/uvloop/server.pxd
100644 blob 845bcfda451ebae9a0ac4c62dbca8f62443d0a59    3623	batch4-backend/venv/lib/python3.12/site-packages/uvloop/server.pyx
100644 blob edc0f502f78770ac60ae93bc3885c50b84cb44ff    3983	batch4-backend/venv/lib/python3.12/site-packages/uvloop/sslproto.pxd
100644 blob f76474e6cf1a610d73eb3e3bc5c0012e56756ee5   38090	batch4-backend/venv/lib/python3.12/site-packages/uvloop/sslproto.pyx
100644 blob a1b589e38a32041e49332e5e81c2d363dc418d68       4	batch4-backend/venv/lib/python3.12/site-packages/watchfiles-1.3.0.dist-info/INSTALLER
100644 blob 1afd0dc72046b6e10a9e0914378826bc262f08e6    4877	batch4-backend/venv/lib/python3.12/site-packages/watchfiles-1.3.0.dist-info/METADATA
100644 blob 232b84aa49faf9bd916b6c42a0e2c6a08dfc4234    1944	batch4-backend/venv/lib/python3.12/site-packages/watchfiles-1.3.0.dist-info/RECORD
100644 blob e69de29bb2d1d6434b8b29ae775ad8c2e48c5391       0	batch4-backend/venv/lib/python3.12/site-packages/watchfiles-1.3.0.dist-info/REQUESTED
100644 blob c099bf4c90f5aea8430117c20186a5e815197252     145	batch4-backend/venv/lib/python3.12/site-packages/watchfiles-1.3.0.dist-info/WHEEL
100644 blob 51642969b76b6d4a8c0e9437a0ddae58772e835b      48	batch4-backend/venv/lib/python3.12/site-packages/watchfiles-1.3.0.dist-info/entry_points.txt
100644 blob bdd9b15521a6e7860883f7d5fea2ed29e1c0422e    1091	batch4-backend/venv/lib/python3.12/site-packages/watchfiles-1.3.0.dist-info/licenses/LICENSE
100644 blob f7e3a481c238ee3da677591d42f38c8fe4c8d58f   32134	batch4-backend/venv/lib/python3.12/site-packages/watchfiles-1.3.0.dist-info/sboms/watchfiles_rust_notify.cyclonedx.json
100644 blob 877fbd573e66d63349a03b5b829f0d52467137a3     364	batch4-backend/venv/lib/python3.12/site-packages/watchfiles/__init__.py
100644 blob d396c2a7cb4a9c69d07b596337b1fffb249c0191      59	batch4-backend/venv/lib/python3.12/site-packages/watchfiles/__main__.py
100755 blob 07c4a09bbd1ea1f275f608a01fc0ded279c07af1 1160728	batch4-backend/venv/lib/python3.12/site-packages/watchfiles/_rust_notify.abi3.so
100644 blob e08cfff88f9897f616ba8e268052a13ccbf1cae8    4753	batch4-backend/venv/lib/python3.12/site-packages/watchfiles/_rust_notify.pyi
100644 blob 6a868d29ea9cdbe74ea9643236bac039ef16532d    7696	batch4-backend/venv/lib/python3.12/site-packages/watchfiles/cli.py
100644 blob a0e5333151d0c64c7a83157e21ecf7949bfa8c20    5119	batch4-backend/venv/lib/python3.12/site-packages/watchfiles/filters.py
100644 blob 0068dbeffbd1c18bc6309c3b516df6ce46448750   15165	batch4-backend/venv/lib/python3.12/site-packages/watchfiles/main.py
100644 blob 7cd6d6f0321bc62f12078af229fb4d0063b9a951      69	batch4-backend/venv/lib/python3.12/site-packages/watchfiles/py.typed
100644 blob 86366185819c0b5e7a0e0220c8f6a0aa55c5e39a   15244	batch4-backend/venv/lib/python3.12/site-packages/watchfiles/run.py
100644 blob f55721f14ffbf4bdff2e62c701ddf86a3b044483      85	batch4-backend/venv/lib/python3.12/site-packages/watchfiles/version.py
100644 blob a1b589e38a32041e49332e5e81c2d363dc418d68       4	batch4-backend/venv/lib/python3.12/site-packages/websockets-17.2.dist-info/INSTALLER
100644 blob 200f9775db906c2bf545d9e8d64e5d9af10de2d9    6336	batch4-backend/venv/lib/python3.12/site-packages/websockets-17.2.dist-info/METADATA
100644 blob 5ce029ca9b818a9d004764550e76346c71d8b1cc    8266	batch4-backend/venv/lib/python3.12/site-packages/websockets-17.2.dist-info/RECORD
100644 blob e69de29bb2d1d6434b8b29ae775ad8c2e48c5391       0	batch4-backend/venv/lib/python3.12/site-packages/websockets-17.2.dist-info/REQUESTED
100644 blob afc197a8efe49874f6f53e17cc771fd14c38d970     186	batch4-backend/venv/lib/python3.12/site-packages/websockets-17.2.dist-info/WHEEL
100644 blob 60cd61ca0074591bf4dd607f11ee22310a3daab4      51	batch4-backend/venv/lib/python3.12/site-packages/websockets-17.2.dist-info/entry_points.txt
100644 blob 5d61ece22a75a759aed8e52af280eca28d35d6bf    1514	batch4-backend/venv/lib/python3.12/site-packages/websockets-17.2.dist-info/licenses/LICENSE
100644 blob 14774b465e97f655dbcaa60d97c8a9aa72e7d51b      11	batch4-backend/venv/lib/python3.12/site-packages/websockets-17.2.dist-info/top_level.txt
100644 blob 8b72eeb40479f420f76aad59f062502b170c9e39    7450	batch4-backend/venv/lib/python3.12/site-packages/websockets/__init__.py
100644 blob 2f05ddc225577125ac018702cfe4de55a1aacd71      62	batch4-backend/venv/lib/python3.12/site-packages/websockets/__main__.py
100644 blob e69de29bb2d1d6434b8b29ae775ad8c2e48c5391       0	batch4-backend/venv/lib/python3.12/site-packages/websockets/asyncio/__init__.py
100644 blob ead92b28c87d1f27db5e97ee1161d5c63aaa589c   30666	batch4-backend/venv/lib/python3.12/site-packages/websockets/asyncio/client.py
100644 blob 87d96ab59ba98a8bed145e413e504c91e202729a   49740	batch4-backend/venv/lib/python3.12/site-packages/websockets/asyncio/connection.py
100644 blob 1d71d97bfe546e6250b0793976b946e7bff0972b   11096	batch4-backend/venv/lib/python3.12/site-packages/websockets/asyncio/messages.py
100644 blob e46111e535cf80f0a80542963ffdf044c1d9b819    7783	batch4-backend/venv/lib/python3.12/site-packages/websockets/asyncio/router.py
100644 blob 18b37456e1a58f35e277aa807d9d1dcb2edccc6e   34434	batch4-backend/venv/lib/python3.12/site-packages/websockets/asyncio/server.py
100644 blob 15b70a3727b2eb3202fc87173ad2fc8b742cf72c     568	batch4-backend/venv/lib/python3.12/site-packages/websockets/auth.py
100644 blob 4b0190c79fd9aaeb63b54a69a277e4c248b14acb    6892	batch4-backend/venv/lib/python3.12/site-packages/websockets/cli.py
100644 blob ff2b1020028758bdc85f28959fa095b9f9db3b9b   16140	batch4-backend/venv/lib/python3.12/site-packages/websockets/client.py
100644 blob 5e78e34479224d0332b165badd67a8933e0c73db     323	batch4-backend/venv/lib/python3.12/site-packages/websockets/connection.py
100644 blob 3c23eb877ce58afdfa0729e83a858eb26926ca97    7238	batch4-backend/venv/lib/python3.12/site-packages/websockets/datastructures.py
100644 blob f15cba256e9208752f723726c57f289cbc32cbf6   14308	batch4-backend/venv/lib/python3.12/site-packages/websockets/exceptions.py
100644 blob 02838b98a5335322daad566de9c0d9d0843fc49a      98	batch4-backend/venv/lib/python3.12/site-packages/websockets/extensions/__init__.py
100644 blob 2fdc59f0fdae4d28fdcf18b6f9edf8d62ad22f01    2903	batch4-backend/venv/lib/python3.12/site-packages/websockets/extensions/base.py
100644 blob 05c629bc91ac5cf6680fc3ffe1df71e0b19dc0e5   26569	batch4-backend/venv/lib/python3.12/site-packages/websockets/extensions/permessage_deflate.py
100644 blob 5ea89c28480ee0984c7928d01ef3a1583ec7b102   17486	batch4-backend/venv/lib/python3.12/site-packages/websockets/frames.py
100644 blob e05ff5b4c34fcd3b3021eb6456e9b2d71dbe0222   16046	batch4-backend/venv/lib/python3.12/site-packages/websockets/headers.py
100644 blob f0ba1bb5e93fa7d4a1426ad693833a6c8f74b2ab   18245	batch4-backend/venv/lib/python3.12/site-packages/websockets/http11.py
100644 blob c63fb212ec602ae6ec75fe1b86a29fb2e11334df    2795	batch4-backend/venv/lib/python3.12/site-packages/websockets/imports.py
100644 blob ad9aa25064f626754bda8a8bb149d974002a064e     276	batch4-backend/venv/lib/python3.12/site-packages/websockets/legacy/__init__.py
100644 blob a262fcd791bc66a1ad0ee9389faed1c62c69e2be    6531	batch4-backend/venv/lib/python3.12/site-packages/websockets/legacy/auth.py
100644 blob 1e9539da2bb784d4d26e86dd410058916e453e3c   27226	batch4-backend/venv/lib/python3.12/site-packages/websockets/legacy/client.py
100644 blob 29a2525b4e73b788f773682ce0b88e13eafc6e26    1924	batch4-backend/venv/lib/python3.12/site-packages/websockets/legacy/exceptions.py
100644 blob ed136fa0380583a9b5bc38843e1c74a1a585ad8b    6374	batch4-backend/venv/lib/python3.12/site-packages/websockets/legacy/framing.py
100644 blob 6a7157c010720733ca42d363cd810c354bf9d221    5285	batch4-backend/venv/lib/python3.12/site-packages/websockets/legacy/handshake.py
100644 blob bb7677ac7a78ae704b309000bbc73e0af04267c7    7151	batch4-backend/venv/lib/python3.12/site-packages/websockets/legacy/http.py
100644 blob cb97e48185ba725357422b445ee4989ddaa559d6   63645	batch4-backend/venv/lib/python3.12/site-packages/websockets/legacy/protocol.py
100644 blob d204738cac063cf547c2ca3c0d70722a39aad9e7   44835	batch4-backend/venv/lib/python3.12/site-packages/websockets/legacy/server.py
100644 blob becf2d1fe62a777bfd258d2ba3995e03f174724f   27204	batch4-backend/venv/lib/python3.12/site-packages/websockets/protocol.py
100644 blob 6fd2d4e6e69783435f339608a3c1676aa12cacc1    4904	batch4-backend/venv/lib/python3.12/site-packages/websockets/proxy.py
100644 blob e69de29bb2d1d6434b8b29ae775ad8c2e48c5391       0	batch4-backend/venv/lib/python3.12/site-packages/websockets/py.typed
100644 blob d4029eb1abebf1df8f1f5d39439908585bc1e08a   24679	batch4-backend/venv/lib/python3.12/site-packages/websockets/server.py
100644 blob f14ba3b9740a9f7ea901471c2f524f008c7c8ef5    5920	batch4-backend/venv/lib/python3.12/site-packages/websockets/speedups.c
100755 blob 9680dea675f19e7db94cb149183db26075eefe81   38048	batch4-backend/venv/lib/python3.12/site-packages/websockets/speedups.cpython-312-x86_64-linux-gnu.so
100644 blob ffd6c3e07e451e712b53df7b7cf36b61d3a0bf1d     102	batch4-backend/venv/lib/python3.12/site-packages/websockets/speedups.pyi
100644 blob 04b4739c69ed584a932796cbf689c1c70a8fc8a1    4610	batch4-backend/venv/lib/python3.12/site-packages/websockets/streams.py
100644 blob e69de29bb2d1d6434b8b29ae775ad8c2e48c5391       0	batch4-backend/venv/lib/python3.12/site-packages/websockets/sync/__init__.py
100644 blob 393fc8e2ea7d1490b528c540c5f272e4797df818   39972	batch4-backend/venv/lib/python3.12/site-packages/websockets/sync/client.py
100644 blob 15b6883ecbaf62d3ae4927aaeb0b58ec6444d159   49326	batch4-backend/venv/lib/python3.12/site-packages/websockets/sync/connection.py
100644 blob 8961cbdc266f0fdb516d04320bccb31140a985df   12826	batch4-backend/venv/lib/python3.12/site-packages/websockets/sync/messages.py
100644 blob 3cd7464b263c9d99be069f2a0b3f454e89daa693    7212	batch4-backend/venv/lib/python3.12/site-packages/websockets/sync/router.py
100644 blob a8affce954cc6b8e0139ca902f0fffedc9fcbf99   34882	batch4-backend/venv/lib/python3.12/site-packages/websockets/sync/server.py
100644 blob 00bce2cc6bb19fa280a6ef2b3481403e6f6ba74f    1107	batch4-backend/venv/lib/python3.12/site-packages/websockets/sync/utils.py
100644 blob e69de29bb2d1d6434b8b29ae775ad8c2e48c5391       0	batch4-backend/venv/lib/python3.12/site-packages/websockets/trio/__init__.py
100644 blob a18cf7f2e22e1e0d0182bcaee78af3f231a1c540   30256	batch4-backend/venv/lib/python3.12/site-packages/websockets/trio/client.py
100644 blob 26e0321008c32c4125cc1022440b4416e2836d14   49248	batch4-backend/venv/lib/python3.12/site-packages/websockets/trio/connection.py
100644 blob a1b348f67487df4a5ecd8602c1e03ae2884b78c8   10476	batch4-backend/venv/lib/python3.12/site-packages/websockets/trio/messages.py
100644 blob dfff8953c408a32e0444321786a3c38c37bc13bb    7196	batch4-backend/venv/lib/python3.12/site-packages/websockets/trio/router.py
100644 blob 2c5bae5c1ffbe53aae660ea8c9598deac1e7a653   25934	batch4-backend/venv/lib/python3.12/site-packages/websockets/trio/server.py
100644 blob 17fe8b9ad66dddb2f698b7e32fed77def8dc87d0     956	batch4-backend/venv/lib/python3.12/site-packages/websockets/trio/utils.py
100644 blob 07b675b175f9406c4d53694c4564ab501eb601fd    1840	batch4-backend/venv/lib/python3.12/site-packages/websockets/typing.py
100644 blob 219879678eb3afcff7612f524aab1bc675f300d1    3068	batch4-backend/venv/lib/python3.12/site-packages/websockets/uri.py
100644 blob 5a73226a85ccb3170e8a375a92ef4e2243c92769    2022	batch4-backend/venv/lib/python3.12/site-packages/websockets/utils.py
100644 blob 65b597adee94101c94965ad5d9d618c33ea2539e    3202	batch4-backend/venv/lib/python3.12/site-packages/websockets/version.py
100644 blob d58f0891737def7f38e5d86dde2dbf9be0c13dce   12311	batch4-backend/venv/lib/python3.12/site-packages/yaml/__init__.py
100755 blob 3673689c04045c5c5fa9e5d1aed2a5546e2fad52 2679264	batch4-backend/venv/lib/python3.12/site-packages/yaml/_yaml.cpython-312-x86_64-linux-gnu.so
100644 blob 6d15cb40e3b4198819c91c6f8d8b32807fcf53b2    4883	batch4-backend/venv/lib/python3.12/site-packages/yaml/composer.py
100644 blob 619acd3070a4845c653fcf22a626e05158035bc2   28639	batch4-backend/venv/lib/python3.12/site-packages/yaml/constructor.py
100644 blob 0c21345879b298bb8668201bebe7d289586b17f9    3851	batch4-backend/venv/lib/python3.12/site-packages/yaml/cyaml.py
100644 blob 6aadba551f3836b02f4752277f4b3027073defad    2837	batch4-backend/venv/lib/python3.12/site-packages/yaml/dumper.py
100644 blob a664d011162af69184df2f8e59ab7feec818f7c7   43006	batch4-backend/venv/lib/python3.12/site-packages/yaml/emitter.py
100644 blob b796b4dc519512c4825ff539a2e6aa20f4d370d0    2533	batch4-backend/venv/lib/python3.12/site-packages/yaml/error.py
100644 blob f79ad389cb6c9517e391dcd25534866bc9ccd36a    2445	batch4-backend/venv/lib/python3.12/site-packages/yaml/events.py
100644 blob e90c11224c38e559cdf0cb205f0692ebd4fb8681    2061	batch4-backend/venv/lib/python3.12/site-packages/yaml/loader.py
100644 blob c4f070c41e1fb1bc01af27d69329e92dded38908    1440	batch4-backend/venv/lib/python3.12/site-packages/yaml/nodes.py
100644 blob 13a5995d292045d0f865a99abf692bd35dc87814   25495	batch4-backend/venv/lib/python3.12/site-packages/yaml/parser.py
100644 blob 774b0219b5932a0ee1c27e637371de5ba8d9cb16    6794	batch4-backend/venv/lib/python3.12/site-packages/yaml/reader.py
100644 blob 808ca06dfbd60c9a23eb079151b74a82ef688749   14190	batch4-backend/venv/lib/python3.12/site-packages/yaml/representer.py
100644 blob 3522bdaaf6358110b608f4e6503b9d314c82d887    9004	batch4-backend/venv/lib/python3.12/site-packages/yaml/resolver.py
100644 blob de925b07f1eaec33c9c305a8a69f9eb7ac5983c5   51279	batch4-backend/venv/lib/python3.12/site-packages/yaml/scanner.py
100644 blob fe911e67ae7a739abb491fbbc6834b9c37bbda4b    4165	batch4-backend/venv/lib/python3.12/site-packages/yaml/serializer.py
100644 blob 4d0b48a394ac8c019b401516a12f688df361cf90    2573	batch4-backend/venv/lib/python3.12/site-packages/yaml/tokens.py
120000 blob 7951405f85a569efbacc12fccfee529ef1866602       3	batch4-backend/venv/lib64
100644 blob 5c28024a346560476cf0ec7c7b49e345ab831b1f     215	batch4-backend/venv/pyvenv.cfg
